image_name,category_id,split,image_path,label
img/Boho_Doll_Paisley_Joggers/img_00000015.jpg,29,test,data/raw/deepfashion/img/Boho_Doll_Paisley_Joggers/img_00000015.jpg,dress
img/Mineral_Wash_Cuffed_Denim_Shorts/img_00000017.jpg,32,test,data/raw/deepfashion/img/Mineral_Wash_Cuffed_Denim_Shorts/img_00000017.jpg,dress
img/Favorite_Ankle_Leggings/img_00000002.jpg,30,test,data/raw/deepfashion/img/Favorite_Ankle_Leggings/img_00000002.jpg,dress
img/Diagonal_Plaid_Skirt/img_00000045.jpg,33,test,data/raw/deepfashion/img/Diagonal_Plaid_Skirt/img_00000045.jpg,dress
img/Checkered_Leggings/img_00000024.jpg,30,test,data/raw/deepfashion/img/Checkered_Leggings/img_00000024.jpg,dress
img/Tropical_Hibiscus_Drawstring_Shorts/img_00000027.jpg,32,test,data/raw/deepfashion/img/Tropical_Hibiscus_Drawstring_Shorts/img_00000027.jpg,dress
img/Cable_Knit_Mock-Neck_Sweater/img_00000021.jpg,16,test,data/raw/deepfashion/img/Cable_Knit_Mock-Neck_Sweater/img_00000021.jpg,dress
img/Refined_Twill_Shorts/img_00000017.jpg,32,test,data/raw/deepfashion/img/Refined_Twill_Shorts/img_00000017.jpg,dress
img/Houndstooth_Plaid_Shorts/img_00000003.jpg,32,test,data/raw/deepfashion/img/Houndstooth_Plaid_Shorts/img_00000003.jpg,dress
img/Distressed_Denim_Bermuda_Shorts/img_00000076.jpg,32,test,data/raw/deepfashion/img/Distressed_Denim_Bermuda_Shorts/img_00000076.jpg,dress
img/Fold-Over_Capri_Leggings/img_00000056.jpg,30,test,data/raw/deepfashion/img/Fold-Over_Capri_Leggings/img_00000056.jpg,dress
img/Heathered_Mesh-Paneled_Leggings/img_00000010.jpg,30,test,data/raw/deepfashion/img/Heathered_Mesh-Paneled_Leggings/img_00000010.jpg,dress
img/Diagonal_Plaid_Skirt/img_00000018.jpg,33,test,data/raw/deepfashion/img/Diagonal_Plaid_Skirt/img_00000018.jpg,dress
img/Cable-Knit_Pencil_Skirt/img_00000015.jpg,33,test,data/raw/deepfashion/img/Cable-Knit_Pencil_Skirt/img_00000015.jpg,dress
img/Abstract_Grid_Print_Pleated_Shorts/img_00000029.jpg,32,test,data/raw/deepfashion/img/Abstract_Grid_Print_Pleated_Shorts/img_00000029.jpg,dress
img/Faux_Leather_A-Line_Skirt/img_00000040.jpg,33,test,data/raw/deepfashion/img/Faux_Leather_A-Line_Skirt/img_00000040.jpg,dress
img/Chevron_Knit_Crewneck_Sweater/img_00000046.jpg,16,test,data/raw/deepfashion/img/Chevron_Knit_Crewneck_Sweater/img_00000046.jpg,dress
img/Scarf-Print_Pencil_Skirt/img_00000054.jpg,33,test,data/raw/deepfashion/img/Scarf-Print_Pencil_Skirt/img_00000054.jpg,dress
img/Smocked_Ruffle-Trim_Shorts/img_00000017.jpg,32,test,data/raw/deepfashion/img/Smocked_Ruffle-Trim_Shorts/img_00000017.jpg,dress
img/Baroque_Print_Shorts/img_00000029.jpg,32,test,data/raw/deepfashion/img/Baroque_Print_Shorts/img_00000029.jpg,dress
img/Cuffed_Chino_Shorts/img_00000008.jpg,32,test,data/raw/deepfashion/img/Cuffed_Chino_Shorts/img_00000008.jpg,dress
img/Cotton_&_Linen_Pleated_Shorts/img_00000046.jpg,32,test,data/raw/deepfashion/img/Cotton_&_Linen_Pleated_Shorts/img_00000046.jpg,dress
img/Textured_Damask_Mini_Skirt/img_00000006.jpg,33,test,data/raw/deepfashion/img/Textured_Damask_Mini_Skirt/img_00000006.jpg,dress
img/Linen-Blend_Drawstring_Shorts/img_00000011.jpg,32,test,data/raw/deepfashion/img/Linen-Blend_Drawstring_Shorts/img_00000011.jpg,dress
img/Knit_Crew_Neck_Sweater/img_00000011.jpg,16,test,data/raw/deepfashion/img/Knit_Crew_Neck_Sweater/img_00000011.jpg,dress
img/Collared_Crossover_Sweater_Coat/img_00000007.jpg,39,test,data/raw/deepfashion/img/Collared_Crossover_Sweater_Coat/img_00000007.jpg,dress
img/Garment_Dyed_Chino_Joggers/img_00000063.jpg,29,test,data/raw/deepfashion/img/Garment_Dyed_Chino_Joggers/img_00000063.jpg,dress
img/High_Slit_Midi_Skirt/img_00000002.jpg,33,test,data/raw/deepfashion/img/High_Slit_Midi_Skirt/img_00000002.jpg,dress
img/Fuzzy_Striped_Sweater/img_00000020.jpg,16,test,data/raw/deepfashion/img/Fuzzy_Striped_Sweater/img_00000020.jpg,dress
img/Miami_Heat_Athletic_Shorts/img_00000014.jpg,32,test,data/raw/deepfashion/img/Miami_Heat_Athletic_Shorts/img_00000014.jpg,dress
img/Striped_Sweater/img_00000050.jpg,16,test,data/raw/deepfashion/img/Striped_Sweater/img_00000050.jpg,dress
img/Pleated_Faux_Leather_Skirt/img_00000041.jpg,33,test,data/raw/deepfashion/img/Pleated_Faux_Leather_Skirt/img_00000041.jpg,dress
img/Southwestern-Patterned_Shorts/img_00000031.jpg,32,test,data/raw/deepfashion/img/Southwestern-Patterned_Shorts/img_00000031.jpg,dress
img/Southwestern_Print_Pleated_Skirt/img_00000007.jpg,33,test,data/raw/deepfashion/img/Southwestern_Print_Pleated_Skirt/img_00000007.jpg,dress
img/Classic_Pleated_Shorts/img_00000013.jpg,32,test,data/raw/deepfashion/img/Classic_Pleated_Shorts/img_00000013.jpg,dress
img/Colorblock_Performance_Shorts/img_00000026.jpg,32,test,data/raw/deepfashion/img/Colorblock_Performance_Shorts/img_00000026.jpg,dress
img/Embroidered_Mini_Skirt/img_00000007.jpg,33,test,data/raw/deepfashion/img/Embroidered_Mini_Skirt/img_00000007.jpg,dress
img/Quilted_Chevron_Sweatpants/img_00000024.jpg,34,test,data/raw/deepfashion/img/Quilted_Chevron_Sweatpants/img_00000024.jpg,dress
img/Performance_Workout_Shorts/img_00000070.jpg,32,test,data/raw/deepfashion/img/Performance_Workout_Shorts/img_00000070.jpg,dress
img/Boxy_Open-Knit_Sweater/img_00000053.jpg,16,test,data/raw/deepfashion/img/Boxy_Open-Knit_Sweater/img_00000053.jpg,dress
img/Knit_Bandage_Skirt/img_00000023.jpg,33,test,data/raw/deepfashion/img/Knit_Bandage_Skirt/img_00000023.jpg,dress
img/Textured_Stripe_Cowl_Neck_Sweater/img_00000047.jpg,16,test,data/raw/deepfashion/img/Textured_Stripe_Cowl_Neck_Sweater/img_00000047.jpg,dress
img/Scuba_Knit_Paneled_Leggings/img_00000018.jpg,30,test,data/raw/deepfashion/img/Scuba_Knit_Paneled_Leggings/img_00000018.jpg,dress
img/Cable_Knit_Turtleneck_Sweater/img_00000066.jpg,16,test,data/raw/deepfashion/img/Cable_Knit_Turtleneck_Sweater/img_00000066.jpg,dress
img/Abstract_Print_Workout_Leggings/img_00000031.jpg,30,test,data/raw/deepfashion/img/Abstract_Print_Workout_Leggings/img_00000031.jpg,dress
img/Seamless_Athletic_Capri_Leggings/img_00000013.jpg,30,test,data/raw/deepfashion/img/Seamless_Athletic_Capri_Leggings/img_00000013.jpg,dress
img/Oversized_Floral_Print_Sweatshorts/img_00000017.jpg,35,test,data/raw/deepfashion/img/Oversized_Floral_Print_Sweatshorts/img_00000017.jpg,dress
img/Classic_Pencil_Skirt/img_00000079.jpg,33,test,data/raw/deepfashion/img/Classic_Pencil_Skirt/img_00000079.jpg,dress
img/Side_Pocket_Capri_Leggings/img_00000033.jpg,30,test,data/raw/deepfashion/img/Side_Pocket_Capri_Leggings/img_00000033.jpg,dress
img/Live_to_Love_Heathered_Sweatpants/img_00000023.jpg,34,test,data/raw/deepfashion/img/Live_to_Love_Heathered_Sweatpants/img_00000023.jpg,dress
img/Faux_Leather-Paneled_Sweatpants/img_00000020.jpg,34,test,data/raw/deepfashion/img/Faux_Leather-Paneled_Sweatpants/img_00000020.jpg,dress
img/Classic_Hooded_Duffle_Coat/img_00000043.jpg,39,test,data/raw/deepfashion/img/Classic_Hooded_Duffle_Coat/img_00000043.jpg,dress
img/Yoga_Capri_Leggings/img_00000018.jpg,30,test,data/raw/deepfashion/img/Yoga_Capri_Leggings/img_00000018.jpg,dress
img/Ombre_Denim_Shorts/img_00000067.jpg,32,test,data/raw/deepfashion/img/Ombre_Denim_Shorts/img_00000067.jpg,dress
img/Semi-Sheer_Striped_Sweater/img_00000030.jpg,16,test,data/raw/deepfashion/img/Semi-Sheer_Striped_Sweater/img_00000030.jpg,dress
img/Heathered_Woven_Running_Shorts/img_00000016.jpg,32,test,data/raw/deepfashion/img/Heathered_Woven_Running_Shorts/img_00000016.jpg,dress
img/Mesh-Paneled_Workout_Shorts/img_00000006.jpg,32,test,data/raw/deepfashion/img/Mesh-Paneled_Workout_Shorts/img_00000006.jpg,dress
img/Trouble_Sweater/img_00000064.jpg,16,test,data/raw/deepfashion/img/Trouble_Sweater/img_00000064.jpg,dress
img/Herringbone_Denim_Coat/img_00000008.jpg,39,test,data/raw/deepfashion/img/Herringbone_Denim_Coat/img_00000008.jpg,dress
img/Pardon_Marled_Sweater/img_00000005.jpg,16,test,data/raw/deepfashion/img/Pardon_Marled_Sweater/img_00000005.jpg,dress
img/Rolled-Edge_Sweater/img_00000044.jpg,16,test,data/raw/deepfashion/img/Rolled-Edge_Sweater/img_00000044.jpg,dress
img/Scalloped_Crochet_Skirt/img_00000040.jpg,33,test,data/raw/deepfashion/img/Scalloped_Crochet_Skirt/img_00000040.jpg,dress
img/Tribal_Print_Drawstring_Joggers/img_00000040.jpg,29,test,data/raw/deepfashion/img/Tribal_Print_Drawstring_Joggers/img_00000040.jpg,dress
img/Colorblocked_Scoop_Neck_Sweater/img_00000007.jpg,16,test,data/raw/deepfashion/img/Colorblocked_Scoop_Neck_Sweater/img_00000007.jpg,dress
img/Brushstroke_Print_Sweatpants/img_00000002.jpg,34,test,data/raw/deepfashion/img/Brushstroke_Print_Sweatpants/img_00000002.jpg,dress
img/Classic_Slouchy_Sweater/img_00000007.jpg,16,test,data/raw/deepfashion/img/Classic_Slouchy_Sweater/img_00000007.jpg,dress
img/Paisley_Pattern_Pencil_Skirt/img_00000066.jpg,33,test,data/raw/deepfashion/img/Paisley_Pattern_Pencil_Skirt/img_00000066.jpg,dress
img/Pintucked_Mini_Skirt/img_00000013.jpg,33,test,data/raw/deepfashion/img/Pintucked_Mini_Skirt/img_00000013.jpg,dress
img/Woven_Cargo_Joggers/img_00000020.jpg,29,test,data/raw/deepfashion/img/Woven_Cargo_Joggers/img_00000020.jpg,dress
img/Classic_Double-Breasted_Trench_Coat/img_00000029.jpg,39,test,data/raw/deepfashion/img/Classic_Double-Breasted_Trench_Coat/img_00000029.jpg,dress
img/Acid_Wash_Denim_Joggers/img_00000047.jpg,29,test,data/raw/deepfashion/img/Acid_Wash_Denim_Joggers/img_00000047.jpg,dress
img/Striped_Sweater/img_00000048.jpg,16,test,data/raw/deepfashion/img/Striped_Sweater/img_00000048.jpg,dress
img/Southwestern_Pattern_Sweater/img_00000019.jpg,16,test,data/raw/deepfashion/img/Southwestern_Pattern_Sweater/img_00000019.jpg,dress
img/Fuzzy_Eyelash_Knit_Sweater/img_00000008.jpg,16,test,data/raw/deepfashion/img/Fuzzy_Eyelash_Knit_Sweater/img_00000008.jpg,dress
img/Heathered_Drawstring_Sweatpants/img_00000003.jpg,34,test,data/raw/deepfashion/img/Heathered_Drawstring_Sweatpants/img_00000003.jpg,dress
img/Tasseled-Hem_Floral_Shorts/img_00000008.jpg,32,test,data/raw/deepfashion/img/Tasseled-Hem_Floral_Shorts/img_00000008.jpg,dress
img/High-Waisted_Rose_Print_Shorts/img_00000041.jpg,32,test,data/raw/deepfashion/img/High-Waisted_Rose_Print_Shorts/img_00000041.jpg,dress
img/Striped_Seersucker_Shorts/img_00000010.jpg,32,test,data/raw/deepfashion/img/Striped_Seersucker_Shorts/img_00000010.jpg,dress
img/Grid_Print_Zippered_Skirt/img_00000009.jpg,33,test,data/raw/deepfashion/img/Grid_Print_Zippered_Skirt/img_00000009.jpg,dress
img/Leopard_Print_Skater_Skirt/img_00000055.jpg,33,test,data/raw/deepfashion/img/Leopard_Print_Skater_Skirt/img_00000055.jpg,dress
img/Butterfly_Print_Scuba_Knit_Skirt/img_00000036.jpg,33,test,data/raw/deepfashion/img/Butterfly_Print_Scuba_Knit_Skirt/img_00000036.jpg,dress
img/Daisy-Embroidered_Denim_Shorts/img_00000035.jpg,32,test,data/raw/deepfashion/img/Daisy-Embroidered_Denim_Shorts/img_00000035.jpg,dress
img/Faux_Leather_Drawstring_Joggers/img_00000007.jpg,29,test,data/raw/deepfashion/img/Faux_Leather_Drawstring_Joggers/img_00000007.jpg,dress
img/Striped_A-Line_Skirt/img_00000062.jpg,33,test,data/raw/deepfashion/img/Striped_A-Line_Skirt/img_00000062.jpg,dress
img/Butterfly_Print_Scuba_Knit_Skirt/img_00000019.jpg,33,test,data/raw/deepfashion/img/Butterfly_Print_Scuba_Knit_Skirt/img_00000019.jpg,dress
img/Abstract_Print_Pleated_Skirt/img_00000014.jpg,33,test,data/raw/deepfashion/img/Abstract_Print_Pleated_Skirt/img_00000014.jpg,dress
img/Medium_Wash_Distressed_Denim_Shorts/img_00000006.jpg,32,test,data/raw/deepfashion/img/Medium_Wash_Distressed_Denim_Shorts/img_00000006.jpg,dress
img/Marled_Drawstring_Joggers/img_00000027.jpg,29,test,data/raw/deepfashion/img/Marled_Drawstring_Joggers/img_00000027.jpg,dress
img/Rose_Print_Mini_Skirt/img_00000015.jpg,33,test,data/raw/deepfashion/img/Rose_Print_Mini_Skirt/img_00000015.jpg,dress
img/Perfomance_Leggings/img_00000056.jpg,30,test,data/raw/deepfashion/img/Perfomance_Leggings/img_00000056.jpg,dress
img/Metallic_Knit_Shorts/img_00000032.jpg,32,test,data/raw/deepfashion/img/Metallic_Knit_Shorts/img_00000032.jpg,dress
img/Giraffe_Print_Sweatshorts/img_00000003.jpg,35,test,data/raw/deepfashion/img/Giraffe_Print_Sweatshorts/img_00000003.jpg,dress
img/Open-Front_Coat/img_00000057.jpg,39,test,data/raw/deepfashion/img/Open-Front_Coat/img_00000057.jpg,dress
img/Fox_Parade_Sweater/img_00000023.jpg,16,test,data/raw/deepfashion/img/Fox_Parade_Sweater/img_00000023.jpg,dress
img/Faux_Leather_Midi_Pencil_Skirt/img_00000054.jpg,33,test,data/raw/deepfashion/img/Faux_Leather_Midi_Pencil_Skirt/img_00000054.jpg,dress
img/Watercolor_Paneled_Sweater/img_00000010.jpg,16,test,data/raw/deepfashion/img/Watercolor_Paneled_Sweater/img_00000010.jpg,dress
img/Watercolor_Floral_Print_Shorts/img_00000031.jpg,32,test,data/raw/deepfashion/img/Watercolor_Floral_Print_Shorts/img_00000031.jpg,dress
img/Space_Dye_Waist_Running_Shorts/img_00000019.jpg,32,test,data/raw/deepfashion/img/Space_Dye_Waist_Running_Shorts/img_00000019.jpg,dress
img/Mandala_Print_Skirt/img_00000026.jpg,33,test,data/raw/deepfashion/img/Mandala_Print_Skirt/img_00000026.jpg,dress
img/Eyelet_Lace_Bodycon_Skirt/img_00000032.jpg,33,test,data/raw/deepfashion/img/Eyelet_Lace_Bodycon_Skirt/img_00000032.jpg,dress
img/Tribal_Print_Joggers/img_00000045.jpg,29,test,data/raw/deepfashion/img/Tribal_Print_Joggers/img_00000045.jpg,dress
img/Classic_Toggle_Coat/img_00000025.jpg,39,test,data/raw/deepfashion/img/Classic_Toggle_Coat/img_00000025.jpg,dress
img/French_Terry_Sweatshorts/img_00000021.jpg,35,test,data/raw/deepfashion/img/French_Terry_Sweatshorts/img_00000021.jpg,dress
img/French_Terry_Shorts/img_00000028.jpg,32,test,data/raw/deepfashion/img/French_Terry_Shorts/img_00000028.jpg,dress
img/Internet_Graphic_Sweater/img_00000017.jpg,16,test,data/raw/deepfashion/img/Internet_Graphic_Sweater/img_00000017.jpg,dress
img/Favorite_Scuba-Knit_Skirt/img_00000027.jpg,33,test,data/raw/deepfashion/img/Favorite_Scuba-Knit_Skirt/img_00000027.jpg,dress
img/Chunky_Knit_Sweater/img_00000027.jpg,16,test,data/raw/deepfashion/img/Chunky_Knit_Sweater/img_00000027.jpg,dress
img/Soft_Knit_Leggings/img_00000007.jpg,30,test,data/raw/deepfashion/img/Soft_Knit_Leggings/img_00000007.jpg,dress
img/Pleated_Chiffon_Skirt/img_00000082.jpg,33,test,data/raw/deepfashion/img/Pleated_Chiffon_Skirt/img_00000082.jpg,dress
img/Linen_Chambray_Shorts/img_00000012.jpg,32,test,data/raw/deepfashion/img/Linen_Chambray_Shorts/img_00000012.jpg,dress
img/Woven_Pencil_Skirt/img_00000034.jpg,33,test,data/raw/deepfashion/img/Woven_Pencil_Skirt/img_00000034.jpg,dress
img/Pleated_Paisley_Print_Skirt/img_00000006.jpg,33,test,data/raw/deepfashion/img/Pleated_Paisley_Print_Skirt/img_00000006.jpg,dress
img/Double-Breasted_Trench_Coat/img_00000075.jpg,39,test,data/raw/deepfashion/img/Double-Breasted_Trench_Coat/img_00000075.jpg,dress
img/Colorblocked_Yoga_Shorts/img_00000005.jpg,32,test,data/raw/deepfashion/img/Colorblocked_Yoga_Shorts/img_00000005.jpg,dress
img/Marled_Knit_Boxy_Sweater/img_00000008.jpg,16,test,data/raw/deepfashion/img/Marled_Knit_Boxy_Sweater/img_00000008.jpg,dress
img/Tropical_Floral_Leggings/img_00000032.jpg,30,test,data/raw/deepfashion/img/Tropical_Floral_Leggings/img_00000032.jpg,dress
img/Abstract_Print_French_Terry_Shorts/img_00000023.jpg,32,test,data/raw/deepfashion/img/Abstract_Print_French_Terry_Shorts/img_00000023.jpg,dress
img/High_Intensity_Running_Leggings/img_00000012.jpg,30,test,data/raw/deepfashion/img/High_Intensity_Running_Leggings/img_00000012.jpg,dress
img/Striped_V-Neck_Sweater/img_00000028.jpg,16,test,data/raw/deepfashion/img/Striped_V-Neck_Sweater/img_00000028.jpg,dress
img/Draped_Shawl_Collar_Coat/img_00000008.jpg,39,test,data/raw/deepfashion/img/Draped_Shawl_Collar_Coat/img_00000008.jpg,dress
img/Fair_Isle_Crew_Neck_Sweater/img_00000075.jpg,16,test,data/raw/deepfashion/img/Fair_Isle_Crew_Neck_Sweater/img_00000075.jpg,dress
img/Paneled_Camo_Joggers/img_00000034.jpg,29,test,data/raw/deepfashion/img/Paneled_Camo_Joggers/img_00000034.jpg,dress
img/Drop-Sleeve_V-Neck_Sweater/img_00000029.jpg,16,test,data/raw/deepfashion/img/Drop-Sleeve_V-Neck_Sweater/img_00000029.jpg,dress
img/Crepe_Pencil_Skirt/img_00000001.jpg,33,test,data/raw/deepfashion/img/Crepe_Pencil_Skirt/img_00000001.jpg,dress
img/Nautical_Striped_Sweater/img_00000011.jpg,16,test,data/raw/deepfashion/img/Nautical_Striped_Sweater/img_00000011.jpg,dress
img/Diamond_Print_Shorts/img_00000049.jpg,32,test,data/raw/deepfashion/img/Diamond_Print_Shorts/img_00000049.jpg,dress
img/Colorblocked_Raglan_Sweater/img_00000030.jpg,16,test,data/raw/deepfashion/img/Colorblocked_Raglan_Sweater/img_00000030.jpg,dress
img/Floral_Print_Leggings/img_00000013.jpg,30,test,data/raw/deepfashion/img/Floral_Print_Leggings/img_00000013.jpg,dress
img/Marled_Tuxedo-Stripe_Joggers/img_00000036.jpg,29,test,data/raw/deepfashion/img/Marled_Tuxedo-Stripe_Joggers/img_00000036.jpg,dress
img/Faux_Leather_Trimmed_Utility_Coat/img_00000007.jpg,39,test,data/raw/deepfashion/img/Faux_Leather_Trimmed_Utility_Coat/img_00000007.jpg,dress
img/Floral_Print_Crochet_Hem_Shorts/img_00000019.jpg,32,test,data/raw/deepfashion/img/Floral_Print_Crochet_Hem_Shorts/img_00000019.jpg,dress
img/Classic_Knit_Sweater/img_00000004.jpg,16,test,data/raw/deepfashion/img/Classic_Knit_Sweater/img_00000004.jpg,dress
img/Classic_Cuffed_Shorts/img_00000041.jpg,32,test,data/raw/deepfashion/img/Classic_Cuffed_Shorts/img_00000041.jpg,dress
img/Abstract_Brushstroke_Sweater/img_00000038.jpg,16,test,data/raw/deepfashion/img/Abstract_Brushstroke_Sweater/img_00000038.jpg,dress
img/Cozy_Cropped_Sweater/img_00000045.jpg,16,test,data/raw/deepfashion/img/Cozy_Cropped_Sweater/img_00000045.jpg,dress
img/Faux_Leather_Midi_Pencil_Skirt/img_00000073.jpg,33,test,data/raw/deepfashion/img/Faux_Leather_Midi_Pencil_Skirt/img_00000073.jpg,dress
img/Polka_Dot_Knit_Pencil_Skirt/img_00000010.jpg,33,test,data/raw/deepfashion/img/Polka_Dot_Knit_Pencil_Skirt/img_00000010.jpg,dress
img/Pleated_Bermuda_Shorts/img_00000028.jpg,32,test,data/raw/deepfashion/img/Pleated_Bermuda_Shorts/img_00000028.jpg,dress
img/Heathered_Stripe-Waist_Capri_Leggings/img_00000033.jpg,30,test,data/raw/deepfashion/img/Heathered_Stripe-Waist_Capri_Leggings/img_00000033.jpg,dress
img/Striped_Waist_Leggings/img_00000020.jpg,30,test,data/raw/deepfashion/img/Striped_Waist_Leggings/img_00000020.jpg,dress
img/Heathered_Cities_Graphic_Sweater/img_00000016.jpg,16,test,data/raw/deepfashion/img/Heathered_Cities_Graphic_Sweater/img_00000016.jpg,dress
img/Open-Knit_Poncho_Sweater/img_00000021.jpg,16,test,data/raw/deepfashion/img/Open-Knit_Poncho_Sweater/img_00000021.jpg,dress
img/Contrast_Drawstring_Denim_Shorts/img_00000025.jpg,32,test,data/raw/deepfashion/img/Contrast_Drawstring_Denim_Shorts/img_00000025.jpg,dress
img/Oil_Slick_Workout_Leggings/img_00000016.jpg,30,test,data/raw/deepfashion/img/Oil_Slick_Workout_Leggings/img_00000016.jpg,dress
img/Contrast-Front_Knit_Sweater/img_00000008.jpg,16,test,data/raw/deepfashion/img/Contrast-Front_Knit_Sweater/img_00000008.jpg,dress
img/Ornate_Paisley_Maxi_Skirt/img_00000021.jpg,33,test,data/raw/deepfashion/img/Ornate_Paisley_Maxi_Skirt/img_00000021.jpg,dress
img/Textured_Geo_Skater_Skirt/img_00000004.jpg,33,test,data/raw/deepfashion/img/Textured_Geo_Skater_Skirt/img_00000004.jpg,dress
img/Yoga_Capri_Leggings/img_00000054.jpg,30,test,data/raw/deepfashion/img/Yoga_Capri_Leggings/img_00000054.jpg,dress
img/Acid_Washed_Denim_Skater_Skirt/img_00000055.jpg,33,test,data/raw/deepfashion/img/Acid_Washed_Denim_Skater_Skirt/img_00000055.jpg,dress
img/Ditsy_Floral_Skater_Skirt/img_00000020.jpg,33,test,data/raw/deepfashion/img/Ditsy_Floral_Skater_Skirt/img_00000020.jpg,dress
img/Rhinestone_Beaded_Fuzzy_Sweater/img_00000026.jpg,16,test,data/raw/deepfashion/img/Rhinestone_Beaded_Fuzzy_Sweater/img_00000026.jpg,dress
img/Bohemian_Floral_Mini_Skirt/img_00000018.jpg,33,test,data/raw/deepfashion/img/Bohemian_Floral_Mini_Skirt/img_00000018.jpg,dress
img/Classic_Oxford_Shorts/img_00000030.jpg,32,test,data/raw/deepfashion/img/Classic_Oxford_Shorts/img_00000030.jpg,dress
img/Giraffe_Print_Shorts/img_00000009.jpg,32,test,data/raw/deepfashion/img/Giraffe_Print_Shorts/img_00000009.jpg,dress
img/Floral_Print_PJ_Shorts/img_00000015.jpg,32,test,data/raw/deepfashion/img/Floral_Print_PJ_Shorts/img_00000015.jpg,dress
img/Easy_Chino_Shorts/img_00000009.jpg,32,test,data/raw/deepfashion/img/Easy_Chino_Shorts/img_00000009.jpg,dress
img/Buttoned_Polka_Dot_Maxi_Skirt/img_00000031.jpg,33,test,data/raw/deepfashion/img/Buttoned_Polka_Dot_Maxi_Skirt/img_00000031.jpg,dress
img/Tile_Print_Drawstring_Caftan/img_00000045.jpg,37,test,data/raw/deepfashion/img/Tile_Print_Drawstring_Caftan/img_00000045.jpg,dress
img/Rose_Print_Drawstring_Shorts/img_00000025.jpg,32,test,data/raw/deepfashion/img/Rose_Print_Drawstring_Shorts/img_00000025.jpg,dress
img/Clear_Cut_High-Waisted_Shorts/img_00000007.jpg,32,test,data/raw/deepfashion/img/Clear_Cut_High-Waisted_Shorts/img_00000007.jpg,dress
img/Baroque_Print_Drawstring_Shorts/img_00000037.jpg,32,test,data/raw/deepfashion/img/Baroque_Print_Drawstring_Shorts/img_00000037.jpg,dress
img/Woven_Trench_Coat/img_00000020.jpg,39,test,data/raw/deepfashion/img/Woven_Trench_Coat/img_00000020.jpg,dress
img/Stretch-Knit_A-Line_Skirt/img_00000010.jpg,33,test,data/raw/deepfashion/img/Stretch-Knit_A-Line_Skirt/img_00000010.jpg,dress
img/Cargo_Joggers/img_00000016.jpg,29,test,data/raw/deepfashion/img/Cargo_Joggers/img_00000016.jpg,dress
img/Organza_Overlay_Sweater/img_00000042.jpg,16,test,data/raw/deepfashion/img/Organza_Overlay_Sweater/img_00000042.jpg,dress
img/Heathered_Mesh-Paneled_Leggings/img_00000022.jpg,30,test,data/raw/deepfashion/img/Heathered_Mesh-Paneled_Leggings/img_00000022.jpg,dress
img/Piqu&eacute;_Knit_Sweatpants/img_00000022.jpg,34,test,data/raw/deepfashion/img/Piqu&eacute;_Knit_Sweatpants/img_00000022.jpg,dress
img/Cable_Knit_Mock-Neck_Sweater/img_00000062.jpg,16,test,data/raw/deepfashion/img/Cable_Knit_Mock-Neck_Sweater/img_00000062.jpg,dress
img/Textured_Stripe_Cowl_Neck_Sweater/img_00000010.jpg,16,test,data/raw/deepfashion/img/Textured_Stripe_Cowl_Neck_Sweater/img_00000010.jpg,dress
img/Textured_Flat-Front_Shorts/img_00000012.jpg,32,test,data/raw/deepfashion/img/Textured_Flat-Front_Shorts/img_00000012.jpg,dress
img/Pleated_Floral_Plaid_Skirt/img_00000025.jpg,33,test,data/raw/deepfashion/img/Pleated_Floral_Plaid_Skirt/img_00000025.jpg,dress
img/Classic_Cuffed_Shorts/img_00000013.jpg,32,test,data/raw/deepfashion/img/Classic_Cuffed_Shorts/img_00000013.jpg,dress
img/Side-Slit_Knit_Sweater/img_00000048.jpg,16,test,data/raw/deepfashion/img/Side-Slit_Knit_Sweater/img_00000048.jpg,dress
img/Abstract_Print_Performance_Shorts/img_00000019.jpg,32,test,data/raw/deepfashion/img/Abstract_Print_Performance_Shorts/img_00000019.jpg,dress
img/Ombre_Denim_Shorts/img_00000054.jpg,32,test,data/raw/deepfashion/img/Ombre_Denim_Shorts/img_00000054.jpg,dress
img/Ruffled_Trim_Sweater/img_00000033.jpg,16,test,data/raw/deepfashion/img/Ruffled_Trim_Sweater/img_00000033.jpg,dress
img/Rhinestone_Beaded_Sweater/img_00000010.jpg,16,test,data/raw/deepfashion/img/Rhinestone_Beaded_Sweater/img_00000010.jpg,dress
img/Pleated_Maxi_Skirt/img_00000012.jpg,33,test,data/raw/deepfashion/img/Pleated_Maxi_Skirt/img_00000012.jpg,dress
img/Bleached_Denim_Joggers/img_00000053.jpg,29,test,data/raw/deepfashion/img/Bleached_Denim_Joggers/img_00000053.jpg,dress
img/Marled_Knit_Sweatpants/img_00000046.jpg,34,test,data/raw/deepfashion/img/Marled_Knit_Sweatpants/img_00000046.jpg,dress
img/Water_Print_Sarong/img_00000030.jpg,31,test,data/raw/deepfashion/img/Water_Print_Sarong/img_00000030.jpg,dress
img/Cloud_Wash_Denim_Shorts/img_00000023.jpg,32,test,data/raw/deepfashion/img/Cloud_Wash_Denim_Shorts/img_00000023.jpg,dress
img/Dip-Dye_Sweater/img_00000028.jpg,16,test,data/raw/deepfashion/img/Dip-Dye_Sweater/img_00000028.jpg,dress
img/Polka_Dot_Denim_Shorts/img_00000043.jpg,32,test,data/raw/deepfashion/img/Polka_Dot_Denim_Shorts/img_00000043.jpg,dress
img/Boxy_Turtleneck_Sweater/img_00000079.jpg,16,test,data/raw/deepfashion/img/Boxy_Turtleneck_Sweater/img_00000079.jpg,dress
img/Paisley_Print_Leggings/img_00000050.jpg,30,test,data/raw/deepfashion/img/Paisley_Print_Leggings/img_00000050.jpg,dress
img/Laid_Back_Striped_Sweater/img_00000005.jpg,16,test,data/raw/deepfashion/img/Laid_Back_Striped_Sweater/img_00000005.jpg,dress
img/Running_Seams_Workout_Leggings/img_00000040.jpg,30,test,data/raw/deepfashion/img/Running_Seams_Workout_Leggings/img_00000040.jpg,dress
img/Faux_Fur_Trimmed_A-Line_Coat/img_00000069.jpg,39,test,data/raw/deepfashion/img/Faux_Fur_Trimmed_A-Line_Coat/img_00000069.jpg,dress
img/Boho_Doll_Paisley_Joggers/img_00000048.jpg,29,test,data/raw/deepfashion/img/Boho_Doll_Paisley_Joggers/img_00000048.jpg,dress
img/Ruffled_Floral_Print_Shorts/img_00000018.jpg,32,test,data/raw/deepfashion/img/Ruffled_Floral_Print_Shorts/img_00000018.jpg,dress
img/Butterfly_Print_PJ_Shorts/img_00000037.jpg,32,test,data/raw/deepfashion/img/Butterfly_Print_PJ_Shorts/img_00000037.jpg,dress
img/Striped_Swim_Trunks/img_00000040.jpg,36,test,data/raw/deepfashion/img/Striped_Swim_Trunks/img_00000040.jpg,dress
img/Tribal_Pattern_Trouser_Shorts/img_00000020.jpg,32,test,data/raw/deepfashion/img/Tribal_Pattern_Trouser_Shorts/img_00000020.jpg,dress
img/Open_Knit_Crew_Neck_Sweater/img_00000038.jpg,16,test,data/raw/deepfashion/img/Open_Knit_Crew_Neck_Sweater/img_00000038.jpg,dress
img/Heathered_Knit_Pencil_Skirt/img_00000018.jpg,33,test,data/raw/deepfashion/img/Heathered_Knit_Pencil_Skirt/img_00000018.jpg,dress
img/Zippered_Denim_Shorts/img_00000033.jpg,32,test,data/raw/deepfashion/img/Zippered_Denim_Shorts/img_00000033.jpg,dress
img/Open-Front_Duster_Coat/img_00000005.jpg,39,test,data/raw/deepfashion/img/Open-Front_Duster_Coat/img_00000005.jpg,dress
img/Tie-Dye_Woven_Shorts/img_00000025.jpg,32,test,data/raw/deepfashion/img/Tie-Dye_Woven_Shorts/img_00000025.jpg,dress
img/Buttoned_Denim_Pencil_Skirt/img_00000038.jpg,33,test,data/raw/deepfashion/img/Buttoned_Denim_Pencil_Skirt/img_00000038.jpg,dress
img/Soft_Knit_Leggings/img_00000009.jpg,30,test,data/raw/deepfashion/img/Soft_Knit_Leggings/img_00000009.jpg,dress
img/Slouchy_Marled_Sweater/img_00000006.jpg,16,test,data/raw/deepfashion/img/Slouchy_Marled_Sweater/img_00000006.jpg,dress
img/Linen-Blend_Shorts/img_00000022.jpg,32,test,data/raw/deepfashion/img/Linen-Blend_Shorts/img_00000022.jpg,dress
img/Pleated_Tribal_Print_Skirt/img_00000008.jpg,33,test,data/raw/deepfashion/img/Pleated_Tribal_Print_Skirt/img_00000008.jpg,dress
img/Classic_Leggings/img_00000073.jpg,30,test,data/raw/deepfashion/img/Classic_Leggings/img_00000073.jpg,dress
img/Abstract_Print_Tulip-Front_Shorts/img_00000029.jpg,32,test,data/raw/deepfashion/img/Abstract_Print_Tulip-Front_Shorts/img_00000029.jpg,dress
img/Fold-Over_Yoga_Shorts/img_00000029.jpg,32,test,data/raw/deepfashion/img/Fold-Over_Yoga_Shorts/img_00000029.jpg,dress
img/Stretch-Knit_Pencil_Skirt/img_00000010.jpg,33,test,data/raw/deepfashion/img/Stretch-Knit_Pencil_Skirt/img_00000010.jpg,dress
img/Buttoned-Front_Denim_Shorts/img_00000023.jpg,32,test,data/raw/deepfashion/img/Buttoned-Front_Denim_Shorts/img_00000023.jpg,dress
img/Sequined_Mini_Skirt/img_00000068.jpg,33,test,data/raw/deepfashion/img/Sequined_Mini_Skirt/img_00000068.jpg,dress
img/Heathered_Paisley_Print_Sweatpants/img_00000002.jpg,34,test,data/raw/deepfashion/img/Heathered_Paisley_Print_Sweatpants/img_00000002.jpg,dress
img/Faux_Leather_&_Lace_Shorts/img_00000027.jpg,32,test,data/raw/deepfashion/img/Faux_Leather_&_Lace_Shorts/img_00000027.jpg,dress
img/Striped_Raglan_Sweater/img_00000041.jpg,16,test,data/raw/deepfashion/img/Striped_Raglan_Sweater/img_00000041.jpg,dress
img/Classic_Oxford_Shorts/img_00000044.jpg,32,test,data/raw/deepfashion/img/Classic_Oxford_Shorts/img_00000044.jpg,dress
img/Boxy_Turtleneck_Sweater/img_00000034.jpg,16,test,data/raw/deepfashion/img/Boxy_Turtleneck_Sweater/img_00000034.jpg,dress
img/Cuffed_Stretch_Knit_Shorts/img_00000016.jpg,32,test,data/raw/deepfashion/img/Cuffed_Stretch_Knit_Shorts/img_00000016.jpg,dress
img/Woven_Pleated_Shorts/img_00000040.jpg,32,test,data/raw/deepfashion/img/Woven_Pleated_Shorts/img_00000040.jpg,dress
img/Fitted_Ribbed-Knit_Sweater/img_00000047.jpg,16,test,data/raw/deepfashion/img/Fitted_Ribbed-Knit_Sweater/img_00000047.jpg,dress
img/Striped_Waist_Leggings/img_00000063.jpg,30,test,data/raw/deepfashion/img/Striped_Waist_Leggings/img_00000063.jpg,dress
img/Floral_Crochet_Sweater/img_00000032.jpg,16,test,data/raw/deepfashion/img/Floral_Crochet_Sweater/img_00000032.jpg,dress
img/Heathered_Zip_Pocket_Sweatshorts/img_00000029.jpg,35,test,data/raw/deepfashion/img/Heathered_Zip_Pocket_Sweatshorts/img_00000029.jpg,dress
img/Classic_Zippered_Joggers/img_00000027.jpg,29,test,data/raw/deepfashion/img/Classic_Zippered_Joggers/img_00000027.jpg,dress
img/Trouser_Shorts/img_00000055.jpg,32,test,data/raw/deepfashion/img/Trouser_Shorts/img_00000055.jpg,dress
img/Tie_Dye_Pencil_Skirt/img_00000032.jpg,33,test,data/raw/deepfashion/img/Tie_Dye_Pencil_Skirt/img_00000032.jpg,dress
img/Striped_Southwestern-Patterned_Shorts/img_00000012.jpg,32,test,data/raw/deepfashion/img/Striped_Southwestern-Patterned_Shorts/img_00000012.jpg,dress
img/Woven_Trench_Coat/img_00000031.jpg,39,test,data/raw/deepfashion/img/Woven_Trench_Coat/img_00000031.jpg,dress
img/Oil_Slick_Workout_Leggings/img_00000041.jpg,30,test,data/raw/deepfashion/img/Oil_Slick_Workout_Leggings/img_00000041.jpg,dress
img/Chevron-Quilted_Sweater/img_00000029.jpg,16,test,data/raw/deepfashion/img/Chevron-Quilted_Sweater/img_00000029.jpg,dress
img/Tribal_Print_Shorts/img_00000038.jpg,32,test,data/raw/deepfashion/img/Tribal_Print_Shorts/img_00000038.jpg,dress
img/High-Waisted_Denim_Shorts/img_00000066.jpg,32,test,data/raw/deepfashion/img/High-Waisted_Denim_Shorts/img_00000066.jpg,dress
img/Contrast_Marled_Knit_Sweater/img_00000011.jpg,16,test,data/raw/deepfashion/img/Contrast_Marled_Knit_Sweater/img_00000011.jpg,dress
img/Textured_Stripe_Cowl_Neck_Sweater/img_00000025.jpg,16,test,data/raw/deepfashion/img/Textured_Stripe_Cowl_Neck_Sweater/img_00000025.jpg,dress
img/Classic_Turtleneck_Sweater/img_00000012.jpg,16,test,data/raw/deepfashion/img/Classic_Turtleneck_Sweater/img_00000012.jpg,dress
img/Nubby_Knit_Sweater/img_00000005.jpg,16,test,data/raw/deepfashion/img/Nubby_Knit_Sweater/img_00000005.jpg,dress
img/Crinkled_Crepe_Joggers/img_00000007.jpg,29,test,data/raw/deepfashion/img/Crinkled_Crepe_Joggers/img_00000007.jpg,dress
img/American_Flag_Sweater/img_00000080.jpg,16,test,data/raw/deepfashion/img/American_Flag_Sweater/img_00000080.jpg,dress
img/Marled_Knit_Drawstring_Joggers/img_00000007.jpg,29,test,data/raw/deepfashion/img/Marled_Knit_Drawstring_Joggers/img_00000007.jpg,dress
img/Heart_Print_Denim_Shorts/img_00000036.jpg,32,test,data/raw/deepfashion/img/Heart_Print_Denim_Shorts/img_00000036.jpg,dress
img/Metallic-Threaded_Pointelle_Sweater/img_00000022.jpg,16,test,data/raw/deepfashion/img/Metallic-Threaded_Pointelle_Sweater/img_00000022.jpg,dress
img/Distressed_Overall_Shorts/img_00000003.jpg,32,test,data/raw/deepfashion/img/Distressed_Overall_Shorts/img_00000003.jpg,dress
img/Floral_Lace_Skater_Skirt/img_00000053.jpg,33,test,data/raw/deepfashion/img/Floral_Lace_Skater_Skirt/img_00000053.jpg,dress
img/Crepe_Drawstring_Joggers/img_00000054.jpg,29,test,data/raw/deepfashion/img/Crepe_Drawstring_Joggers/img_00000054.jpg,dress
img/Fuzzy_Eyelash_Knit_Sweater/img_00000006.jpg,16,test,data/raw/deepfashion/img/Fuzzy_Eyelash_Knit_Sweater/img_00000006.jpg,dress
img/Unstructured_Cargo_Shorts/img_00000008.jpg,32,test,data/raw/deepfashion/img/Unstructured_Cargo_Shorts/img_00000008.jpg,dress
img/Abstract_Diamond_Print_Shorts/img_00000013.jpg,32,test,data/raw/deepfashion/img/Abstract_Diamond_Print_Shorts/img_00000013.jpg,dress
img/Abstract_Print_Shorts/img_00000020.jpg,32,test,data/raw/deepfashion/img/Abstract_Print_Shorts/img_00000020.jpg,dress
img/Pleated_A-Line_Skirt/img_00000005.jpg,33,test,data/raw/deepfashion/img/Pleated_A-Line_Skirt/img_00000005.jpg,dress
img/Mesh-Paneled_Workout_Shorts/img_00000023.jpg,32,test,data/raw/deepfashion/img/Mesh-Paneled_Workout_Shorts/img_00000023.jpg,dress
img/Polka_Dot_Knit_Pencil_Skirt/img_00000011.jpg,33,test,data/raw/deepfashion/img/Polka_Dot_Knit_Pencil_Skirt/img_00000011.jpg,dress
img/Crepe_Pencil_Skirt/img_00000027.jpg,33,test,data/raw/deepfashion/img/Crepe_Pencil_Skirt/img_00000027.jpg,dress
img/Tartan_Plaid_PJ_Shorts/img_00000063.jpg,32,test,data/raw/deepfashion/img/Tartan_Plaid_PJ_Shorts/img_00000063.jpg,dress
img/Faux_Leather-Paneled_Shorts/img_00000020.jpg,32,test,data/raw/deepfashion/img/Faux_Leather-Paneled_Shorts/img_00000020.jpg,dress
img/Buttoned_Denim_Skirt/img_00000005.jpg,33,test,data/raw/deepfashion/img/Buttoned_Denim_Skirt/img_00000005.jpg,dress
img/Embroidered_Organza_Skirt/img_00000061.jpg,33,test,data/raw/deepfashion/img/Embroidered_Organza_Skirt/img_00000061.jpg,dress
img/Crepe_Woven_Skater_Skirt/img_00000055.jpg,33,test,data/raw/deepfashion/img/Crepe_Woven_Skater_Skirt/img_00000055.jpg,dress
img/Deep_V-Neck_Sweater/img_00000040.jpg,16,test,data/raw/deepfashion/img/Deep_V-Neck_Sweater/img_00000040.jpg,dress
img/Sequined_Mini_Skirt/img_00000022.jpg,33,test,data/raw/deepfashion/img/Sequined_Mini_Skirt/img_00000022.jpg,dress
img/Woven_Dolphin_Shorts/img_00000030.jpg,32,test,data/raw/deepfashion/img/Woven_Dolphin_Shorts/img_00000030.jpg,dress
img/Space_Dye_Capri_Leggings/img_00000043.jpg,30,test,data/raw/deepfashion/img/Space_Dye_Capri_Leggings/img_00000043.jpg,dress
img/Eyelash_Lace_Maxi_Skirt/img_00000019.jpg,33,test,data/raw/deepfashion/img/Eyelash_Lace_Maxi_Skirt/img_00000019.jpg,dress
img/Side-Slit_Knit_Sweater/img_00000003.jpg,16,test,data/raw/deepfashion/img/Side-Slit_Knit_Sweater/img_00000003.jpg,dress
img/Internet_Graphic_Sweater/img_00000050.jpg,16,test,data/raw/deepfashion/img/Internet_Graphic_Sweater/img_00000050.jpg,dress
img/Cowl_Neck_Sweater/img_00000023.jpg,16,test,data/raw/deepfashion/img/Cowl_Neck_Sweater/img_00000023.jpg,dress
img/Gone_Boho_Joggers/img_00000041.jpg,29,test,data/raw/deepfashion/img/Gone_Boho_Joggers/img_00000041.jpg,dress
img/Shimmering_High-Waist_Leggings/img_00000001.jpg,30,test,data/raw/deepfashion/img/Shimmering_High-Waist_Leggings/img_00000001.jpg,dress
img/Ombre_Denim_Shorts/img_00000062.jpg,32,test,data/raw/deepfashion/img/Ombre_Denim_Shorts/img_00000062.jpg,dress
img/Polka_Dot_Knit_Pencil_Skirt/img_00000036.jpg,33,test,data/raw/deepfashion/img/Polka_Dot_Knit_Pencil_Skirt/img_00000036.jpg,dress
img/Sheer_Moment_Sweater/img_00000029.jpg,16,test,data/raw/deepfashion/img/Sheer_Moment_Sweater/img_00000029.jpg,dress
img/Cropped_Open-Knit_Sweater/img_00000031.jpg,16,test,data/raw/deepfashion/img/Cropped_Open-Knit_Sweater/img_00000031.jpg,dress
img/Box-Pleated_Gingham_Skirt/img_00000034.jpg,33,test,data/raw/deepfashion/img/Box-Pleated_Gingham_Skirt/img_00000034.jpg,dress
img/Belted_Chino_Shorts/img_00000007.jpg,32,test,data/raw/deepfashion/img/Belted_Chino_Shorts/img_00000007.jpg,dress
img/Buttoned_Daisy_Print_Skirt/img_00000017.jpg,33,test,data/raw/deepfashion/img/Buttoned_Daisy_Print_Skirt/img_00000017.jpg,dress
img/Cotton_Twill_Trench_Coat/img_00000051.jpg,39,test,data/raw/deepfashion/img/Cotton_Twill_Trench_Coat/img_00000051.jpg,dress
img/Sequined_Tweed_Skirt/img_00000046.jpg,33,test,data/raw/deepfashion/img/Sequined_Tweed_Skirt/img_00000046.jpg,dress
img/Cardio_Graphic_Sweater/img_00000022.jpg,16,test,data/raw/deepfashion/img/Cardio_Graphic_Sweater/img_00000022.jpg,dress
img/Pleated_Floral_Print_Shorts/img_00000018.jpg,32,test,data/raw/deepfashion/img/Pleated_Floral_Print_Shorts/img_00000018.jpg,dress
img/Lace-Trimmed_Floral_Shorts/img_00000060.jpg,32,test,data/raw/deepfashion/img/Lace-Trimmed_Floral_Shorts/img_00000060.jpg,dress
img/High_Intensity_Running_Leggings/img_00000035.jpg,30,test,data/raw/deepfashion/img/High_Intensity_Running_Leggings/img_00000035.jpg,dress
img/Striped_Tribal_Print_Leggings/img_00000015.jpg,30,test,data/raw/deepfashion/img/Striped_Tribal_Print_Leggings/img_00000015.jpg,dress
img/Faux_Leather_Mini_Skirt/img_00000044.jpg,33,test,data/raw/deepfashion/img/Faux_Leather_Mini_Skirt/img_00000044.jpg,dress
img/Palm_Camo_Chino_Joggers/img_00000033.jpg,29,test,data/raw/deepfashion/img/Palm_Camo_Chino_Joggers/img_00000033.jpg,dress
img/Abstract_Print_Chiffon_Joggers/img_00000017.jpg,29,test,data/raw/deepfashion/img/Abstract_Print_Chiffon_Joggers/img_00000017.jpg,dress
img/Performance_Workout_Shorts/img_00000043.jpg,32,test,data/raw/deepfashion/img/Performance_Workout_Shorts/img_00000043.jpg,dress
img/Control_Sector_Reversible_Drawstring_Shorts/img_00000017.jpg,32,test,data/raw/deepfashion/img/Control_Sector_Reversible_Drawstring_Shorts/img_00000017.jpg,dress
img/Buttoned_Knee-Length_Skirt/img_00000044.jpg,33,test,data/raw/deepfashion/img/Buttoned_Knee-Length_Skirt/img_00000044.jpg,dress
img/Classic_Knit_Leggings/img_00000010.jpg,30,test,data/raw/deepfashion/img/Classic_Knit_Leggings/img_00000010.jpg,dress
img/Rose_Print_Leggings/img_00000071.jpg,30,test,data/raw/deepfashion/img/Rose_Print_Leggings/img_00000071.jpg,dress
img/Cable-Knit_Pencil_Skirt/img_00000019.jpg,33,test,data/raw/deepfashion/img/Cable-Knit_Pencil_Skirt/img_00000019.jpg,dress
img/Denim_Pencil_Skirt/img_00000025.jpg,33,test,data/raw/deepfashion/img/Denim_Pencil_Skirt/img_00000025.jpg,dress
img/Luxe_Voyager_Shorts/img_00000021.jpg,32,test,data/raw/deepfashion/img/Luxe_Voyager_Shorts/img_00000021.jpg,dress
img/Heathered_Drawstring_Joggers/img_00000020.jpg,29,test,data/raw/deepfashion/img/Heathered_Drawstring_Joggers/img_00000020.jpg,dress
img/Faux_Leather_Trimmed_Utility_Coat/img_00000022.jpg,39,test,data/raw/deepfashion/img/Faux_Leather_Trimmed_Utility_Coat/img_00000022.jpg,dress
img/Mesh_Zippered_Mini_Skirt/img_00000005.jpg,33,test,data/raw/deepfashion/img/Mesh_Zippered_Mini_Skirt/img_00000005.jpg,dress
img/Striped_Pleated_Skirt/img_00000062.jpg,33,test,data/raw/deepfashion/img/Striped_Pleated_Skirt/img_00000062.jpg,dress
img/Sunburst_Print_Workout_Shorts/img_00000020.jpg,32,test,data/raw/deepfashion/img/Sunburst_Print_Workout_Shorts/img_00000020.jpg,dress
img/Favorite_Ankle_Leggings/img_00000005.jpg,30,test,data/raw/deepfashion/img/Favorite_Ankle_Leggings/img_00000005.jpg,dress
img/Everyday_Maxi_Skirt/img_00000052.jpg,33,test,data/raw/deepfashion/img/Everyday_Maxi_Skirt/img_00000052.jpg,dress
img/Denim_A-Line_Skirt/img_00000051.jpg,33,test,data/raw/deepfashion/img/Denim_A-Line_Skirt/img_00000051.jpg,dress
img/Turtleneck_Dolman_Sweater/img_00000060.jpg,16,test,data/raw/deepfashion/img/Turtleneck_Dolman_Sweater/img_00000060.jpg,dress
img/Tribal_Print_A-Line_Skirt/img_00000038.jpg,33,test,data/raw/deepfashion/img/Tribal_Print_A-Line_Skirt/img_00000038.jpg,dress
img/Soft_Knit_Leggings/img_00000053.jpg,30,test,data/raw/deepfashion/img/Soft_Knit_Leggings/img_00000053.jpg,dress
img/Mock_Neck_Fuzzy_Sweater/img_00000007.jpg,16,test,data/raw/deepfashion/img/Mock_Neck_Fuzzy_Sweater/img_00000007.jpg,dress
img/Zip_Pocket_Sweatpants/img_00000012.jpg,34,test,data/raw/deepfashion/img/Zip_Pocket_Sweatpants/img_00000012.jpg,dress
img/Floral_Raglan_Sweater/img_00000025.jpg,16,test,data/raw/deepfashion/img/Floral_Raglan_Sweater/img_00000025.jpg,dress
img/Clean_Wash_Distressed_Denim_Shorts/img_00000033.jpg,32,test,data/raw/deepfashion/img/Clean_Wash_Distressed_Denim_Shorts/img_00000033.jpg,dress
img/Safari_Animal_Print_Shorts/img_00000057.jpg,32,test,data/raw/deepfashion/img/Safari_Animal_Print_Shorts/img_00000057.jpg,dress
img/Distressed_Denim_Mini_Skirt/img_00000004.jpg,33,test,data/raw/deepfashion/img/Distressed_Denim_Mini_Skirt/img_00000004.jpg,dress
img/Floral_Print_Shorts/img_00000002.jpg,32,test,data/raw/deepfashion/img/Floral_Print_Shorts/img_00000002.jpg,dress
img/Open-Knit_Fisherman_Sweater/img_00000054.jpg,16,test,data/raw/deepfashion/img/Open-Knit_Fisherman_Sweater/img_00000054.jpg,dress
img/Textured_Floral_Skater_Skirt/img_00000028.jpg,33,test,data/raw/deepfashion/img/Textured_Floral_Skater_Skirt/img_00000028.jpg,dress
img/Chambray_Drawstring_Shorts/img_00000012.jpg,32,test,data/raw/deepfashion/img/Chambray_Drawstring_Shorts/img_00000012.jpg,dress
img/Textured_Open-Knit_Sweater/img_00000043.jpg,16,test,data/raw/deepfashion/img/Textured_Open-Knit_Sweater/img_00000043.jpg,dress
img/Striped_Knit_Sweater/img_00000023.jpg,16,test,data/raw/deepfashion/img/Striped_Knit_Sweater/img_00000023.jpg,dress
img/Shaggy_Knit_Striped_Sweater/img_00000017.jpg,16,test,data/raw/deepfashion/img/Shaggy_Knit_Striped_Sweater/img_00000017.jpg,dress
img/Embroidered_Floral_Shorts/img_00000009.jpg,32,test,data/raw/deepfashion/img/Embroidered_Floral_Shorts/img_00000009.jpg,dress
img/Daisy_Print_Shorts/img_00000008.jpg,32,test,data/raw/deepfashion/img/Daisy_Print_Shorts/img_00000008.jpg,dress
img/Acid_Wash_Denim_Joggers/img_00000051.jpg,29,test,data/raw/deepfashion/img/Acid_Wash_Denim_Joggers/img_00000051.jpg,dress
img/Ornate_Print_Sweatshorts/img_00000004.jpg,35,test,data/raw/deepfashion/img/Ornate_Print_Sweatshorts/img_00000004.jpg,dress
img/Mid-Rise_Cuffed_Denim_Shorts/img_00000006.jpg,32,test,data/raw/deepfashion/img/Mid-Rise_Cuffed_Denim_Shorts/img_00000006.jpg,dress
img/Fair_Isle_Crew_Neck_Sweater/img_00000024.jpg,16,test,data/raw/deepfashion/img/Fair_Isle_Crew_Neck_Sweater/img_00000024.jpg,dress
img/Floral_Scuba_Knit_Skater_Skirt/img_00000026.jpg,33,test,data/raw/deepfashion/img/Floral_Scuba_Knit_Skater_Skirt/img_00000026.jpg,dress
img/Linen-Blend_Drawstring_Shorts/img_00000021.jpg,32,test,data/raw/deepfashion/img/Linen-Blend_Drawstring_Shorts/img_00000021.jpg,dress
img/Crochet_Lace_Midi_Skirt/img_00000004.jpg,33,test,data/raw/deepfashion/img/Crochet_Lace_Midi_Skirt/img_00000004.jpg,dress
img/Geo_Pattern_Sweater/img_00000053.jpg,16,test,data/raw/deepfashion/img/Geo_Pattern_Sweater/img_00000053.jpg,dress
img/Daisy_Print_Drawstring_Shorts/img_00000004.jpg,32,test,data/raw/deepfashion/img/Daisy_Print_Drawstring_Shorts/img_00000004.jpg,dress
img/Textured_Stripe_Knit_Skirt/img_00000013.jpg,33,test,data/raw/deepfashion/img/Textured_Stripe_Knit_Skirt/img_00000013.jpg,dress
img/Woven_Pencil_Skirt/img_00000053.jpg,33,test,data/raw/deepfashion/img/Woven_Pencil_Skirt/img_00000053.jpg,dress
img/Pin_Dot_Trouser_Shorts/img_00000044.jpg,32,test,data/raw/deepfashion/img/Pin_Dot_Trouser_Shorts/img_00000044.jpg,dress
img/Striped_Cotton_Shorts/img_00000017.jpg,32,test,data/raw/deepfashion/img/Striped_Cotton_Shorts/img_00000017.jpg,dress
img/Marled_Dolphin_Hem_Sweater/img_00000015.jpg,16,test,data/raw/deepfashion/img/Marled_Dolphin_Hem_Sweater/img_00000015.jpg,dress
img/Trouble_Sweater/img_00000023.jpg,16,test,data/raw/deepfashion/img/Trouble_Sweater/img_00000023.jpg,dress
img/Chunky_Knit_Boxy_Sweater/img_00000033.jpg,16,test,data/raw/deepfashion/img/Chunky_Knit_Boxy_Sweater/img_00000033.jpg,dress
img/Colorblocked_Yoga_Shorts/img_00000018.jpg,32,test,data/raw/deepfashion/img/Colorblocked_Yoga_Shorts/img_00000018.jpg,dress
img/High-Waisted_Capri_Leggings/img_00000010.jpg,30,test,data/raw/deepfashion/img/High-Waisted_Capri_Leggings/img_00000010.jpg,dress
img/Abstract_Print_Capri_Leggings/img_00000048.jpg,30,test,data/raw/deepfashion/img/Abstract_Print_Capri_Leggings/img_00000048.jpg,dress
img/Zippered_High-Neck_Sweater/img_00000070.jpg,16,test,data/raw/deepfashion/img/Zippered_High-Neck_Sweater/img_00000070.jpg,dress
img/Abstract_Print_Capri_Leggings/img_00000019.jpg,30,test,data/raw/deepfashion/img/Abstract_Print_Capri_Leggings/img_00000019.jpg,dress
img/Striped_A-Line_Skirt/img_00000018.jpg,33,test,data/raw/deepfashion/img/Striped_A-Line_Skirt/img_00000018.jpg,dress
img/Pleated_Pinstripe_Skirt/img_00000019.jpg,33,test,data/raw/deepfashion/img/Pleated_Pinstripe_Skirt/img_00000019.jpg,dress
img/Slit_Midi_Skirt/img_00000035.jpg,33,test,data/raw/deepfashion/img/Slit_Midi_Skirt/img_00000035.jpg,dress
img/Sunburst_Print_Swim_Trunks/img_00000005.jpg,36,test,data/raw/deepfashion/img/Sunburst_Print_Swim_Trunks/img_00000005.jpg,dress
img/D-Ring_Collar_Coat/img_00000037.jpg,39,test,data/raw/deepfashion/img/D-Ring_Collar_Coat/img_00000037.jpg,dress
img/Striped_Waffle_Knit_Sweater/img_00000012.jpg,16,test,data/raw/deepfashion/img/Striped_Waffle_Knit_Sweater/img_00000012.jpg,dress
img/Pinstriped_Denim_Shorts/img_00000035.jpg,32,test,data/raw/deepfashion/img/Pinstriped_Denim_Shorts/img_00000035.jpg,dress
img/Bold_Baja_Knit_Shorts/img_00000040.jpg,32,test,data/raw/deepfashion/img/Bold_Baja_Knit_Shorts/img_00000040.jpg,dress
img/Stretch_Denim_Joggers/img_00000016.jpg,29,test,data/raw/deepfashion/img/Stretch_Denim_Joggers/img_00000016.jpg,dress
img/Mineral_Wash_Pencil_Skirt/img_00000049.jpg,33,test,data/raw/deepfashion/img/Mineral_Wash_Pencil_Skirt/img_00000049.jpg,dress
img/Reversed_French_Terry_Sweatpants/img_00000018.jpg,34,test,data/raw/deepfashion/img/Reversed_French_Terry_Sweatpants/img_00000018.jpg,dress
img/Destinations_Graphic_Heathered_Skirt/img_00000014.jpg,33,test,data/raw/deepfashion/img/Destinations_Graphic_Heathered_Skirt/img_00000014.jpg,dress
img/Tribal_Print_Joggers/img_00000003.jpg,29,test,data/raw/deepfashion/img/Tribal_Print_Joggers/img_00000003.jpg,dress
img/Textured_Stripe_Knit_Skirt/img_00000036.jpg,33,test,data/raw/deepfashion/img/Textured_Stripe_Knit_Skirt/img_00000036.jpg,dress
img/Ombre_Denim_Shorts/img_00000033.jpg,32,test,data/raw/deepfashion/img/Ombre_Denim_Shorts/img_00000033.jpg,dress
img/Life_in_Progress_Dip-Dye_Chambray_Shorts/img_00000009.jpg,32,test,data/raw/deepfashion/img/Life_in_Progress_Dip-Dye_Chambray_Shorts/img_00000009.jpg,dress
img/Performance_Workout_Shorts/img_00000065.jpg,32,test,data/raw/deepfashion/img/Performance_Workout_Shorts/img_00000065.jpg,dress
img/Faux_Leather_Fringe_Skirt/img_00000002.jpg,33,test,data/raw/deepfashion/img/Faux_Leather_Fringe_Skirt/img_00000002.jpg,dress
img/Marled_Crew_Neck_Sweater/img_00000011.jpg,16,test,data/raw/deepfashion/img/Marled_Crew_Neck_Sweater/img_00000011.jpg,dress
img/Woven_Drawstring_Skirt/img_00000035.jpg,33,test,data/raw/deepfashion/img/Woven_Drawstring_Skirt/img_00000035.jpg,dress
img/Space_Dye_Shorts/img_00000030.jpg,32,test,data/raw/deepfashion/img/Space_Dye_Shorts/img_00000030.jpg,dress
img/Eyelash_Knit_Striped_Sweater/img_00000021.jpg,16,test,data/raw/deepfashion/img/Eyelash_Knit_Striped_Sweater/img_00000021.jpg,dress
img/High_Intensity_Running_Leggings/img_00000005.jpg,30,test,data/raw/deepfashion/img/High_Intensity_Running_Leggings/img_00000005.jpg,dress
img/Faux_Fur_Trimmed_A-Line_Coat/img_00000026.jpg,39,test,data/raw/deepfashion/img/Faux_Fur_Trimmed_A-Line_Coat/img_00000026.jpg,dress
img/Yoga_Capri_Leggings/img_00000029.jpg,30,test,data/raw/deepfashion/img/Yoga_Capri_Leggings/img_00000029.jpg,dress
img/Paisley_Print_Maxi_Skirt/img_00000022.jpg,33,test,data/raw/deepfashion/img/Paisley_Print_Maxi_Skirt/img_00000022.jpg,dress
img/Woven_Pleated_Shorts/img_00000036.jpg,32,test,data/raw/deepfashion/img/Woven_Pleated_Shorts/img_00000036.jpg,dress
img/Open_Knit_Dolman_Sweater/img_00000017.jpg,16,test,data/raw/deepfashion/img/Open_Knit_Dolman_Sweater/img_00000017.jpg,dress
img/Drawstring_Denim_Cargo_Joggers/img_00000018.jpg,29,test,data/raw/deepfashion/img/Drawstring_Denim_Cargo_Joggers/img_00000018.jpg,dress
img/Striped_Topstitched_Drop-Sleeve_Sweater/img_00000017.jpg,16,test,data/raw/deepfashion/img/Striped_Topstitched_Drop-Sleeve_Sweater/img_00000017.jpg,dress
img/High-Waisted_Leggings/img_00000015.jpg,30,test,data/raw/deepfashion/img/High-Waisted_Leggings/img_00000015.jpg,dress
img/Ribbed_Cutout_Sweater/img_00000002.jpg,16,test,data/raw/deepfashion/img/Ribbed_Cutout_Sweater/img_00000002.jpg,dress
img/Ribbed_Knit_Sweater/img_00000016.jpg,16,test,data/raw/deepfashion/img/Ribbed_Knit_Sweater/img_00000016.jpg,dress
img/Ribbed_Stripe_Skirt/img_00000002.jpg,33,test,data/raw/deepfashion/img/Ribbed_Stripe_Skirt/img_00000002.jpg,dress
img/Faux_Fur_Trimmed_A-Line_Coat/img_00000068.jpg,39,test,data/raw/deepfashion/img/Faux_Fur_Trimmed_A-Line_Coat/img_00000068.jpg,dress
img/Lace-Up_Denim_Shorts/img_00000008.jpg,32,test,data/raw/deepfashion/img/Lace-Up_Denim_Shorts/img_00000008.jpg,dress
img/Buttoned_Denim_Pencil_Skirt/img_00000069.jpg,33,test,data/raw/deepfashion/img/Buttoned_Denim_Pencil_Skirt/img_00000069.jpg,dress
img/Abstract_Print_French_Terry_Shorts/img_00000026.jpg,32,test,data/raw/deepfashion/img/Abstract_Print_French_Terry_Shorts/img_00000026.jpg,dress
img/Colorblocked_Scoop_Neck_Sweater/img_00000037.jpg,16,test,data/raw/deepfashion/img/Colorblocked_Scoop_Neck_Sweater/img_00000037.jpg,dress
img/Pleated_A-Line_Skirt/img_00000065.jpg,33,test,data/raw/deepfashion/img/Pleated_A-Line_Skirt/img_00000065.jpg,dress
img/Crepe_Drawstring_Joggers/img_00000053.jpg,29,test,data/raw/deepfashion/img/Crepe_Drawstring_Joggers/img_00000053.jpg,dress
img/Safari_Print_Drawstring_Shorts/img_00000001.jpg,32,test,data/raw/deepfashion/img/Safari_Print_Drawstring_Shorts/img_00000001.jpg,dress
img/EPTM._Geo-Paneled_Joggers/img_00000007.jpg,29,test,data/raw/deepfashion/img/EPTM._Geo-Paneled_Joggers/img_00000007.jpg,dress
img/Paisley_Pattern_Pencil_Skirt/img_00000027.jpg,33,test,data/raw/deepfashion/img/Paisley_Pattern_Pencil_Skirt/img_00000027.jpg,dress
img/Rose_Print_Corduroy_Skater_Skirt/img_00000010.jpg,33,test,data/raw/deepfashion/img/Rose_Print_Corduroy_Skater_Skirt/img_00000010.jpg,dress
img/Essential_Waffle_Knit_Sweater/img_00000006.jpg,16,test,data/raw/deepfashion/img/Essential_Waffle_Knit_Sweater/img_00000006.jpg,dress
img/Side-Slit_Knit_Sweater/img_00000018.jpg,16,test,data/raw/deepfashion/img/Side-Slit_Knit_Sweater/img_00000018.jpg,dress
img/Textured_Floral_Pattern_Skirt/img_00000021.jpg,33,test,data/raw/deepfashion/img/Textured_Floral_Pattern_Skirt/img_00000021.jpg,dress
img/Run_Graphic_Workout_Shorts/img_00000025.jpg,32,test,data/raw/deepfashion/img/Run_Graphic_Workout_Shorts/img_00000025.jpg,dress
img/Classic_Heathered_Sweater/img_00000026.jpg,16,test,data/raw/deepfashion/img/Classic_Heathered_Sweater/img_00000026.jpg,dress
img/Embroidered_Drawstring_Shorts/img_00000036.jpg,32,test,data/raw/deepfashion/img/Embroidered_Drawstring_Shorts/img_00000036.jpg,dress
img/Textured_Stripe_Cowl_Neck_Sweater/img_00000032.jpg,16,test,data/raw/deepfashion/img/Textured_Stripe_Cowl_Neck_Sweater/img_00000032.jpg,dress
img/High-Waisted_Leggings/img_00000059.jpg,30,test,data/raw/deepfashion/img/High-Waisted_Leggings/img_00000059.jpg,dress
img/Ruched-Sleeve_Sweater/img_00000008.jpg,16,test,data/raw/deepfashion/img/Ruched-Sleeve_Sweater/img_00000008.jpg,dress
img/Zippered_Denim_Shorts/img_00000035.jpg,32,test,data/raw/deepfashion/img/Zippered_Denim_Shorts/img_00000035.jpg,dress
img/Crew_Neck_Sweater/img_00000075.jpg,16,test,data/raw/deepfashion/img/Crew_Neck_Sweater/img_00000075.jpg,dress
img/Control_Sector_Drawstring_Harem_Joggers/img_00000040.jpg,29,test,data/raw/deepfashion/img/Control_Sector_Drawstring_Harem_Joggers/img_00000040.jpg,dress
img/Heathered_Side-Cutout_Capri_Leggings/img_00000013.jpg,30,test,data/raw/deepfashion/img/Heathered_Side-Cutout_Capri_Leggings/img_00000013.jpg,dress
img/Ikat_Print_Mini_Skirt/img_00000032.jpg,33,test,data/raw/deepfashion/img/Ikat_Print_Mini_Skirt/img_00000032.jpg,dress
img/Cotton_Twill_Trench_Coat/img_00000072.jpg,39,test,data/raw/deepfashion/img/Cotton_Twill_Trench_Coat/img_00000072.jpg,dress
img/Marled_Knit_Joggers/img_00000032.jpg,29,test,data/raw/deepfashion/img/Marled_Knit_Joggers/img_00000032.jpg,dress
img/Lost_&_Found_Wool-Blend_Sweater/img_00000006.jpg,16,test,data/raw/deepfashion/img/Lost_&_Found_Wool-Blend_Sweater/img_00000006.jpg,dress
img/Heathered_Performance_Capri_Leggings/img_00000006.jpg,30,test,data/raw/deepfashion/img/Heathered_Performance_Capri_Leggings/img_00000006.jpg,dress
img/Brooklyn_Nets_Logo_Sweatpants/img_00000052.jpg,34,test,data/raw/deepfashion/img/Brooklyn_Nets_Logo_Sweatpants/img_00000052.jpg,dress
img/Striped_Southwestern-Patterned_Shorts/img_00000022.jpg,32,test,data/raw/deepfashion/img/Striped_Southwestern-Patterned_Shorts/img_00000022.jpg,dress
img/Asymmetrical_Pencil_Skirt/img_00000045.jpg,33,test,data/raw/deepfashion/img/Asymmetrical_Pencil_Skirt/img_00000045.jpg,dress
img/Plaid_Knit_Sweater/img_00000058.jpg,16,test,data/raw/deepfashion/img/Plaid_Knit_Sweater/img_00000058.jpg,dress
img/Striped_Cropped_Sweater/img_00000035.jpg,16,test,data/raw/deepfashion/img/Striped_Cropped_Sweater/img_00000035.jpg,dress
img/Embroidered_Crepe_Shorts/img_00000007.jpg,32,test,data/raw/deepfashion/img/Embroidered_Crepe_Shorts/img_00000007.jpg,dress
img/Beaded_Trim_Mini_Skirt/img_00000006.jpg,33,test,data/raw/deepfashion/img/Beaded_Trim_Mini_Skirt/img_00000006.jpg,dress
img/Ombre-Paneled_Workout_Leggings/img_00000009.jpg,30,test,data/raw/deepfashion/img/Ombre-Paneled_Workout_Leggings/img_00000009.jpg,dress
img/Marled_Crochet-Back_Sweater/img_00000041.jpg,16,test,data/raw/deepfashion/img/Marled_Crochet-Back_Sweater/img_00000041.jpg,dress
img/Geo_Stripe_Knit_Mini_Skirt/img_00000001.jpg,33,test,data/raw/deepfashion/img/Geo_Stripe_Knit_Mini_Skirt/img_00000001.jpg,dress
img/Triple-Blocked_Capri_Leggings/img_00000027.jpg,30,test,data/raw/deepfashion/img/Triple-Blocked_Capri_Leggings/img_00000027.jpg,dress
img/Rugby_Stripe_Sweater/img_00000016.jpg,16,test,data/raw/deepfashion/img/Rugby_Stripe_Sweater/img_00000016.jpg,dress
img/Favorite_Open-Knit_Sweater/img_00000059.jpg,16,test,data/raw/deepfashion/img/Favorite_Open-Knit_Sweater/img_00000059.jpg,dress
img/Boxy_Open-Knit_Sweater/img_00000009.jpg,16,test,data/raw/deepfashion/img/Boxy_Open-Knit_Sweater/img_00000009.jpg,dress
img/Cotton_&_Linen_Pleated_Shorts/img_00000041.jpg,32,test,data/raw/deepfashion/img/Cotton_&_Linen_Pleated_Shorts/img_00000041.jpg,dress
img/Abstract_Print_Performance_Shorts/img_00000023.jpg,32,test,data/raw/deepfashion/img/Abstract_Print_Performance_Shorts/img_00000023.jpg,dress
img/Southwestern-Patterned_Brocade_Shorts/img_00000004.jpg,32,test,data/raw/deepfashion/img/Southwestern-Patterned_Brocade_Shorts/img_00000004.jpg,dress
img/Scuba_Knit_Mini_Skirt/img_00000005.jpg,33,test,data/raw/deepfashion/img/Scuba_Knit_Mini_Skirt/img_00000005.jpg,dress
img/Space_Dye_Yoga_Leggings/img_00000046.jpg,30,test,data/raw/deepfashion/img/Space_Dye_Yoga_Leggings/img_00000046.jpg,dress
img/Asymmetrical_Dolman_Sweater/img_00000024.jpg,16,test,data/raw/deepfashion/img/Asymmetrical_Dolman_Sweater/img_00000024.jpg,dress
img/Heathered_Scuba_Knit_Shorts/img_00000014.jpg,32,test,data/raw/deepfashion/img/Heathered_Scuba_Knit_Shorts/img_00000014.jpg,dress
img/Tropical_Print_Chino_Shorts/img_00000035.jpg,32,test,data/raw/deepfashion/img/Tropical_Print_Chino_Shorts/img_00000035.jpg,dress
img/Zippered_Faux_Leather_Joggers/img_00000013.jpg,29,test,data/raw/deepfashion/img/Zippered_Faux_Leather_Joggers/img_00000013.jpg,dress
img/High-Waisted_Denim_Pencil_Skirt/img_00000003.jpg,33,test,data/raw/deepfashion/img/High-Waisted_Denim_Pencil_Skirt/img_00000003.jpg,dress
img/Pleated_Floral_Chiffon_Skirt/img_00000020.jpg,33,test,data/raw/deepfashion/img/Pleated_Floral_Chiffon_Skirt/img_00000020.jpg,dress
img/Zipper-Front_Shorts/img_00000049.jpg,32,test,data/raw/deepfashion/img/Zipper-Front_Shorts/img_00000049.jpg,dress
img/Open_Knit_Raglan_Sweater/img_00000008.jpg,16,test,data/raw/deepfashion/img/Open_Knit_Raglan_Sweater/img_00000008.jpg,dress
img/Cuffed_Herringbone_Shorts/img_00000002.jpg,32,test,data/raw/deepfashion/img/Cuffed_Herringbone_Shorts/img_00000002.jpg,dress
img/Tile_Print_Drawstring_Caftan/img_00000028.jpg,37,test,data/raw/deepfashion/img/Tile_Print_Drawstring_Caftan/img_00000028.jpg,dress
img/Ornate_Paisley_Maxi_Skirt/img_00000008.jpg,33,test,data/raw/deepfashion/img/Ornate_Paisley_Maxi_Skirt/img_00000008.jpg,dress
img/Favorite_Ankle_Leggings/img_00000059.jpg,30,test,data/raw/deepfashion/img/Favorite_Ankle_Leggings/img_00000059.jpg,dress
img/Embroidered_Denim_Shorts/img_00000043.jpg,32,test,data/raw/deepfashion/img/Embroidered_Denim_Shorts/img_00000043.jpg,dress
img/Favorite_Mini_Skirt/img_00000020.jpg,33,test,data/raw/deepfashion/img/Favorite_Mini_Skirt/img_00000020.jpg,dress
img/Floral_Print_Sweatshorts/img_00000037.jpg,35,test,data/raw/deepfashion/img/Floral_Print_Sweatshorts/img_00000037.jpg,dress
img/Sunburst_Print_Workout_Shorts/img_00000004.jpg,32,test,data/raw/deepfashion/img/Sunburst_Print_Workout_Shorts/img_00000004.jpg,dress
img/Open-Knit_Raglan_Sweater/img_00000004.jpg,16,test,data/raw/deepfashion/img/Open-Knit_Raglan_Sweater/img_00000004.jpg,dress
img/Colorblock_Capri_Leggings/img_00000032.jpg,30,test,data/raw/deepfashion/img/Colorblock_Capri_Leggings/img_00000032.jpg,dress
img/Crinkled_Denim_Shorts/img_00000059.jpg,32,test,data/raw/deepfashion/img/Crinkled_Denim_Shorts/img_00000059.jpg,dress
img/Pleated_Faux_Leather_Skirt/img_00000076.jpg,33,test,data/raw/deepfashion/img/Pleated_Faux_Leather_Skirt/img_00000076.jpg,dress
img/Plaid_Woven_Coat/img_00000007.jpg,39,test,data/raw/deepfashion/img/Plaid_Woven_Coat/img_00000007.jpg,dress
img/Daisy_Print_Shorts/img_00000057.jpg,32,test,data/raw/deepfashion/img/Daisy_Print_Shorts/img_00000057.jpg,dress
img/Open_Knit_Textured_Sweater/img_00000010.jpg,16,test,data/raw/deepfashion/img/Open_Knit_Textured_Sweater/img_00000010.jpg,dress
img/Striped_Joggers/img_00000056.jpg,29,test,data/raw/deepfashion/img/Striped_Joggers/img_00000056.jpg,dress
img/Striped_Seersucker_Shorts/img_00000049.jpg,32,test,data/raw/deepfashion/img/Striped_Seersucker_Shorts/img_00000049.jpg,dress
img/Knife-Pleated_Denim_Shorts/img_00000019.jpg,32,test,data/raw/deepfashion/img/Knife-Pleated_Denim_Shorts/img_00000019.jpg,dress
img/Striped_Swim_Trunks/img_00000058.jpg,36,test,data/raw/deepfashion/img/Striped_Swim_Trunks/img_00000058.jpg,dress
img/Southwestern_Print_Shorts/img_00000026.jpg,32,test,data/raw/deepfashion/img/Southwestern_Print_Shorts/img_00000026.jpg,dress
img/Classic_Knit_Leggings/img_00000038.jpg,30,test,data/raw/deepfashion/img/Classic_Knit_Leggings/img_00000038.jpg,dress
img/Abstract_Print_Chiffon_Joggers/img_00000013.jpg,29,test,data/raw/deepfashion/img/Abstract_Print_Chiffon_Joggers/img_00000013.jpg,dress
img/Free_Spirit_Sweater/img_00000003.jpg,16,test,data/raw/deepfashion/img/Free_Spirit_Sweater/img_00000003.jpg,dress
img/Clear_Cut_High-Waisted_Shorts/img_00000008.jpg,32,test,data/raw/deepfashion/img/Clear_Cut_High-Waisted_Shorts/img_00000008.jpg,dress
img/Texture-Panel_Heathered_Shorts/img_00000004.jpg,32,test,data/raw/deepfashion/img/Texture-Panel_Heathered_Shorts/img_00000004.jpg,dress
img/Easy_Chino_Shorts/img_00000016.jpg,32,test,data/raw/deepfashion/img/Easy_Chino_Shorts/img_00000016.jpg,dress
img/Tassel-Trimmed_Shorts/img_00000034.jpg,32,test,data/raw/deepfashion/img/Tassel-Trimmed_Shorts/img_00000034.jpg,dress
img/Eyelash_Knit_Ball_Sweater/img_00000008.jpg,16,test,data/raw/deepfashion/img/Eyelash_Knit_Ball_Sweater/img_00000008.jpg,dress
img/Embroidered_Polka_Dot_Skirt/img_00000046.jpg,33,test,data/raw/deepfashion/img/Embroidered_Polka_Dot_Skirt/img_00000046.jpg,dress
img/Striped_Fold-Over_Maxi_Skirt/img_00000061.jpg,33,test,data/raw/deepfashion/img/Striped_Fold-Over_Maxi_Skirt/img_00000061.jpg,dress
img/Favorite_Scuba-Knit_Skirt/img_00000023.jpg,33,test,data/raw/deepfashion/img/Favorite_Scuba-Knit_Skirt/img_00000023.jpg,dress
img/Zippered_Ponte_Knit_Leggings/img_00000018.jpg,30,test,data/raw/deepfashion/img/Zippered_Ponte_Knit_Leggings/img_00000018.jpg,dress
img/Voyager_Shorts/img_00000051.jpg,32,test,data/raw/deepfashion/img/Voyager_Shorts/img_00000051.jpg,dress
img/Zippered_High-Neck_Sweater/img_00000054.jpg,16,test,data/raw/deepfashion/img/Zippered_High-Neck_Sweater/img_00000054.jpg,dress
img/Stretch_Knit_Leggings/img_00000049.jpg,30,test,data/raw/deepfashion/img/Stretch_Knit_Leggings/img_00000049.jpg,dress
img/Oversized_High-Neck_Sweater/img_00000075.jpg,16,test,data/raw/deepfashion/img/Oversized_High-Neck_Sweater/img_00000075.jpg,dress
img/Heathered_Zip_Pocket_Sweatpants/img_00000030.jpg,34,test,data/raw/deepfashion/img/Heathered_Zip_Pocket_Sweatpants/img_00000030.jpg,dress
img/Chunky_Marled_Knit_Sweater/img_00000028.jpg,16,test,data/raw/deepfashion/img/Chunky_Marled_Knit_Sweater/img_00000028.jpg,dress
img/Daisy_Print_Maxi_Skirt/img_00000008.jpg,33,test,data/raw/deepfashion/img/Daisy_Print_Maxi_Skirt/img_00000008.jpg,dress
img/Pleated_Faux_Leather_Skirt/img_00000007.jpg,33,test,data/raw/deepfashion/img/Pleated_Faux_Leather_Skirt/img_00000007.jpg,dress
img/Shark_Print_Drawstring_Shorts/img_00000037.jpg,32,test,data/raw/deepfashion/img/Shark_Print_Drawstring_Shorts/img_00000037.jpg,dress
img/Cotton_Canvas_Shorts/img_00000065.jpg,32,test,data/raw/deepfashion/img/Cotton_Canvas_Shorts/img_00000065.jpg,dress
img/Tribal_Print_A-Line_Skirt/img_00000020.jpg,33,test,data/raw/deepfashion/img/Tribal_Print_A-Line_Skirt/img_00000020.jpg,dress
img/Colorblocked_Raglan_Sweater/img_00000013.jpg,16,test,data/raw/deepfashion/img/Colorblocked_Raglan_Sweater/img_00000013.jpg,dress
img/Marled_Drawstring_Joggers/img_00000011.jpg,29,test,data/raw/deepfashion/img/Marled_Drawstring_Joggers/img_00000011.jpg,dress
img/Speckled_Geo-Patterned_Sweater/img_00000017.jpg,16,test,data/raw/deepfashion/img/Speckled_Geo-Patterned_Sweater/img_00000017.jpg,dress
img/Classic_Striped_Sweater/img_00000006.jpg,16,test,data/raw/deepfashion/img/Classic_Striped_Sweater/img_00000006.jpg,dress
img/Internet_Graphic_Sweater/img_00000044.jpg,16,test,data/raw/deepfashion/img/Internet_Graphic_Sweater/img_00000044.jpg,dress
img/Scalloped_Crochet_Skirt/img_00000049.jpg,33,test,data/raw/deepfashion/img/Scalloped_Crochet_Skirt/img_00000049.jpg,dress
img/Heathered_High-Waisted_Leggings/img_00000031.jpg,30,test,data/raw/deepfashion/img/Heathered_High-Waisted_Leggings/img_00000031.jpg,dress
img/Rolled-Edge_Sweater/img_00000037.jpg,16,test,data/raw/deepfashion/img/Rolled-Edge_Sweater/img_00000037.jpg,dress
img/Lace-Trimmed_Denim_Shorts/img_00000052.jpg,32,test,data/raw/deepfashion/img/Lace-Trimmed_Denim_Shorts/img_00000052.jpg,dress
img/French_Terry_Sweatshorts/img_00000043.jpg,35,test,data/raw/deepfashion/img/French_Terry_Sweatshorts/img_00000043.jpg,dress
img/Cable_Knit_Mock-Neck_Sweater/img_00000077.jpg,16,test,data/raw/deepfashion/img/Cable_Knit_Mock-Neck_Sweater/img_00000077.jpg,dress
img/Cable_Knit_Sweater/img_00000076.jpg,16,test,data/raw/deepfashion/img/Cable_Knit_Sweater/img_00000076.jpg,dress
img/Twill_Dolphin_Shorts/img_00000041.jpg,32,test,data/raw/deepfashion/img/Twill_Dolphin_Shorts/img_00000041.jpg,dress
img/Textured_Knit_Varsity_Sweater/img_00000046.jpg,16,test,data/raw/deepfashion/img/Textured_Knit_Varsity_Sweater/img_00000046.jpg,dress
img/Pleated_Floral_Plaid_Skirt/img_00000048.jpg,33,test,data/raw/deepfashion/img/Pleated_Floral_Plaid_Skirt/img_00000048.jpg,dress
img/Zippered_Denim_Shorts/img_00000045.jpg,32,test,data/raw/deepfashion/img/Zippered_Denim_Shorts/img_00000045.jpg,dress
img/Pleated_Skater_Skirt/img_00000026.jpg,33,test,data/raw/deepfashion/img/Pleated_Skater_Skirt/img_00000026.jpg,dress
img/Zip-Pocket_Woven_Shorts/img_00000039.jpg,32,test,data/raw/deepfashion/img/Zip-Pocket_Woven_Shorts/img_00000039.jpg,dress
img/M-Slit_Pleated_Maxi_Skirt/img_00000003.jpg,33,test,data/raw/deepfashion/img/M-Slit_Pleated_Maxi_Skirt/img_00000003.jpg,dress
img/Forget-Me-Not_Sweater/img_00000024.jpg,16,test,data/raw/deepfashion/img/Forget-Me-Not_Sweater/img_00000024.jpg,dress
img/Fold-Over_Waist_Shorts/img_00000028.jpg,32,test,data/raw/deepfashion/img/Fold-Over_Waist_Shorts/img_00000028.jpg,dress
img/Mixed_Stripe_Print_Shorts/img_00000026.jpg,32,test,data/raw/deepfashion/img/Mixed_Stripe_Print_Shorts/img_00000026.jpg,dress
img/Scalloped_Crochet-Hem_Shorts/img_00000031.jpg,32,test,data/raw/deepfashion/img/Scalloped_Crochet-Hem_Shorts/img_00000031.jpg,dress
img/Belted_High-Waisted_Shorts/img_00000049.jpg,32,test,data/raw/deepfashion/img/Belted_High-Waisted_Shorts/img_00000049.jpg,dress
img/Ribbed_Turtleneck_Sweater/img_00000058.jpg,16,test,data/raw/deepfashion/img/Ribbed_Turtleneck_Sweater/img_00000058.jpg,dress
img/Heathered_Cuffed_Sweatshorts/img_00000029.jpg,35,test,data/raw/deepfashion/img/Heathered_Cuffed_Sweatshorts/img_00000029.jpg,dress
img/Abstract_Print_Shorts/img_00000015.jpg,32,test,data/raw/deepfashion/img/Abstract_Print_Shorts/img_00000015.jpg,dress
img/Polka_Dot_Woven_Shorts/img_00000035.jpg,32,test,data/raw/deepfashion/img/Polka_Dot_Woven_Shorts/img_00000035.jpg,dress
img/Belted_Trench_Coat/img_00000074.jpg,39,test,data/raw/deepfashion/img/Belted_Trench_Coat/img_00000074.jpg,dress
img/EPTM._Layered_Side-Zip_Sweatshorts/img_00000002.jpg,35,test,data/raw/deepfashion/img/EPTM._Layered_Side-Zip_Sweatshorts/img_00000002.jpg,dress
img/Abstract_Woven_Joggers/img_00000004.jpg,29,test,data/raw/deepfashion/img/Abstract_Woven_Joggers/img_00000004.jpg,dress
img/Floral_Print_Skater_Skirt/img_00000039.jpg,33,test,data/raw/deepfashion/img/Floral_Print_Skater_Skirt/img_00000039.jpg,dress
img/Cowl_Neck_Tunic_Sweater/img_00000073.jpg,16,test,data/raw/deepfashion/img/Cowl_Neck_Tunic_Sweater/img_00000073.jpg,dress
img/Belted_Chambray_Shorts/img_00000011.jpg,32,test,data/raw/deepfashion/img/Belted_Chambray_Shorts/img_00000011.jpg,dress
img/Funnel-Pocket_Drawstring_Sweatpants/img_00000019.jpg,34,test,data/raw/deepfashion/img/Funnel-Pocket_Drawstring_Sweatpants/img_00000019.jpg,dress
img/Cuffed_Drawstring_Denim_Shorts/img_00000013.jpg,32,test,data/raw/deepfashion/img/Cuffed_Drawstring_Denim_Shorts/img_00000013.jpg,dress
img/Marled_Terrycloth_Joggers/img_00000032.jpg,29,test,data/raw/deepfashion/img/Marled_Terrycloth_Joggers/img_00000032.jpg,dress
img/Lemon_Print_Shorts/img_00000052.jpg,32,test,data/raw/deepfashion/img/Lemon_Print_Shorts/img_00000052.jpg,dress
img/Colorblocked_Yoga_Capri_Leggings/img_00000017.jpg,30,test,data/raw/deepfashion/img/Colorblocked_Yoga_Capri_Leggings/img_00000017.jpg,dress
img/Texture-Panel_Heathered_Shorts/img_00000009.jpg,32,test,data/raw/deepfashion/img/Texture-Panel_Heathered_Shorts/img_00000009.jpg,dress
img/Cropped_Stripe_Sweater/img_00000029.jpg,16,test,data/raw/deepfashion/img/Cropped_Stripe_Sweater/img_00000029.jpg,dress
img/Matelot_Denim_Shorts/img_00000032.jpg,32,test,data/raw/deepfashion/img/Matelot_Denim_Shorts/img_00000032.jpg,dress
img/Live_to_Love_Heathered_Sweatpants/img_00000033.jpg,34,test,data/raw/deepfashion/img/Live_to_Love_Heathered_Sweatpants/img_00000033.jpg,dress
img/Two-Tone_Boucl&eacute;_Coat/img_00000034.jpg,39,test,data/raw/deepfashion/img/Two-Tone_Boucl&eacute;_Coat/img_00000034.jpg,dress
img/Cinched_Training_Shorts/img_00000001.jpg,32,test,data/raw/deepfashion/img/Cinched_Training_Shorts/img_00000001.jpg,dress
img/Belted_Stripe_Print_Shorts/img_00000003.jpg,32,test,data/raw/deepfashion/img/Belted_Stripe_Print_Shorts/img_00000003.jpg,dress
img/Marled_Open-Front_Coat/img_00000017.jpg,39,test,data/raw/deepfashion/img/Marled_Open-Front_Coat/img_00000017.jpg,dress
img/Reason_Camo_Joggers/img_00000039.jpg,29,test,data/raw/deepfashion/img/Reason_Camo_Joggers/img_00000039.jpg,dress
img/Classic_Toggle_Coat/img_00000012.jpg,39,test,data/raw/deepfashion/img/Classic_Toggle_Coat/img_00000012.jpg,dress
img/Classic_Crew_Neck_Sweater/img_00000070.jpg,16,test,data/raw/deepfashion/img/Classic_Crew_Neck_Sweater/img_00000070.jpg,dress
img/Folk_Print_Linen_Skirt/img_00000022.jpg,33,test,data/raw/deepfashion/img/Folk_Print_Linen_Skirt/img_00000022.jpg,dress
img/Varsity-Striped_Miami_Sweatpants/img_00000008.jpg,34,test,data/raw/deepfashion/img/Varsity-Striped_Miami_Sweatpants/img_00000008.jpg,dress
img/Scuba_Knit_Pencil_Skirt/img_00000024.jpg,33,test,data/raw/deepfashion/img/Scuba_Knit_Pencil_Skirt/img_00000024.jpg,dress
img/Rope-Drawstring_Swim_Trunks/img_00000038.jpg,36,test,data/raw/deepfashion/img/Rope-Drawstring_Swim_Trunks/img_00000038.jpg,dress
img/Linen_Capri_Joggers/img_00000024.jpg,29,test,data/raw/deepfashion/img/Linen_Capri_Joggers/img_00000024.jpg,dress
img/Mandala_Print_Skirt/img_00000047.jpg,33,test,data/raw/deepfashion/img/Mandala_Print_Skirt/img_00000047.jpg,dress
img/Smocked_Tie-Dye_Skirt/img_00000010.jpg,33,test,data/raw/deepfashion/img/Smocked_Tie-Dye_Skirt/img_00000010.jpg,dress
img/Ikat_Print_Mini_Skirt/img_00000056.jpg,33,test,data/raw/deepfashion/img/Ikat_Print_Mini_Skirt/img_00000056.jpg,dress
img/Mesh-Textured_Workout_Capri_Leggings/img_00000046.jpg,30,test,data/raw/deepfashion/img/Mesh-Textured_Workout_Capri_Leggings/img_00000046.jpg,dress
img/Striped_Tribal_Print_Leggings/img_00000069.jpg,30,test,data/raw/deepfashion/img/Striped_Tribal_Print_Leggings/img_00000069.jpg,dress
img/Textured_Houndstooth_Skirt/img_00000049.jpg,33,test,data/raw/deepfashion/img/Textured_Houndstooth_Skirt/img_00000049.jpg,dress
img/Heathered_Yoga_Shorts/img_00000042.jpg,32,test,data/raw/deepfashion/img/Heathered_Yoga_Shorts/img_00000042.jpg,dress
img/Reversed_French_Terry_Sweatpants/img_00000019.jpg,34,test,data/raw/deepfashion/img/Reversed_French_Terry_Sweatpants/img_00000019.jpg,dress
img/Beaded_Tuxedo_Stripe_Skirt/img_00000008.jpg,33,test,data/raw/deepfashion/img/Beaded_Tuxedo_Stripe_Skirt/img_00000008.jpg,dress
img/Mixed_Stripe_Shorts/img_00000012.jpg,32,test,data/raw/deepfashion/img/Mixed_Stripe_Shorts/img_00000012.jpg,dress
img/Acid_Wash_Denim_Skirt/img_00000031.jpg,33,test,data/raw/deepfashion/img/Acid_Wash_Denim_Skirt/img_00000031.jpg,dress
img/Lace-Paneled_Sweater/img_00000024.jpg,16,test,data/raw/deepfashion/img/Lace-Paneled_Sweater/img_00000024.jpg,dress
img/Pleated_Floral_Print_Shorts/img_00000041.jpg,32,test,data/raw/deepfashion/img/Pleated_Floral_Print_Shorts/img_00000041.jpg,dress
img/Abstract_Print_Joggers/img_00000047.jpg,29,test,data/raw/deepfashion/img/Abstract_Print_Joggers/img_00000047.jpg,dress
img/Cable_Knit_Sweater/img_00000022.jpg,16,test,data/raw/deepfashion/img/Cable_Knit_Sweater/img_00000022.jpg,dress
img/Heathered_Woven_Running_Shorts/img_00000024.jpg,32,test,data/raw/deepfashion/img/Heathered_Woven_Running_Shorts/img_00000024.jpg,dress
img/Crochet_Crepe_Woven_Shorts/img_00000027.jpg,32,test,data/raw/deepfashion/img/Crochet_Crepe_Woven_Shorts/img_00000027.jpg,dress
img/Cable_Knit_Mock-Neck_Sweater/img_00000044.jpg,16,test,data/raw/deepfashion/img/Cable_Knit_Mock-Neck_Sweater/img_00000044.jpg,dress
img/Classic_Crew_Neck_Sweater/img_00000005.jpg,16,test,data/raw/deepfashion/img/Classic_Crew_Neck_Sweater/img_00000005.jpg,dress
img/Striped_Midi_Skirt/img_00000035.jpg,33,test,data/raw/deepfashion/img/Striped_Midi_Skirt/img_00000035.jpg,dress
img/Woven_Dolphin_Shorts/img_00000020.jpg,32,test,data/raw/deepfashion/img/Woven_Dolphin_Shorts/img_00000020.jpg,dress
img/Tribal_Print_Shorts/img_00000052.jpg,32,test,data/raw/deepfashion/img/Tribal_Print_Shorts/img_00000052.jpg,dress
img/Contrast_Waist_Sweatpants/img_00000037.jpg,34,test,data/raw/deepfashion/img/Contrast_Waist_Sweatpants/img_00000037.jpg,dress
img/Trouble_Graphic_Sweater/img_00000015.jpg,16,test,data/raw/deepfashion/img/Trouble_Graphic_Sweater/img_00000015.jpg,dress
img/Knit_Bandage_Skirt/img_00000024.jpg,33,test,data/raw/deepfashion/img/Knit_Bandage_Skirt/img_00000024.jpg,dress
img/Faux_Leather_Joggers/img_00000065.jpg,29,test,data/raw/deepfashion/img/Faux_Leather_Joggers/img_00000065.jpg,dress
img/Fuzzy_Knit_Sweater/img_00000027.jpg,16,test,data/raw/deepfashion/img/Fuzzy_Knit_Sweater/img_00000027.jpg,dress
img/Faux_Fur_Cheetah_Coat/img_00000012.jpg,39,test,data/raw/deepfashion/img/Faux_Fur_Cheetah_Coat/img_00000012.jpg,dress
img/Embroidered_Faux_Leather_Pencil_Skirt/img_00000041.jpg,33,test,data/raw/deepfashion/img/Embroidered_Faux_Leather_Pencil_Skirt/img_00000041.jpg,dress
img/Faux_Leather-Paneled_Leggings/img_00000050.jpg,30,test,data/raw/deepfashion/img/Faux_Leather-Paneled_Leggings/img_00000050.jpg,dress
img/Buttoned_Denim_Skirt/img_00000017.jpg,33,test,data/raw/deepfashion/img/Buttoned_Denim_Skirt/img_00000017.jpg,dress
img/Tribal_Print_Knit_Leggings/img_00000038.jpg,30,test,data/raw/deepfashion/img/Tribal_Print_Knit_Leggings/img_00000038.jpg,dress
img/Drawstring_Crepe_Shorts/img_00000036.jpg,32,test,data/raw/deepfashion/img/Drawstring_Crepe_Shorts/img_00000036.jpg,dress
img/Colored_Denim_Shorts/img_00000077.jpg,32,test,data/raw/deepfashion/img/Colored_Denim_Shorts/img_00000077.jpg,dress
img/Lace-Hem_Floral_PJ_Shorts/img_00000049.jpg,32,test,data/raw/deepfashion/img/Lace-Hem_Floral_PJ_Shorts/img_00000049.jpg,dress
img/Sequined_Tweed_Skirt/img_00000035.jpg,33,test,data/raw/deepfashion/img/Sequined_Tweed_Skirt/img_00000035.jpg,dress
img/Floral_A-Line_Midi_Skirt/img_00000011.jpg,33,test,data/raw/deepfashion/img/Floral_A-Line_Midi_Skirt/img_00000011.jpg,dress
img/Drop-Crotch_Drawstring_Sweatshorts/img_00000043.jpg,35,test,data/raw/deepfashion/img/Drop-Crotch_Drawstring_Sweatshorts/img_00000043.jpg,dress
img/Dotted_Tulle_Maxi_Skirt/img_00000012.jpg,33,test,data/raw/deepfashion/img/Dotted_Tulle_Maxi_Skirt/img_00000012.jpg,dress
img/Polka_Dot_Swim_Trunks/img_00000016.jpg,36,test,data/raw/deepfashion/img/Polka_Dot_Swim_Trunks/img_00000016.jpg,dress
img/Mesh-Pocket_Sweatshorts/img_00000048.jpg,35,test,data/raw/deepfashion/img/Mesh-Pocket_Sweatshorts/img_00000048.jpg,dress
img/Sequined_Geo-Embroidered_Mini_Skirt/img_00000017.jpg,33,test,data/raw/deepfashion/img/Sequined_Geo-Embroidered_Mini_Skirt/img_00000017.jpg,dress
img/Striped_Bodycon_Skirt/img_00000031.jpg,33,test,data/raw/deepfashion/img/Striped_Bodycon_Skirt/img_00000031.jpg,dress
img/M-Slit_Knit_Maxi_Skirt/img_00000049.jpg,33,test,data/raw/deepfashion/img/M-Slit_Knit_Maxi_Skirt/img_00000049.jpg,dress
img/Distressed_Chino_Joggers/img_00000005.jpg,29,test,data/raw/deepfashion/img/Distressed_Chino_Joggers/img_00000005.jpg,dress
img/Contrast-Front_Knit_Sweater/img_00000016.jpg,16,test,data/raw/deepfashion/img/Contrast-Front_Knit_Sweater/img_00000016.jpg,dress
img/Rose_Print_Skirt/img_00000039.jpg,33,test,data/raw/deepfashion/img/Rose_Print_Skirt/img_00000039.jpg,dress
img/Lattice_Knit_Sweater/img_00000007.jpg,16,test,data/raw/deepfashion/img/Lattice_Knit_Sweater/img_00000007.jpg,dress
img/Rhinestone_Beaded_Sweater/img_00000034.jpg,16,test,data/raw/deepfashion/img/Rhinestone_Beaded_Sweater/img_00000034.jpg,dress
img/Two-Tone_Drawstring_Sweatpants/img_00000004.jpg,34,test,data/raw/deepfashion/img/Two-Tone_Drawstring_Sweatpants/img_00000004.jpg,dress
img/Loose-Knit_Boxy_Sweater/img_00000002.jpg,16,test,data/raw/deepfashion/img/Loose-Knit_Boxy_Sweater/img_00000002.jpg,dress
img/Eyelash_Knit_Ball_Sweater/img_00000021.jpg,16,test,data/raw/deepfashion/img/Eyelash_Knit_Ball_Sweater/img_00000021.jpg,dress
img/Belted_Trench_Coat/img_00000047.jpg,39,test,data/raw/deepfashion/img/Belted_Trench_Coat/img_00000047.jpg,dress
img/Voyager_Shorts/img_00000019.jpg,32,test,data/raw/deepfashion/img/Voyager_Shorts/img_00000019.jpg,dress
img/Scalloped_Lace_Shorts/img_00000031.jpg,32,test,data/raw/deepfashion/img/Scalloped_Lace_Shorts/img_00000031.jpg,dress
img/Lace-Trimmed_Capri_Leggings/img_00000002.jpg,30,test,data/raw/deepfashion/img/Lace-Trimmed_Capri_Leggings/img_00000002.jpg,dress
img/Cardio_Graphic_Sweater/img_00000034.jpg,16,test,data/raw/deepfashion/img/Cardio_Graphic_Sweater/img_00000034.jpg,dress
img/Ornate_Floral_Print_Shorts/img_00000005.jpg,32,test,data/raw/deepfashion/img/Ornate_Floral_Print_Shorts/img_00000005.jpg,dress
img/Zippered_Faux_Leather_Shorts/img_00000046.jpg,32,test,data/raw/deepfashion/img/Zippered_Faux_Leather_Shorts/img_00000046.jpg,dress
img/Embroidered_Faux_Leather_Pencil_Skirt/img_00000036.jpg,33,test,data/raw/deepfashion/img/Embroidered_Faux_Leather_Pencil_Skirt/img_00000036.jpg,dress
img/Pom_Pom-Trim_Macram&eacute;_Sweater/img_00000012.jpg,16,test,data/raw/deepfashion/img/Pom_Pom-Trim_Macram&eacute;_Sweater/img_00000012.jpg,dress
img/Yoga_Capri_Leggings/img_00000068.jpg,30,test,data/raw/deepfashion/img/Yoga_Capri_Leggings/img_00000068.jpg,dress
img/Destroyed_Denim_Shorts/img_00000068.jpg,32,test,data/raw/deepfashion/img/Destroyed_Denim_Shorts/img_00000068.jpg,dress
img/Life_In_Progress_Hooded_Chambray_Coat/img_00000015.jpg,39,test,data/raw/deepfashion/img/Life_In_Progress_Hooded_Chambray_Coat/img_00000015.jpg,dress
img/Easy_Open-Knit_Sweater/img_00000011.jpg,16,test,data/raw/deepfashion/img/Easy_Open-Knit_Sweater/img_00000011.jpg,dress
img/Cutout_Purl_Knit_Sweater/img_00000031.jpg,16,test,data/raw/deepfashion/img/Cutout_Purl_Knit_Sweater/img_00000031.jpg,dress
img/Baroque_Print_Woven_Joggers/img_00000020.jpg,29,test,data/raw/deepfashion/img/Baroque_Print_Woven_Joggers/img_00000020.jpg,dress
img/Drawstring_Denim_Cargo_Joggers/img_00000022.jpg,29,test,data/raw/deepfashion/img/Drawstring_Denim_Cargo_Joggers/img_00000022.jpg,dress
img/Paris_Graphic_Sweatpants/img_00000024.jpg,34,test,data/raw/deepfashion/img/Paris_Graphic_Sweatpants/img_00000024.jpg,dress
img/Mid-Rise_Denim_Shorts/img_00000011.jpg,32,test,data/raw/deepfashion/img/Mid-Rise_Denim_Shorts/img_00000011.jpg,dress
img/Reason_Camo_Joggers/img_00000012.jpg,29,test,data/raw/deepfashion/img/Reason_Camo_Joggers/img_00000012.jpg,dress
img/Sunburst_Print_Workout_Shorts/img_00000017.jpg,32,test,data/raw/deepfashion/img/Sunburst_Print_Workout_Shorts/img_00000017.jpg,dress
img/Luxe-Printed_Workout_Leggings/img_00000047.jpg,30,test,data/raw/deepfashion/img/Luxe-Printed_Workout_Leggings/img_00000047.jpg,dress
img/Do_Not_Care_Sweater/img_00000041.jpg,16,test,data/raw/deepfashion/img/Do_Not_Care_Sweater/img_00000041.jpg,dress
img/Heathered_Graphite_Floral_Sweatshorts/img_00000024.jpg,35,test,data/raw/deepfashion/img/Heathered_Graphite_Floral_Sweatshorts/img_00000024.jpg,dress
img/Distressed_Denim_Faded_Cutoffs/img_00000010.jpg,24,test,data/raw/deepfashion/img/Distressed_Denim_Faded_Cutoffs/img_00000010.jpg,pants_or_shorts
img/Ripped_Denim_Cutoffs/img_00000027.jpg,24,test,data/raw/deepfashion/img/Ripped_Denim_Cutoffs/img_00000027.jpg,pants_or_shorts
img/Distressed_Light_Wash_-_Slim_Fit_Jeans/img_00000022.jpg,26,test,data/raw/deepfashion/img/Distressed_Light_Wash_-_Slim_Fit_Jeans/img_00000022.jpg,pants_or_shorts
img/Acid_Wash_Boyfriend_Jeans/img_00000034.jpg,26,test,data/raw/deepfashion/img/Acid_Wash_Boyfriend_Jeans/img_00000034.jpg,pants_or_shorts
img/Pleated_Wide-Leg_Culottes/img_00000052.jpg,23,test,data/raw/deepfashion/img/Pleated_Wide-Leg_Culottes/img_00000052.jpg,pants_or_shorts
img/Faded_Denim_Cutoffs/img_00000022.jpg,24,test,data/raw/deepfashion/img/Faded_Denim_Cutoffs/img_00000022.jpg,pants_or_shorts
img/Mid-Rise_-_Acid_Wash_Skinny_Jeans/img_00000050.jpg,26,test,data/raw/deepfashion/img/Mid-Rise_-_Acid_Wash_Skinny_Jeans/img_00000050.jpg,pants_or_shorts
img/Dark_Wash_-_Slim_Fit_Jeans/img_00000037.jpg,26,test,data/raw/deepfashion/img/Dark_Wash_-_Slim_Fit_Jeans/img_00000037.jpg,pants_or_shorts
img/Americana_Skinny_Jeans/img_00000022.jpg,26,test,data/raw/deepfashion/img/Americana_Skinny_Jeans/img_00000022.jpg,pants_or_shorts
img/Mid-Rise_-_Distressed_Boyfriend_Jeans/img_00000002.jpg,26,test,data/raw/deepfashion/img/Mid-Rise_-_Distressed_Boyfriend_Jeans/img_00000002.jpg,pants_or_shorts
img/No-Fuss_Distressed_Cutoffs/img_00000015.jpg,24,test,data/raw/deepfashion/img/No-Fuss_Distressed_Cutoffs/img_00000015.jpg,pants_or_shorts
img/Distressed_Cloud_Wash_Cutoffs/img_00000005.jpg,24,test,data/raw/deepfashion/img/Distressed_Cloud_Wash_Cutoffs/img_00000005.jpg,pants_or_shorts
img/Pleated_Culottes/img_00000056.jpg,23,test,data/raw/deepfashion/img/Pleated_Culottes/img_00000056.jpg,pants_or_shorts
img/Elasticized_Flared_Jeans/img_00000004.jpg,26,test,data/raw/deepfashion/img/Elasticized_Flared_Jeans/img_00000004.jpg,pants_or_shorts
img/Mixed_Stripe_Linen-Blend_Culottes/img_00000007.jpg,23,test,data/raw/deepfashion/img/Mixed_Stripe_Linen-Blend_Culottes/img_00000007.jpg,pants_or_shorts
img/Faded_Stretch-Fit_Skinny_Jeans/img_00000033.jpg,26,test,data/raw/deepfashion/img/Faded_Stretch-Fit_Skinny_Jeans/img_00000033.jpg,pants_or_shorts
img/Buttoned_Distressed_Denim_Cutoffs/img_00000030.jpg,24,test,data/raw/deepfashion/img/Buttoned_Distressed_Denim_Cutoffs/img_00000030.jpg,pants_or_shorts
img/Distressed_Cropped_Jeans/img_00000025.jpg,26,test,data/raw/deepfashion/img/Distressed_Cropped_Jeans/img_00000025.jpg,pants_or_shorts
img/High-Waisted_Distressed_Boyfriend_Jeans/img_00000043.jpg,26,test,data/raw/deepfashion/img/High-Waisted_Distressed_Boyfriend_Jeans/img_00000043.jpg,pants_or_shorts
img/Bleached_Low-Rise_Skinny_Jeans/img_00000016.jpg,26,test,data/raw/deepfashion/img/Bleached_Low-Rise_Skinny_Jeans/img_00000016.jpg,pants_or_shorts
img/Stretch_Fit_Classic_Skinny_Jeans/img_00000015.jpg,26,test,data/raw/deepfashion/img/Stretch_Fit_Classic_Skinny_Jeans/img_00000015.jpg,pants_or_shorts
img/High-Rise_Mom_Jeans/img_00000016.jpg,26,test,data/raw/deepfashion/img/High-Rise_Mom_Jeans/img_00000016.jpg,pants_or_shorts
img/Clean_Wash_-_Slim_Fit_Jeans/img_00000031.jpg,26,test,data/raw/deepfashion/img/Clean_Wash_-_Slim_Fit_Jeans/img_00000031.jpg,pants_or_shorts
img/High-Waisted_Matelot_Skinny_Jeans/img_00000016.jpg,26,test,data/raw/deepfashion/img/High-Waisted_Matelot_Skinny_Jeans/img_00000016.jpg,pants_or_shorts
img/Life_In_Progress_Low-Rise_Skinny_Jeans/img_00000002.jpg,26,test,data/raw/deepfashion/img/Life_In_Progress_Low-Rise_Skinny_Jeans/img_00000002.jpg,pants_or_shorts
img/Distressed_High-Waisted_Cutoffs/img_00000015.jpg,24,test,data/raw/deepfashion/img/Distressed_High-Waisted_Cutoffs/img_00000015.jpg,pants_or_shorts
img/Faded_&_Frayed_Denim_Cutoffs/img_00000036.jpg,24,test,data/raw/deepfashion/img/Faded_&_Frayed_Denim_Cutoffs/img_00000036.jpg,pants_or_shorts
img/Self-Tie_Wrap_Culottes/img_00000035.jpg,23,test,data/raw/deepfashion/img/Self-Tie_Wrap_Culottes/img_00000035.jpg,pants_or_shorts
img/Distressed_Cropped_Jeans/img_00000005.jpg,26,test,data/raw/deepfashion/img/Distressed_Cropped_Jeans/img_00000005.jpg,pants_or_shorts
img/Buttoned_High-Waisted_Skinny_Jeans/img_00000041.jpg,26,test,data/raw/deepfashion/img/Buttoned_High-Waisted_Skinny_Jeans/img_00000041.jpg,pants_or_shorts
img/Distressed_Cropped_Jeans/img_00000060.jpg,26,test,data/raw/deepfashion/img/Distressed_Cropped_Jeans/img_00000060.jpg,pants_or_shorts
img/Polka_Dot_Skinny_Jeans/img_00000075.jpg,26,test,data/raw/deepfashion/img/Polka_Dot_Skinny_Jeans/img_00000075.jpg,pants_or_shorts
img/Sanded_Dark_Wash_-_Skinny_Jeans/img_00000031.jpg,26,test,data/raw/deepfashion/img/Sanded_Dark_Wash_-_Skinny_Jeans/img_00000031.jpg,pants_or_shorts
img/Acid_Wash_Ankle_Jeans/img_00000021.jpg,26,test,data/raw/deepfashion/img/Acid_Wash_Ankle_Jeans/img_00000021.jpg,pants_or_shorts
img/Distressed_Mineral_Wash_Boyfriend_Jeans/img_00000029.jpg,26,test,data/raw/deepfashion/img/Distressed_Mineral_Wash_Boyfriend_Jeans/img_00000029.jpg,pants_or_shorts
img/Floral_Print_Culottes/img_00000063.jpg,23,test,data/raw/deepfashion/img/Floral_Print_Culottes/img_00000063.jpg,pants_or_shorts
img/Crochet_Denim_Cutoffs/img_00000021.jpg,24,test,data/raw/deepfashion/img/Crochet_Denim_Cutoffs/img_00000021.jpg,pants_or_shorts
img/Cloud_Wash_Jeans/img_00000018.jpg,26,test,data/raw/deepfashion/img/Cloud_Wash_Jeans/img_00000018.jpg,pants_or_shorts
img/High_Waist-_Quilted_Moto_Jeggings/img_00000040.jpg,27,test,data/raw/deepfashion/img/High_Waist-_Quilted_Moto_Jeggings/img_00000040.jpg,pants_or_shorts
img/Mom_Fit_Jeans/img_00000026.jpg,26,test,data/raw/deepfashion/img/Mom_Fit_Jeans/img_00000026.jpg,pants_or_shorts
img/Distressed_Whisker_Wash_Jeans/img_00000004.jpg,26,test,data/raw/deepfashion/img/Distressed_Whisker_Wash_Jeans/img_00000004.jpg,pants_or_shorts
img/Classic_Faded_Jeggings/img_00000026.jpg,27,test,data/raw/deepfashion/img/Classic_Faded_Jeggings/img_00000026.jpg,pants_or_shorts
img/High-Rise_Denim_Cutoffs/img_00000015.jpg,24,test,data/raw/deepfashion/img/High-Rise_Denim_Cutoffs/img_00000015.jpg,pants_or_shorts
img/Mineral_Wash_Cutoffs/img_00000012.jpg,24,test,data/raw/deepfashion/img/Mineral_Wash_Cutoffs/img_00000012.jpg,pants_or_shorts
img/Classic_Solid_Skinny_Jeans/img_00000032.jpg,26,test,data/raw/deepfashion/img/Classic_Solid_Skinny_Jeans/img_00000032.jpg,pants_or_shorts
img/Destroyed_Double-Button_Jeans/img_00000053.jpg,26,test,data/raw/deepfashion/img/Destroyed_Double-Button_Jeans/img_00000053.jpg,pants_or_shorts
img/Flared_Jeans/img_00000043.jpg,26,test,data/raw/deepfashion/img/Flared_Jeans/img_00000043.jpg,pants_or_shorts
img/Solid_Denim_Cutoffs/img_00000053.jpg,24,test,data/raw/deepfashion/img/Solid_Denim_Cutoffs/img_00000053.jpg,pants_or_shorts
img/Acid_Wash_Boyfriend_Jeans/img_00000013.jpg,26,test,data/raw/deepfashion/img/Acid_Wash_Boyfriend_Jeans/img_00000013.jpg,pants_or_shorts
img/Low-Rise_Denim_Cutoffs/img_00000037.jpg,24,test,data/raw/deepfashion/img/Low-Rise_Denim_Cutoffs/img_00000037.jpg,pants_or_shorts
img/Mid-Rise_Skinny_Jeans/img_00000090.jpg,26,test,data/raw/deepfashion/img/Mid-Rise_Skinny_Jeans/img_00000090.jpg,pants_or_shorts
img/Mixed_Stripe_Linen-Blend_Culottes/img_00000016.jpg,23,test,data/raw/deepfashion/img/Mixed_Stripe_Linen-Blend_Culottes/img_00000016.jpg,pants_or_shorts
img/Mineral_Wash_Cutoffs/img_00000010.jpg,24,test,data/raw/deepfashion/img/Mineral_Wash_Cutoffs/img_00000010.jpg,pants_or_shorts
img/High-Waisted_Flared_Jeans/img_00000053.jpg,26,test,data/raw/deepfashion/img/High-Waisted_Flared_Jeans/img_00000053.jpg,pants_or_shorts
img/Clean_Wash_Bootleg_Jeans/img_00000068.jpg,26,test,data/raw/deepfashion/img/Clean_Wash_Bootleg_Jeans/img_00000068.jpg,pants_or_shorts
img/Mid-Rise_-_Distressed_Skinny_Jeans/img_00000005.jpg,26,test,data/raw/deepfashion/img/Mid-Rise_-_Distressed_Skinny_Jeans/img_00000005.jpg,pants_or_shorts
img/Life_in_Progress_Patched_Cutoffs/img_00000002.jpg,24,test,data/raw/deepfashion/img/Life_in_Progress_Patched_Cutoffs/img_00000002.jpg,pants_or_shorts
img/Classic_Flared_Jeans/img_00000013.jpg,26,test,data/raw/deepfashion/img/Classic_Flared_Jeans/img_00000013.jpg,pants_or_shorts
img/Classic_Mid-Rise_Skinny_Jeans/img_00000034.jpg,26,test,data/raw/deepfashion/img/Classic_Mid-Rise_Skinny_Jeans/img_00000034.jpg,pants_or_shorts
img/Classic_Distressed_Boyfriend_Jeans/img_00000034.jpg,26,test,data/raw/deepfashion/img/Classic_Distressed_Boyfriend_Jeans/img_00000034.jpg,pants_or_shorts
img/Distressed_Denim_Cutoffs/img_00000062.jpg,24,test,data/raw/deepfashion/img/Distressed_Denim_Cutoffs/img_00000062.jpg,pants_or_shorts
img/Faded_Skinny_Jeans/img_00000036.jpg,26,test,data/raw/deepfashion/img/Faded_Skinny_Jeans/img_00000036.jpg,pants_or_shorts
img/Distressed_Denim_Jeans/img_00000001.jpg,26,test,data/raw/deepfashion/img/Distressed_Denim_Jeans/img_00000001.jpg,pants_or_shorts
img/Chic_High-Waisted_Jeggings/img_00000028.jpg,27,test,data/raw/deepfashion/img/Chic_High-Waisted_Jeggings/img_00000028.jpg,pants_or_shorts
img/Clean_Wash_Slim-Leg_Jeans/img_00000029.jpg,26,test,data/raw/deepfashion/img/Clean_Wash_Slim-Leg_Jeans/img_00000029.jpg,pants_or_shorts
img/Grunge_Bleached_Denim_Cutoffs/img_00000026.jpg,24,test,data/raw/deepfashion/img/Grunge_Bleached_Denim_Cutoffs/img_00000026.jpg,pants_or_shorts
img/Acid_Wash_Boyfriend_Jeans/img_00000057.jpg,26,test,data/raw/deepfashion/img/Acid_Wash_Boyfriend_Jeans/img_00000057.jpg,pants_or_shorts
img/Dotted_Clean_Wash_-_Skinny_Jeans/img_00000034.jpg,26,test,data/raw/deepfashion/img/Dotted_Clean_Wash_-_Skinny_Jeans/img_00000034.jpg,pants_or_shorts
img/Mid-Rise_-_Distressed_Skinny_Jeans/img_00000025.jpg,26,test,data/raw/deepfashion/img/Mid-Rise_-_Distressed_Skinny_Jeans/img_00000025.jpg,pants_or_shorts
img/Mid-Rise_Skinny_Jeans/img_00000030.jpg,26,test,data/raw/deepfashion/img/Mid-Rise_Skinny_Jeans/img_00000030.jpg,pants_or_shorts
img/Distressed_Boyfriend_Jeans/img_00000051.jpg,26,test,data/raw/deepfashion/img/Distressed_Boyfriend_Jeans/img_00000051.jpg,pants_or_shorts
img/Clean_Wash_-_Ripped_Slim-Leg_Jeans/img_00000024.jpg,26,test,data/raw/deepfashion/img/Clean_Wash_-_Ripped_Slim-Leg_Jeans/img_00000024.jpg,pants_or_shorts
img/Acid_Wash_Boyfriend_Jeans/img_00000018.jpg,26,test,data/raw/deepfashion/img/Acid_Wash_Boyfriend_Jeans/img_00000018.jpg,pants_or_shorts
img/Crochet_Denim_Cutoffs/img_00000062.jpg,24,test,data/raw/deepfashion/img/Crochet_Denim_Cutoffs/img_00000062.jpg,pants_or_shorts
img/Cinched_Ankle_Jeans/img_00000016.jpg,26,test,data/raw/deepfashion/img/Cinched_Ankle_Jeans/img_00000016.jpg,pants_or_shorts
img/Faded_Mid-Rise_Skinny_Jeans/img_00000027.jpg,26,test,data/raw/deepfashion/img/Faded_Mid-Rise_Skinny_Jeans/img_00000027.jpg,pants_or_shorts
img/Tonal-Topstitched_Skinny_Jeans/img_00000037.jpg,26,test,data/raw/deepfashion/img/Tonal-Topstitched_Skinny_Jeans/img_00000037.jpg,pants_or_shorts
img/High_Waist-_Quilted_Moto_Jeggings/img_00000052.jpg,27,test,data/raw/deepfashion/img/High_Waist-_Quilted_Moto_Jeggings/img_00000052.jpg,pants_or_shorts
img/Buttoned_Distressed_Denim_Cutoffs/img_00000015.jpg,24,test,data/raw/deepfashion/img/Buttoned_Distressed_Denim_Cutoffs/img_00000015.jpg,pants_or_shorts
img/High-Rise_Denim_Cutoffs/img_00000027.jpg,24,test,data/raw/deepfashion/img/High-Rise_Denim_Cutoffs/img_00000027.jpg,pants_or_shorts
img/Distressed_Skinny_Jeans/img_00000007.jpg,26,test,data/raw/deepfashion/img/Distressed_Skinny_Jeans/img_00000007.jpg,pants_or_shorts
img/Buttoned_High-Waisted_Skinny_Jeans/img_00000009.jpg,26,test,data/raw/deepfashion/img/Buttoned_High-Waisted_Skinny_Jeans/img_00000009.jpg,pants_or_shorts
img/Cuffed_Denim_Cutoffs/img_00000027.jpg,24,test,data/raw/deepfashion/img/Cuffed_Denim_Cutoffs/img_00000027.jpg,pants_or_shorts
img/Life_in_Progress_Distressed_Low-Rise_Skinny_Jeans/img_00000016.jpg,26,test,data/raw/deepfashion/img/Life_in_Progress_Distressed_Low-Rise_Skinny_Jeans/img_00000016.jpg,pants_or_shorts
img/High-Waisted_Matelot_Skinny_Jeans/img_00000043.jpg,26,test,data/raw/deepfashion/img/High-Waisted_Matelot_Skinny_Jeans/img_00000043.jpg,pants_or_shorts
img/Cloud_Wash_Skinny_Jeans/img_00000011.jpg,26,test,data/raw/deepfashion/img/Cloud_Wash_Skinny_Jeans/img_00000011.jpg,pants_or_shorts
img/Medium_Wash_-_Slim_Fit_Jeans/img_00000017.jpg,26,test,data/raw/deepfashion/img/Medium_Wash_-_Slim_Fit_Jeans/img_00000017.jpg,pants_or_shorts
img/Velveteen_Paisley_Skinny_Jeans/img_00000002.jpg,26,test,data/raw/deepfashion/img/Velveteen_Paisley_Skinny_Jeans/img_00000002.jpg,pants_or_shorts
img/Light_Wash_-_Skinny_Jeans/img_00000037.jpg,26,test,data/raw/deepfashion/img/Light_Wash_-_Skinny_Jeans/img_00000037.jpg,pants_or_shorts
img/Classic_Skinny_Jeans/img_00000011.jpg,26,test,data/raw/deepfashion/img/Classic_Skinny_Jeans/img_00000011.jpg,pants_or_shorts
img/Classic_Wash_-_Slim_Fit_Jeans/img_00000022.jpg,26,test,data/raw/deepfashion/img/Classic_Wash_-_Slim_Fit_Jeans/img_00000022.jpg,pants_or_shorts
img/Mid-Rise_-_Acid_Wash_Skinny_Jeans/img_00000009.jpg,26,test,data/raw/deepfashion/img/Mid-Rise_-_Acid_Wash_Skinny_Jeans/img_00000009.jpg,pants_or_shorts
img/Destroyed_Cropped_Jeans/img_00000067.jpg,26,test,data/raw/deepfashion/img/Destroyed_Cropped_Jeans/img_00000067.jpg,pants_or_shorts
img/Polka_Dot_Skinny_Jeans/img_00000035.jpg,26,test,data/raw/deepfashion/img/Polka_Dot_Skinny_Jeans/img_00000035.jpg,pants_or_shorts
img/Crochet-Patch_Boyfriend_Jeans/img_00000045.jpg,26,test,data/raw/deepfashion/img/Crochet-Patch_Boyfriend_Jeans/img_00000045.jpg,pants_or_shorts
img/Acid_Wash_Ankle_Jeans/img_00000062.jpg,26,test,data/raw/deepfashion/img/Acid_Wash_Ankle_Jeans/img_00000062.jpg,pants_or_shorts
img/Acid_Wash_Mom_Jeans/img_00000035.jpg,26,test,data/raw/deepfashion/img/Acid_Wash_Mom_Jeans/img_00000035.jpg,pants_or_shorts
img/Classic_Bootcut_Jeans/img_00000060.jpg,26,test,data/raw/deepfashion/img/Classic_Bootcut_Jeans/img_00000060.jpg,pants_or_shorts
img/Mineral_Wash_Boyfriend_Jeans/img_00000014.jpg,26,test,data/raw/deepfashion/img/Mineral_Wash_Boyfriend_Jeans/img_00000014.jpg,pants_or_shorts
img/Classic_Denim_Cutoffs/img_00000004.jpg,24,test,data/raw/deepfashion/img/Classic_Denim_Cutoffs/img_00000004.jpg,pants_or_shorts
img/Elasticized_Flared_Jeans/img_00000044.jpg,26,test,data/raw/deepfashion/img/Elasticized_Flared_Jeans/img_00000044.jpg,pants_or_shorts
img/Acid_Wash_Boyfriend_Jeans/img_00000078.jpg,26,test,data/raw/deepfashion/img/Acid_Wash_Boyfriend_Jeans/img_00000078.jpg,pants_or_shorts
img/Classic_Slim_Denim_Jeans/img_00000045.jpg,26,test,data/raw/deepfashion/img/Classic_Slim_Denim_Jeans/img_00000045.jpg,pants_or_shorts
img/Dark_Wash_Jeggings/img_00000063.jpg,27,test,data/raw/deepfashion/img/Dark_Wash_Jeggings/img_00000063.jpg,pants_or_shorts
img/Bleached_Low-Rise_Skinny_Jeans/img_00000038.jpg,26,test,data/raw/deepfashion/img/Bleached_Low-Rise_Skinny_Jeans/img_00000038.jpg,pants_or_shorts
img/High-Rise_Mom_Jeans/img_00000008.jpg,26,test,data/raw/deepfashion/img/High-Rise_Mom_Jeans/img_00000008.jpg,pants_or_shorts
img/Mixed_Stripe_Linen-Blend_Culottes/img_00000011.jpg,23,test,data/raw/deepfashion/img/Mixed_Stripe_Linen-Blend_Culottes/img_00000011.jpg,pants_or_shorts
img/Flat-Front_Skinny_Jeans/img_00000043.jpg,26,test,data/raw/deepfashion/img/Flat-Front_Skinny_Jeans/img_00000043.jpg,pants_or_shorts
img/Tonal-Topstitched_Skinny_Jeans/img_00000040.jpg,26,test,data/raw/deepfashion/img/Tonal-Topstitched_Skinny_Jeans/img_00000040.jpg,pants_or_shorts
img/Faded_Stretch-Fit_Skinny_Jeans/img_00000035.jpg,26,test,data/raw/deepfashion/img/Faded_Stretch-Fit_Skinny_Jeans/img_00000035.jpg,pants_or_shorts
img/High-Rise_Mom_Jeans/img_00000009.jpg,26,test,data/raw/deepfashion/img/High-Rise_Mom_Jeans/img_00000009.jpg,pants_or_shorts
img/Clean_Wash_Bootleg_Jeans/img_00000032.jpg,26,test,data/raw/deepfashion/img/Clean_Wash_Bootleg_Jeans/img_00000032.jpg,pants_or_shorts
img/Distressed_Denim_Jeans/img_00000003.jpg,26,test,data/raw/deepfashion/img/Distressed_Denim_Jeans/img_00000003.jpg,pants_or_shorts
img/Crochet_Denim_Cutoffs/img_00000067.jpg,24,test,data/raw/deepfashion/img/Crochet_Denim_Cutoffs/img_00000067.jpg,pants_or_shorts
img/Patched_Straight-Leg_Jeans/img_00000065.jpg,26,test,data/raw/deepfashion/img/Patched_Straight-Leg_Jeans/img_00000065.jpg,pants_or_shorts
img/Mid_Rise_-_Skinny_Jeans/img_00000003.jpg,26,test,data/raw/deepfashion/img/Mid_Rise_-_Skinny_Jeans/img_00000003.jpg,pants_or_shorts
img/Favorite_Ankle-Length_Skinny_Jeans/img_00000031.jpg,26,test,data/raw/deepfashion/img/Favorite_Ankle-Length_Skinny_Jeans/img_00000031.jpg,pants_or_shorts
img/Drawstring_Chino_Cutoffs/img_00000034.jpg,24,test,data/raw/deepfashion/img/Drawstring_Chino_Cutoffs/img_00000034.jpg,pants_or_shorts
img/Mom_Fit_Jeans/img_00000033.jpg,26,test,data/raw/deepfashion/img/Mom_Fit_Jeans/img_00000033.jpg,pants_or_shorts
img/Whiskered_Skinny_Jeans/img_00000047.jpg,26,test,data/raw/deepfashion/img/Whiskered_Skinny_Jeans/img_00000047.jpg,pants_or_shorts
img/High-Waist_Acid_Wash_Jeans/img_00000023.jpg,26,test,data/raw/deepfashion/img/High-Waist_Acid_Wash_Jeans/img_00000023.jpg,pants_or_shorts
img/Classic_High-Waisted_Jeans/img_00000067.jpg,26,test,data/raw/deepfashion/img/Classic_High-Waisted_Jeans/img_00000067.jpg,pants_or_shorts
img/Classic_Slim_Denim_Jeans/img_00000040.jpg,26,test,data/raw/deepfashion/img/Classic_Slim_Denim_Jeans/img_00000040.jpg,pants_or_shorts
img/Skinny_Ankle_Jeans/img_00000039.jpg,26,test,data/raw/deepfashion/img/Skinny_Ankle_Jeans/img_00000039.jpg,pants_or_shorts
img/High-Waisted_-_Skinny_Jeans/img_00000009.jpg,26,test,data/raw/deepfashion/img/High-Waisted_-_Skinny_Jeans/img_00000009.jpg,pants_or_shorts
img/Buttoned_Distressed_Denim_Cutoffs/img_00000010.jpg,24,test,data/raw/deepfashion/img/Buttoned_Distressed_Denim_Cutoffs/img_00000010.jpg,pants_or_shorts
img/High-Rise_Mom_Jeans/img_00000036.jpg,26,test,data/raw/deepfashion/img/High-Rise_Mom_Jeans/img_00000036.jpg,pants_or_shorts
img/Classic_Skinny_Jeans/img_00000044.jpg,26,test,data/raw/deepfashion/img/Classic_Skinny_Jeans/img_00000044.jpg,pants_or_shorts
img/Drawstring_Chino_Cutoffs/img_00000036.jpg,24,test,data/raw/deepfashion/img/Drawstring_Chino_Cutoffs/img_00000036.jpg,pants_or_shorts
img/Classic_Slim-Leg_Jeans/img_00000024.jpg,26,test,data/raw/deepfashion/img/Classic_Slim-Leg_Jeans/img_00000024.jpg,pants_or_shorts
img/White_Distressed_Skinny_Jeans/img_00000039.jpg,26,test,data/raw/deepfashion/img/White_Distressed_Skinny_Jeans/img_00000039.jpg,pants_or_shorts
img/Low-Rise_-_Classic_Skinny_Jeans/img_00000021.jpg,26,test,data/raw/deepfashion/img/Low-Rise_-_Classic_Skinny_Jeans/img_00000021.jpg,pants_or_shorts
img/High-Rise_-__Mineral_Wash_Skinny_Jeans/img_00000008.jpg,26,test,data/raw/deepfashion/img/High-Rise_-__Mineral_Wash_Skinny_Jeans/img_00000008.jpg,pants_or_shorts
img/Dark_Wash_-_Slim_Fit_Jeans/img_00000039.jpg,26,test,data/raw/deepfashion/img/Dark_Wash_-_Slim_Fit_Jeans/img_00000039.jpg,pants_or_shorts
img/Bleached_Denim_Cutoffs/img_00000070.jpg,24,test,data/raw/deepfashion/img/Bleached_Denim_Cutoffs/img_00000070.jpg,pants_or_shorts
img/Destroyed_Double-Button_Jeans/img_00000014.jpg,26,test,data/raw/deepfashion/img/Destroyed_Double-Button_Jeans/img_00000014.jpg,pants_or_shorts
img/Distressed_Whisker_Wash_Jeans/img_00000038.jpg,26,test,data/raw/deepfashion/img/Distressed_Whisker_Wash_Jeans/img_00000038.jpg,pants_or_shorts
img/High-Rise_-_Flat_Front_Skinny_Jeans/img_00000012.jpg,26,test,data/raw/deepfashion/img/High-Rise_-_Flat_Front_Skinny_Jeans/img_00000012.jpg,pants_or_shorts
img/Topstitched_Jodhpurs/img_00000019.jpg,28,test,data/raw/deepfashion/img/Topstitched_Jodhpurs/img_00000019.jpg,pants_or_shorts
img/Distressed_Denim_Cutoffs/img_00000016.jpg,24,test,data/raw/deepfashion/img/Distressed_Denim_Cutoffs/img_00000016.jpg,pants_or_shorts
img/Frayed_Denim_Gauchos/img_00000034.jpg,25,test,data/raw/deepfashion/img/Frayed_Denim_Gauchos/img_00000034.jpg,pants_or_shorts
img/Destroyed_Double-Button_Jeans/img_00000040.jpg,26,test,data/raw/deepfashion/img/Destroyed_Double-Button_Jeans/img_00000040.jpg,pants_or_shorts
img/Mid-Rise_-_Acid_Wash_Jeggings/img_00000022.jpg,27,test,data/raw/deepfashion/img/Mid-Rise_-_Acid_Wash_Jeggings/img_00000022.jpg,pants_or_shorts
img/Acid_Wash_Boyfriend_Jeans/img_00000081.jpg,26,test,data/raw/deepfashion/img/Acid_Wash_Boyfriend_Jeans/img_00000081.jpg,pants_or_shorts
img/Distressed_High-Waisted_Cutoffs/img_00000002.jpg,24,test,data/raw/deepfashion/img/Distressed_High-Waisted_Cutoffs/img_00000002.jpg,pants_or_shorts
img/Mineral_Wash_Jeggings/img_00000007.jpg,27,test,data/raw/deepfashion/img/Mineral_Wash_Jeggings/img_00000007.jpg,pants_or_shorts
img/Mid_Rise-_Destroyed_Straight_Leg_Ankle_Jeans/img_00000019.jpg,26,test,data/raw/deepfashion/img/Mid_Rise-_Destroyed_Straight_Leg_Ankle_Jeans/img_00000019.jpg,pants_or_shorts
img/Paisley_Print_Culottes/img_00000030.jpg,23,test,data/raw/deepfashion/img/Paisley_Print_Culottes/img_00000030.jpg,pants_or_shorts
img/Distressed_Skinny_Jeans/img_00000004.jpg,26,test,data/raw/deepfashion/img/Distressed_Skinny_Jeans/img_00000004.jpg,pants_or_shorts
img/Classic_Soft_Jeggings/img_00000001.jpg,27,test,data/raw/deepfashion/img/Classic_Soft_Jeggings/img_00000001.jpg,pants_or_shorts
img/High-Rise_Skinny_Jeans/img_00000002.jpg,26,test,data/raw/deepfashion/img/High-Rise_Skinny_Jeans/img_00000002.jpg,pants_or_shorts
img/Ripped_&_Frayed_Denim_Cutoffs/img_00000032.jpg,24,test,data/raw/deepfashion/img/Ripped_&_Frayed_Denim_Cutoffs/img_00000032.jpg,pants_or_shorts
img/Distressed_Patchwork_Jeans/img_00000049.jpg,26,test,data/raw/deepfashion/img/Distressed_Patchwork_Jeans/img_00000049.jpg,pants_or_shorts
img/Faded_Distressed_Jeans/img_00000054.jpg,26,test,data/raw/deepfashion/img/Faded_Distressed_Jeans/img_00000054.jpg,pants_or_shorts
img/Classic_Mom_Jeans/img_00000029.jpg,26,test,data/raw/deepfashion/img/Classic_Mom_Jeans/img_00000029.jpg,pants_or_shorts
img/Tonal-Topstitched_Skinny_Jeans/img_00000006.jpg,26,test,data/raw/deepfashion/img/Tonal-Topstitched_Skinny_Jeans/img_00000006.jpg,pants_or_shorts
img/Destroyed_Cropped_Jeans/img_00000042.jpg,26,test,data/raw/deepfashion/img/Destroyed_Cropped_Jeans/img_00000042.jpg,pants_or_shorts
img/Distressed_Low-Rise_Cutoffs/img_00000035.jpg,24,test,data/raw/deepfashion/img/Distressed_Low-Rise_Cutoffs/img_00000035.jpg,pants_or_shorts
img/Acid_Wash_Distressed_Jeans/img_00000054.jpg,26,test,data/raw/deepfashion/img/Acid_Wash_Distressed_Jeans/img_00000054.jpg,pants_or_shorts
img/Distressed_High-Waisted_Cutoffs/img_00000023.jpg,24,test,data/raw/deepfashion/img/Distressed_High-Waisted_Cutoffs/img_00000023.jpg,pants_or_shorts
img/Bleached_Skinny_Jeans/img_00000012.jpg,26,test,data/raw/deepfashion/img/Bleached_Skinny_Jeans/img_00000012.jpg,pants_or_shorts
img/Classic_Bootcut_Jeans/img_00000003.jpg,26,test,data/raw/deepfashion/img/Classic_Bootcut_Jeans/img_00000003.jpg,pants_or_shorts
img/Mid-Rise_-_Distressed_Skinny_Jeans/img_00000060.jpg,26,test,data/raw/deepfashion/img/Mid-Rise_-_Distressed_Skinny_Jeans/img_00000060.jpg,pants_or_shorts
img/Buttoned_Distressed_Denim_Cutoffs/img_00000043.jpg,24,test,data/raw/deepfashion/img/Buttoned_Distressed_Denim_Cutoffs/img_00000043.jpg,pants_or_shorts
img/High-Rise_Skinny_Jeans/img_00000031.jpg,26,test,data/raw/deepfashion/img/High-Rise_Skinny_Jeans/img_00000031.jpg,pants_or_shorts
img/Low-Rise_-_Distressed_Skinny_Jeans/img_00000037.jpg,26,test,data/raw/deepfashion/img/Low-Rise_-_Distressed_Skinny_Jeans/img_00000037.jpg,pants_or_shorts
img/Cloud_Wash_Jeans/img_00000010.jpg,26,test,data/raw/deepfashion/img/Cloud_Wash_Jeans/img_00000010.jpg,pants_or_shorts
img/Medium_Wash_-_Slim_Fit_Jeans/img_00000008.jpg,26,test,data/raw/deepfashion/img/Medium_Wash_-_Slim_Fit_Jeans/img_00000008.jpg,pants_or_shorts
img/Classic_Denim_Cutoffs/img_00000047.jpg,24,test,data/raw/deepfashion/img/Classic_Denim_Cutoffs/img_00000047.jpg,pants_or_shorts
img/Distressed_Mineral_Wash_Boyfriend_Jeans/img_00000024.jpg,26,test,data/raw/deepfashion/img/Distressed_Mineral_Wash_Boyfriend_Jeans/img_00000024.jpg,pants_or_shorts
img/Classic_Distressed_Jeans/img_00000049.jpg,26,test,data/raw/deepfashion/img/Classic_Distressed_Jeans/img_00000049.jpg,pants_or_shorts
img/Classic_High-Waisted_Jeans/img_00000053.jpg,26,test,data/raw/deepfashion/img/Classic_High-Waisted_Jeans/img_00000053.jpg,pants_or_shorts
img/Clean_Wash_Bootleg_Jeans/img_00000019.jpg,26,test,data/raw/deepfashion/img/Clean_Wash_Bootleg_Jeans/img_00000019.jpg,pants_or_shorts
img/Classic_Mom_Jeans/img_00000028.jpg,26,test,data/raw/deepfashion/img/Classic_Mom_Jeans/img_00000028.jpg,pants_or_shorts
img/Classic_Mid-Rise_Skinny_Jeans/img_00000042.jpg,26,test,data/raw/deepfashion/img/Classic_Mid-Rise_Skinny_Jeans/img_00000042.jpg,pants_or_shorts
img/Low-Rise_-_Distressed_Skinny_Jeans/img_00000072.jpg,26,test,data/raw/deepfashion/img/Low-Rise_-_Distressed_Skinny_Jeans/img_00000072.jpg,pants_or_shorts
img/Distressed_Denim_Jeans/img_00000030.jpg,26,test,data/raw/deepfashion/img/Distressed_Denim_Jeans/img_00000030.jpg,pants_or_shorts
img/Destroyed_Denim_Cutoffs/img_00000017.jpg,24,test,data/raw/deepfashion/img/Destroyed_Denim_Cutoffs/img_00000017.jpg,pants_or_shorts
img/Stonewash-_Skinny_Jeans/img_00000055.jpg,26,test,data/raw/deepfashion/img/Stonewash-_Skinny_Jeans/img_00000055.jpg,pants_or_shorts
img/High-Rise_Denim_Cutoffs/img_00000017.jpg,24,test,data/raw/deepfashion/img/High-Rise_Denim_Cutoffs/img_00000017.jpg,pants_or_shorts
img/Favorite_Petite_Skinny_Jeans/img_00000058.jpg,26,test,data/raw/deepfashion/img/Favorite_Petite_Skinny_Jeans/img_00000058.jpg,pants_or_shorts
img/Tonal-Topstitched_Skinny_Jeans/img_00000009.jpg,26,test,data/raw/deepfashion/img/Tonal-Topstitched_Skinny_Jeans/img_00000009.jpg,pants_or_shorts
img/Stonewash-_Skinny_Jeans/img_00000008.jpg,26,test,data/raw/deepfashion/img/Stonewash-_Skinny_Jeans/img_00000008.jpg,pants_or_shorts
img/High_Waist-_Quilted_Moto_Jeggings/img_00000055.jpg,27,test,data/raw/deepfashion/img/High_Waist-_Quilted_Moto_Jeggings/img_00000055.jpg,pants_or_shorts
img/Destroyed_Cropped_Jeans/img_00000027.jpg,26,test,data/raw/deepfashion/img/Destroyed_Cropped_Jeans/img_00000027.jpg,pants_or_shorts
img/Classic_Solid_Skinny_Jeans/img_00000041.jpg,26,test,data/raw/deepfashion/img/Classic_Solid_Skinny_Jeans/img_00000041.jpg,pants_or_shorts
img/Acid_Wash_Ankle_Jeans/img_00000037.jpg,26,test,data/raw/deepfashion/img/Acid_Wash_Ankle_Jeans/img_00000037.jpg,pants_or_shorts
img/Classic_Wash_-_Skinny_Jeans/img_00000004.jpg,26,test,data/raw/deepfashion/img/Classic_Wash_-_Skinny_Jeans/img_00000004.jpg,pants_or_shorts
img/Bleached_Skinny_Jeans/img_00000058.jpg,26,test,data/raw/deepfashion/img/Bleached_Skinny_Jeans/img_00000058.jpg,pants_or_shorts
img/Drawstring_Culottes/img_00000048.jpg,23,test,data/raw/deepfashion/img/Drawstring_Culottes/img_00000048.jpg,pants_or_shorts
img/Stretch_Fit_Skinny_Jeans/img_00000013.jpg,26,test,data/raw/deepfashion/img/Stretch_Fit_Skinny_Jeans/img_00000013.jpg,pants_or_shorts
img/Mixed_Stripe_Linen-Blend_Culottes/img_00000002.jpg,23,test,data/raw/deepfashion/img/Mixed_Stripe_Linen-Blend_Culottes/img_00000002.jpg,pants_or_shorts
img/Light_Wash_-_Skinny_Jeans/img_00000009.jpg,26,test,data/raw/deepfashion/img/Light_Wash_-_Skinny_Jeans/img_00000009.jpg,pants_or_shorts
img/Kaleidoscope_Print_Culottes/img_00000028.jpg,23,test,data/raw/deepfashion/img/Kaleidoscope_Print_Culottes/img_00000028.jpg,pants_or_shorts
img/High-Waisted_Skinny_Jeans/img_00000027.jpg,26,test,data/raw/deepfashion/img/High-Waisted_Skinny_Jeans/img_00000027.jpg,pants_or_shorts
img/Dark_Wash_Jeggings/img_00000041.jpg,27,test,data/raw/deepfashion/img/Dark_Wash_Jeggings/img_00000041.jpg,pants_or_shorts
img/Topstitched_Jodhpurs/img_00000007.jpg,28,test,data/raw/deepfashion/img/Topstitched_Jodhpurs/img_00000007.jpg,pants_or_shorts
img/Mid-Rise_-_Acid_Wash_Jeggings/img_00000013.jpg,27,test,data/raw/deepfashion/img/Mid-Rise_-_Acid_Wash_Jeggings/img_00000013.jpg,pants_or_shorts
img/Paisley_Print_Culottes/img_00000012.jpg,23,test,data/raw/deepfashion/img/Paisley_Print_Culottes/img_00000012.jpg,pants_or_shorts
img/Classic_High-Waisted_Jeans/img_00000042.jpg,26,test,data/raw/deepfashion/img/Classic_High-Waisted_Jeans/img_00000042.jpg,pants_or_shorts
img/Distressed_Denim_Cutoffs/img_00000069.jpg,24,test,data/raw/deepfashion/img/Distressed_Denim_Cutoffs/img_00000069.jpg,pants_or_shorts
img/Classic_Soft_Jeggings/img_00000020.jpg,27,test,data/raw/deepfashion/img/Classic_Soft_Jeggings/img_00000020.jpg,pants_or_shorts
img/Distressed_Mid-Rise_Boyfriend_Jeans/img_00000029.jpg,26,test,data/raw/deepfashion/img/Distressed_Mid-Rise_Boyfriend_Jeans/img_00000029.jpg,pants_or_shorts
img/Floral_Print_Culottes/img_00000052.jpg,23,test,data/raw/deepfashion/img/Floral_Print_Culottes/img_00000052.jpg,pants_or_shorts
img/Buttoned_High-Waisted_Skinny_Jeans/img_00000069.jpg,26,test,data/raw/deepfashion/img/Buttoned_High-Waisted_Skinny_Jeans/img_00000069.jpg,pants_or_shorts
img/Mid-Rise_-_Mineral_Wash_Skinny_Jeans/img_00000009.jpg,26,test,data/raw/deepfashion/img/Mid-Rise_-_Mineral_Wash_Skinny_Jeans/img_00000009.jpg,pants_or_shorts
img/Medium_Wash_-_Straight-Leg_Jeans/img_00000018.jpg,26,test,data/raw/deepfashion/img/Medium_Wash_-_Straight-Leg_Jeans/img_00000018.jpg,pants_or_shorts
img/Crochet_Denim_Cutoffs/img_00000025.jpg,24,test,data/raw/deepfashion/img/Crochet_Denim_Cutoffs/img_00000025.jpg,pants_or_shorts
img/Slim_Fit_Moto_Jeans/img_00000050.jpg,26,test,data/raw/deepfashion/img/Slim_Fit_Moto_Jeans/img_00000050.jpg,pants_or_shorts
img/Skinny_Ankle_Jeans/img_00000020.jpg,26,test,data/raw/deepfashion/img/Skinny_Ankle_Jeans/img_00000020.jpg,pants_or_shorts
img/Clean_Wash_Bootleg_Jeans/img_00000048.jpg,26,test,data/raw/deepfashion/img/Clean_Wash_Bootleg_Jeans/img_00000048.jpg,pants_or_shorts
img/Distressed_Suspender_Jeans/img_00000016.jpg,26,test,data/raw/deepfashion/img/Distressed_Suspender_Jeans/img_00000016.jpg,pants_or_shorts
img/Destroyed_Cropped_Jeans/img_00000018.jpg,26,test,data/raw/deepfashion/img/Destroyed_Cropped_Jeans/img_00000018.jpg,pants_or_shorts
img/Distressed_Light_Wash_-_Slim_Fit_Jeans/img_00000036.jpg,26,test,data/raw/deepfashion/img/Distressed_Light_Wash_-_Slim_Fit_Jeans/img_00000036.jpg,pants_or_shorts
img/Acid_Wash_Distressed_Jeans/img_00000061.jpg,26,test,data/raw/deepfashion/img/Acid_Wash_Distressed_Jeans/img_00000061.jpg,pants_or_shorts
img/Mom_Fit_Jeans/img_00000017.jpg,26,test,data/raw/deepfashion/img/Mom_Fit_Jeans/img_00000017.jpg,pants_or_shorts
img/Classic_Mid-Rise_Skinny_Jeans/img_00000022.jpg,26,test,data/raw/deepfashion/img/Classic_Mid-Rise_Skinny_Jeans/img_00000022.jpg,pants_or_shorts
img/Medium_Wash_-_Straight-Leg_Jeans/img_00000068.jpg,26,test,data/raw/deepfashion/img/Medium_Wash_-_Straight-Leg_Jeans/img_00000068.jpg,pants_or_shorts
img/High-Waisted_-_Skinny_Jeans/img_00000005.jpg,26,test,data/raw/deepfashion/img/High-Waisted_-_Skinny_Jeans/img_00000005.jpg,pants_or_shorts
img/High-Rise_-_Flat_Front_Skinny_Jeans/img_00000032.jpg,26,test,data/raw/deepfashion/img/High-Rise_-_Flat_Front_Skinny_Jeans/img_00000032.jpg,pants_or_shorts
img/Velveteen_Paisley_Skinny_Jeans/img_00000017.jpg,26,test,data/raw/deepfashion/img/Velveteen_Paisley_Skinny_Jeans/img_00000017.jpg,pants_or_shorts
img/Classic_Distressed_Boyfriend_Jeans/img_00000033.jpg,26,test,data/raw/deepfashion/img/Classic_Distressed_Boyfriend_Jeans/img_00000033.jpg,pants_or_shorts
img/Distressed_Cropped_Jeans/img_00000048.jpg,26,test,data/raw/deepfashion/img/Distressed_Cropped_Jeans/img_00000048.jpg,pants_or_shorts
img/Medium_Wash_-_Slim_Fit_Jeans/img_00000010.jpg,26,test,data/raw/deepfashion/img/Medium_Wash_-_Slim_Fit_Jeans/img_00000010.jpg,pants_or_shorts
img/Acid_Wash_Jeans/img_00000035.jpg,26,test,data/raw/deepfashion/img/Acid_Wash_Jeans/img_00000035.jpg,pants_or_shorts
img/Floral_Print_Culottes/img_00000050.jpg,23,test,data/raw/deepfashion/img/Floral_Print_Culottes/img_00000050.jpg,pants_or_shorts
img/Americana_Skinny_Jeans/img_00000026.jpg,26,test,data/raw/deepfashion/img/Americana_Skinny_Jeans/img_00000026.jpg,pants_or_shorts
img/Low-Rise_-_Distressed_Skinny_Jeans/img_00000070.jpg,26,test,data/raw/deepfashion/img/Low-Rise_-_Distressed_Skinny_Jeans/img_00000070.jpg,pants_or_shorts
img/Faded_Skinny_Jeans/img_00000020.jpg,26,test,data/raw/deepfashion/img/Faded_Skinny_Jeans/img_00000020.jpg,pants_or_shorts
img/Coated_Clean_Wash_-_Skinny_Jeans/img_00000017.jpg,26,test,data/raw/deepfashion/img/Coated_Clean_Wash_-_Skinny_Jeans/img_00000017.jpg,pants_or_shorts
img/High-Rise_Mom_Jeans/img_00000032.jpg,26,test,data/raw/deepfashion/img/High-Rise_Mom_Jeans/img_00000032.jpg,pants_or_shorts
img/Classic_Solid_Skinny_Jeans/img_00000047.jpg,26,test,data/raw/deepfashion/img/Classic_Solid_Skinny_Jeans/img_00000047.jpg,pants_or_shorts
img/Sanded_Dark_Wash_-_Skinny_Jeans/img_00000012.jpg,26,test,data/raw/deepfashion/img/Sanded_Dark_Wash_-_Skinny_Jeans/img_00000012.jpg,pants_or_shorts
img/Americana_Skinny_Jeans/img_00000039.jpg,26,test,data/raw/deepfashion/img/Americana_Skinny_Jeans/img_00000039.jpg,pants_or_shorts
img/Faded_Distressed_Jeans/img_00000019.jpg,26,test,data/raw/deepfashion/img/Faded_Distressed_Jeans/img_00000019.jpg,pants_or_shorts
img/Mid-Rise_Skinny_Jeans/img_00000002.jpg,26,test,data/raw/deepfashion/img/Mid-Rise_Skinny_Jeans/img_00000002.jpg,pants_or_shorts
img/Lace-Hemmed_Denim_Cutoffs/img_00000006.jpg,24,test,data/raw/deepfashion/img/Lace-Hemmed_Denim_Cutoffs/img_00000006.jpg,pants_or_shorts
img/Stonewash-_Skinny_Jeans/img_00000011.jpg,26,test,data/raw/deepfashion/img/Stonewash-_Skinny_Jeans/img_00000011.jpg,pants_or_shorts
img/Acid_Wash_Jeggings/img_00000039.jpg,27,test,data/raw/deepfashion/img/Acid_Wash_Jeggings/img_00000039.jpg,pants_or_shorts
img/Mom_Fit_Jeans/img_00000035.jpg,26,test,data/raw/deepfashion/img/Mom_Fit_Jeans/img_00000035.jpg,pants_or_shorts
img/Classic_Flared_Jeans/img_00000044.jpg,26,test,data/raw/deepfashion/img/Classic_Flared_Jeans/img_00000044.jpg,pants_or_shorts
img/Mid-Rise_Skinny_Jeans/img_00000026.jpg,26,test,data/raw/deepfashion/img/Mid-Rise_Skinny_Jeans/img_00000026.jpg,pants_or_shorts
img/White_Distressed_Skinny_Jeans/img_00000068.jpg,26,test,data/raw/deepfashion/img/White_Distressed_Skinny_Jeans/img_00000068.jpg,pants_or_shorts
img/Life_In_Progress_Low-Rise_Skinny_Jeans/img_00000009.jpg,26,test,data/raw/deepfashion/img/Life_In_Progress_Low-Rise_Skinny_Jeans/img_00000009.jpg,pants_or_shorts
img/Classic_Low_Rise_Skinny_Jeans/img_00000011.jpg,26,test,data/raw/deepfashion/img/Classic_Low_Rise_Skinny_Jeans/img_00000011.jpg,pants_or_shorts
img/High-Waisted_Matelot_Skinny_Jeans/img_00000023.jpg,26,test,data/raw/deepfashion/img/High-Waisted_Matelot_Skinny_Jeans/img_00000023.jpg,pants_or_shorts
img/Velveteen_Paisley_Skinny_Jeans/img_00000027.jpg,26,test,data/raw/deepfashion/img/Velveteen_Paisley_Skinny_Jeans/img_00000027.jpg,pants_or_shorts
img/Self-Tie_Wrap_Culottes/img_00000011.jpg,23,test,data/raw/deepfashion/img/Self-Tie_Wrap_Culottes/img_00000011.jpg,pants_or_shorts
img/Lace-Hemmed_Denim_Cutoffs/img_00000007.jpg,24,test,data/raw/deepfashion/img/Lace-Hemmed_Denim_Cutoffs/img_00000007.jpg,pants_or_shorts
img/Distressed_Whisker_Wash_Jeans/img_00000048.jpg,26,test,data/raw/deepfashion/img/Distressed_Whisker_Wash_Jeans/img_00000048.jpg,pants_or_shorts
img/Self-Tie_Wrap_Culottes/img_00000024.jpg,23,test,data/raw/deepfashion/img/Self-Tie_Wrap_Culottes/img_00000024.jpg,pants_or_shorts
img/Bleached_Denim_Cutoffs/img_00000009.jpg,24,test,data/raw/deepfashion/img/Bleached_Denim_Cutoffs/img_00000009.jpg,pants_or_shorts
img/Mid-Rise_-_Distressed_Boyfriend_Jeans/img_00000030.jpg,26,test,data/raw/deepfashion/img/Mid-Rise_-_Distressed_Boyfriend_Jeans/img_00000030.jpg,pants_or_shorts
img/Cinched_Ankle_Jeans/img_00000019.jpg,26,test,data/raw/deepfashion/img/Cinched_Ankle_Jeans/img_00000019.jpg,pants_or_shorts
img/Distressed_High-Waisted_Cutoffs/img_00000041.jpg,24,test,data/raw/deepfashion/img/Distressed_High-Waisted_Cutoffs/img_00000041.jpg,pants_or_shorts
img/Skinny_Ankle_Jeans/img_00000014.jpg,26,test,data/raw/deepfashion/img/Skinny_Ankle_Jeans/img_00000014.jpg,pants_or_shorts
img/Cinched_Ankle_Jeans/img_00000025.jpg,26,test,data/raw/deepfashion/img/Cinched_Ankle_Jeans/img_00000025.jpg,pants_or_shorts
img/Clean_Wash_Bootleg_Jeans/img_00000035.jpg,26,test,data/raw/deepfashion/img/Clean_Wash_Bootleg_Jeans/img_00000035.jpg,pants_or_shorts
img/Clean_Wash_Bootleg_Jeans/img_00000059.jpg,26,test,data/raw/deepfashion/img/Clean_Wash_Bootleg_Jeans/img_00000059.jpg,pants_or_shorts
img/Classic_Wash_-_Skinny_Jeans/img_00000020.jpg,26,test,data/raw/deepfashion/img/Classic_Wash_-_Skinny_Jeans/img_00000020.jpg,pants_or_shorts
img/Acid_Wash_Denim_Cutoffs/img_00000050.jpg,24,test,data/raw/deepfashion/img/Acid_Wash_Denim_Cutoffs/img_00000050.jpg,pants_or_shorts
img/Mineral_Wash_Boyfriend_Jeans/img_00000027.jpg,26,test,data/raw/deepfashion/img/Mineral_Wash_Boyfriend_Jeans/img_00000027.jpg,pants_or_shorts
img/Low-Rise_-__Mineral_Wash_Jeans/img_00000024.jpg,26,test,data/raw/deepfashion/img/Low-Rise_-__Mineral_Wash_Jeans/img_00000024.jpg,pants_or_shorts
img/Faded_Stretch-Fit_Skinny_Jeans/img_00000025.jpg,26,test,data/raw/deepfashion/img/Faded_Stretch-Fit_Skinny_Jeans/img_00000025.jpg,pants_or_shorts
img/Drawstring_Culottes/img_00000053.jpg,23,test,data/raw/deepfashion/img/Drawstring_Culottes/img_00000053.jpg,pants_or_shorts
img/Tonal-Topstitched_Skinny_Jeans/img_00000029.jpg,26,test,data/raw/deepfashion/img/Tonal-Topstitched_Skinny_Jeans/img_00000029.jpg,pants_or_shorts
img/Dark_Wash_-_Paneled_Skinny_Jeans/img_00000014.jpg,26,test,data/raw/deepfashion/img/Dark_Wash_-_Paneled_Skinny_Jeans/img_00000014.jpg,pants_or_shorts
img/Paisley_Print_Culottes/img_00000053.jpg,23,test,data/raw/deepfashion/img/Paisley_Print_Culottes/img_00000053.jpg,pants_or_shorts
img/Classic_Flared_Jeans/img_00000048.jpg,26,test,data/raw/deepfashion/img/Classic_Flared_Jeans/img_00000048.jpg,pants_or_shorts
img/Stretch_Fit_Classic_Skinny_Jeans/img_00000068.jpg,26,test,data/raw/deepfashion/img/Stretch_Fit_Classic_Skinny_Jeans/img_00000068.jpg,pants_or_shorts
img/Favorite_Petite_Skinny_Jeans/img_00000067.jpg,26,test,data/raw/deepfashion/img/Favorite_Petite_Skinny_Jeans/img_00000067.jpg,pants_or_shorts
img/Crochet-Patch_Boyfriend_Jeans/img_00000037.jpg,26,test,data/raw/deepfashion/img/Crochet-Patch_Boyfriend_Jeans/img_00000037.jpg,pants_or_shorts
img/Distressed_Floral_Print_Cutoffs/img_00000030.jpg,24,test,data/raw/deepfashion/img/Distressed_Floral_Print_Cutoffs/img_00000030.jpg,pants_or_shorts
img/Clean_Wash_Jeggings/img_00000051.jpg,27,test,data/raw/deepfashion/img/Clean_Wash_Jeggings/img_00000051.jpg,pants_or_shorts
img/Ripped_&_Frayed_Denim_Cutoffs/img_00000004.jpg,24,test,data/raw/deepfashion/img/Ripped_&_Frayed_Denim_Cutoffs/img_00000004.jpg,pants_or_shorts
img/Faded_Distressed_Jeans/img_00000012.jpg,26,test,data/raw/deepfashion/img/Faded_Distressed_Jeans/img_00000012.jpg,pants_or_shorts
img/Faded_Skinny_Jeans/img_00000034.jpg,26,test,data/raw/deepfashion/img/Faded_Skinny_Jeans/img_00000034.jpg,pants_or_shorts
img/Bleached_Low-Rise_Skinny_Jeans/img_00000046.jpg,26,test,data/raw/deepfashion/img/Bleached_Low-Rise_Skinny_Jeans/img_00000046.jpg,pants_or_shorts
img/Pleated_Culottes/img_00000044.jpg,23,test,data/raw/deepfashion/img/Pleated_Culottes/img_00000044.jpg,pants_or_shorts
img/Distressed_Skinny_Jeans/img_00000054.jpg,26,test,data/raw/deepfashion/img/Distressed_Skinny_Jeans/img_00000054.jpg,pants_or_shorts
img/Classic_Mom_Jeans/img_00000041.jpg,26,test,data/raw/deepfashion/img/Classic_Mom_Jeans/img_00000041.jpg,pants_or_shorts
img/Buttoned_High-Waisted_Skinny_Jeans/img_00000027.jpg,26,test,data/raw/deepfashion/img/Buttoned_High-Waisted_Skinny_Jeans/img_00000027.jpg,pants_or_shorts
img/Cloud_Wash_Distressed_Cutoffs/img_00000006.jpg,24,test,data/raw/deepfashion/img/Cloud_Wash_Distressed_Cutoffs/img_00000006.jpg,pants_or_shorts
img/Everyday_Skinny_Jeans/img_00000005.jpg,26,test,data/raw/deepfashion/img/Everyday_Skinny_Jeans/img_00000005.jpg,pants_or_shorts
img/High-Waisted_Matelot_Skinny_Jeans/img_00000021.jpg,26,test,data/raw/deepfashion/img/High-Waisted_Matelot_Skinny_Jeans/img_00000021.jpg,pants_or_shorts
img/Crochet_Denim_Cutoffs/img_00000022.jpg,24,test,data/raw/deepfashion/img/Crochet_Denim_Cutoffs/img_00000022.jpg,pants_or_shorts
img/Acid_Wash_Boyfriend_Jeans/img_00000063.jpg,26,test,data/raw/deepfashion/img/Acid_Wash_Boyfriend_Jeans/img_00000063.jpg,pants_or_shorts
img/Destroyed_Cropped_Jeans/img_00000046.jpg,26,test,data/raw/deepfashion/img/Destroyed_Cropped_Jeans/img_00000046.jpg,pants_or_shorts
img/Mid-Rise_-_Acid_Wash_Jeggings/img_00000001.jpg,27,test,data/raw/deepfashion/img/Mid-Rise_-_Acid_Wash_Jeggings/img_00000001.jpg,pants_or_shorts
img/Classic_High-Waisted_Jeans/img_00000011.jpg,26,test,data/raw/deepfashion/img/Classic_High-Waisted_Jeans/img_00000011.jpg,pants_or_shorts
img/High-Rise_Mom_Jeans/img_00000014.jpg,26,test,data/raw/deepfashion/img/High-Rise_Mom_Jeans/img_00000014.jpg,pants_or_shorts
img/Mid_Rise-_Destroyed_Straight_Leg_Ankle_Jeans/img_00000041.jpg,26,test,data/raw/deepfashion/img/Mid_Rise-_Destroyed_Straight_Leg_Ankle_Jeans/img_00000041.jpg,pants_or_shorts
img/Acid_Wash_Denim_Cutoffs/img_00000036.jpg,24,test,data/raw/deepfashion/img/Acid_Wash_Denim_Cutoffs/img_00000036.jpg,pants_or_shorts
img/Distressed_Boyfriend_Jeans/img_00000069.jpg,26,test,data/raw/deepfashion/img/Distressed_Boyfriend_Jeans/img_00000069.jpg,pants_or_shorts
img/Distressed_Denim_Cutoffs/img_00000013.jpg,24,test,data/raw/deepfashion/img/Distressed_Denim_Cutoffs/img_00000013.jpg,pants_or_shorts
img/Distressed_Cropped_Jeans/img_00000040.jpg,26,test,data/raw/deepfashion/img/Distressed_Cropped_Jeans/img_00000040.jpg,pants_or_shorts
img/Bleached_Denim_Cutoffs/img_00000055.jpg,24,test,data/raw/deepfashion/img/Bleached_Denim_Cutoffs/img_00000055.jpg,pants_or_shorts
img/Cuffed_Denim_Cutoffs/img_00000008.jpg,24,test,data/raw/deepfashion/img/Cuffed_Denim_Cutoffs/img_00000008.jpg,pants_or_shorts
img/Faded_Skinny_Jeans/img_00000073.jpg,26,test,data/raw/deepfashion/img/Faded_Skinny_Jeans/img_00000073.jpg,pants_or_shorts
img/Distressed_Denim_Cutoffs/img_00000058.jpg,24,test,data/raw/deepfashion/img/Distressed_Denim_Cutoffs/img_00000058.jpg,pants_or_shorts
img/Destroyed_Slim-Leg_Jeans/img_00000052.jpg,26,test,data/raw/deepfashion/img/Destroyed_Slim-Leg_Jeans/img_00000052.jpg,pants_or_shorts
img/Crochet-Trimmed_Denim_Cutoffs/img_00000009.jpg,24,test,data/raw/deepfashion/img/Crochet-Trimmed_Denim_Cutoffs/img_00000009.jpg,pants_or_shorts
img/Distressed_Light_Wash_-_Slim_Fit_Jeans/img_00000054.jpg,26,test,data/raw/deepfashion/img/Distressed_Light_Wash_-_Slim_Fit_Jeans/img_00000054.jpg,pants_or_shorts
img/Crochet_Denim_Cutoffs/img_00000060.jpg,24,test,data/raw/deepfashion/img/Crochet_Denim_Cutoffs/img_00000060.jpg,pants_or_shorts
img/Distressed_Mineral_Wash_Boyfriend_Jeans/img_00000007.jpg,26,test,data/raw/deepfashion/img/Distressed_Mineral_Wash_Boyfriend_Jeans/img_00000007.jpg,pants_or_shorts
img/Wide-Leg_Jeans/img_00000055.jpg,26,test,data/raw/deepfashion/img/Wide-Leg_Jeans/img_00000055.jpg,pants_or_shorts
img/Low-Rise_-_Distressed_Skinny_Jeans/img_00000049.jpg,26,test,data/raw/deepfashion/img/Low-Rise_-_Distressed_Skinny_Jeans/img_00000049.jpg,pants_or_shorts
img/Velveteen_Paisley_Skinny_Jeans/img_00000038.jpg,26,test,data/raw/deepfashion/img/Velveteen_Paisley_Skinny_Jeans/img_00000038.jpg,pants_or_shorts
img/Velveteen_Paisley_Skinny_Jeans/img_00000042.jpg,26,test,data/raw/deepfashion/img/Velveteen_Paisley_Skinny_Jeans/img_00000042.jpg,pants_or_shorts
img/Life_In_Progress_Low-Rise_Skinny_Jeans/img_00000003.jpg,26,test,data/raw/deepfashion/img/Life_In_Progress_Low-Rise_Skinny_Jeans/img_00000003.jpg,pants_or_shorts
img/Clean_Wash_Slim-Leg_Jeans/img_00000016.jpg,26,test,data/raw/deepfashion/img/Clean_Wash_Slim-Leg_Jeans/img_00000016.jpg,pants_or_shorts
img/Low-Rise_Skinny_Jeans/img_00000050.jpg,26,test,data/raw/deepfashion/img/Low-Rise_Skinny_Jeans/img_00000050.jpg,pants_or_shorts
img/Dark_Wash_-_Paneled_Skinny_Jeans/img_00000027.jpg,26,test,data/raw/deepfashion/img/Dark_Wash_-_Paneled_Skinny_Jeans/img_00000027.jpg,pants_or_shorts
img/Pleated_Culottes/img_00000047.jpg,23,test,data/raw/deepfashion/img/Pleated_Culottes/img_00000047.jpg,pants_or_shorts
img/Destroyed_Cropped_Jeans/img_00000007.jpg,26,test,data/raw/deepfashion/img/Destroyed_Cropped_Jeans/img_00000007.jpg,pants_or_shorts
img/Cuffed_Denim_Cutoffs/img_00000022.jpg,24,test,data/raw/deepfashion/img/Cuffed_Denim_Cutoffs/img_00000022.jpg,pants_or_shorts
img/Light_Wash_-_Skinny_Jeans/img_00000044.jpg,26,test,data/raw/deepfashion/img/Light_Wash_-_Skinny_Jeans/img_00000044.jpg,pants_or_shorts
img/Clean_Wash_Slim_Jeans/img_00000016.jpg,26,test,data/raw/deepfashion/img/Clean_Wash_Slim_Jeans/img_00000016.jpg,pants_or_shorts
img/High-Waisted_Mineral_Wash_Jeans/img_00000019.jpg,26,test,data/raw/deepfashion/img/High-Waisted_Mineral_Wash_Jeans/img_00000019.jpg,pants_or_shorts
img/Clean_Wash_Bootleg_Jeans/img_00000071.jpg,26,test,data/raw/deepfashion/img/Clean_Wash_Bootleg_Jeans/img_00000071.jpg,pants_or_shorts
img/Mineral_Wash_Skinny_Jeans/img_00000056.jpg,26,test,data/raw/deepfashion/img/Mineral_Wash_Skinny_Jeans/img_00000056.jpg,pants_or_shorts
img/Low_Rise-_Ankle_Skinny_Jeans/img_00000006.jpg,26,test,data/raw/deepfashion/img/Low_Rise-_Ankle_Skinny_Jeans/img_00000006.jpg,pants_or_shorts
img/Wide-Leg_Jeans/img_00000002.jpg,26,test,data/raw/deepfashion/img/Wide-Leg_Jeans/img_00000002.jpg,pants_or_shorts
img/Destroyed_Slim-Leg_Jeans/img_00000020.jpg,26,test,data/raw/deepfashion/img/Destroyed_Slim-Leg_Jeans/img_00000020.jpg,pants_or_shorts
img/Bleached_Low-Rise_Skinny_Jeans/img_00000001.jpg,26,test,data/raw/deepfashion/img/Bleached_Low-Rise_Skinny_Jeans/img_00000001.jpg,pants_or_shorts
img/Whiskered_Skinny_Jeans/img_00000023.jpg,26,test,data/raw/deepfashion/img/Whiskered_Skinny_Jeans/img_00000023.jpg,pants_or_shorts
img/Bleached_Denim_Cutoffs/img_00000022.jpg,24,test,data/raw/deepfashion/img/Bleached_Denim_Cutoffs/img_00000022.jpg,pants_or_shorts
img/Zippered-Ankle_Skinny_Jeans/img_00000056.jpg,26,test,data/raw/deepfashion/img/Zippered-Ankle_Skinny_Jeans/img_00000056.jpg,pants_or_shorts
img/Pleated_Wide-Leg_Culottes/img_00000028.jpg,23,test,data/raw/deepfashion/img/Pleated_Wide-Leg_Culottes/img_00000028.jpg,pants_or_shorts
img/Paisley_Print_Culottes/img_00000005.jpg,23,test,data/raw/deepfashion/img/Paisley_Print_Culottes/img_00000005.jpg,pants_or_shorts
img/Acid_Wash_Denim_Cutoffs/img_00000054.jpg,24,test,data/raw/deepfashion/img/Acid_Wash_Denim_Cutoffs/img_00000054.jpg,pants_or_shorts
img/Topstitched_Jodhpurs/img_00000044.jpg,28,test,data/raw/deepfashion/img/Topstitched_Jodhpurs/img_00000044.jpg,pants_or_shorts
img/Clean_Wash_-_Skinny_Jeans/img_00000038.jpg,26,test,data/raw/deepfashion/img/Clean_Wash_-_Skinny_Jeans/img_00000038.jpg,pants_or_shorts
img/Whiskered_Skinny_Jeans/img_00000049.jpg,26,test,data/raw/deepfashion/img/Whiskered_Skinny_Jeans/img_00000049.jpg,pants_or_shorts
img/Acid_Wash_Jeans/img_00000030.jpg,26,test,data/raw/deepfashion/img/Acid_Wash_Jeans/img_00000030.jpg,pants_or_shorts
img/Sanded_Dark_Wash_-_Skinny_Jeans/img_00000019.jpg,26,test,data/raw/deepfashion/img/Sanded_Dark_Wash_-_Skinny_Jeans/img_00000019.jpg,pants_or_shorts
img/Distressed_High-Waisted_Cutoffs/img_00000044.jpg,24,test,data/raw/deepfashion/img/Distressed_High-Waisted_Cutoffs/img_00000044.jpg,pants_or_shorts
img/Low-Rise_Skinny_Jeans/img_00000005.jpg,26,test,data/raw/deepfashion/img/Low-Rise_Skinny_Jeans/img_00000005.jpg,pants_or_shorts
img/Clean_Wash_High-Rise_Skinny_Jeans/img_00000038.jpg,26,test,data/raw/deepfashion/img/Clean_Wash_High-Rise_Skinny_Jeans/img_00000038.jpg,pants_or_shorts
img/Clean_Wash_Jeggings/img_00000040.jpg,27,test,data/raw/deepfashion/img/Clean_Wash_Jeggings/img_00000040.jpg,pants_or_shorts
img/Distressed_Floral_Print_Cutoffs/img_00000032.jpg,24,test,data/raw/deepfashion/img/Distressed_Floral_Print_Cutoffs/img_00000032.jpg,pants_or_shorts
img/Distressed_Bleach_Wash_Cutoffs/img_00000026.jpg,24,test,data/raw/deepfashion/img/Distressed_Bleach_Wash_Cutoffs/img_00000026.jpg,pants_or_shorts
img/White_Distressed_Skinny_Jeans/img_00000006.jpg,26,test,data/raw/deepfashion/img/White_Distressed_Skinny_Jeans/img_00000006.jpg,pants_or_shorts
img/Distressed_Boyfriend_Jeans/img_00000052.jpg,26,test,data/raw/deepfashion/img/Distressed_Boyfriend_Jeans/img_00000052.jpg,pants_or_shorts
img/Low-Rise_-_Classic_Skinny_Jeans/img_00000008.jpg,26,test,data/raw/deepfashion/img/Low-Rise_-_Classic_Skinny_Jeans/img_00000008.jpg,pants_or_shorts
img/Classic_Distressed_Jeans/img_00000024.jpg,26,test,data/raw/deepfashion/img/Classic_Distressed_Jeans/img_00000024.jpg,pants_or_shorts
img/Pleated_Culottes/img_00000013.jpg,23,test,data/raw/deepfashion/img/Pleated_Culottes/img_00000013.jpg,pants_or_shorts
img/Everyday_Skinny_Jeans/img_00000042.jpg,26,test,data/raw/deepfashion/img/Everyday_Skinny_Jeans/img_00000042.jpg,pants_or_shorts
img/Classic_Distressed_Jeans/img_00000034.jpg,26,test,data/raw/deepfashion/img/Classic_Distressed_Jeans/img_00000034.jpg,pants_or_shorts
img/Faded_Skinny_Jeans/img_00000016.jpg,26,test,data/raw/deepfashion/img/Faded_Skinny_Jeans/img_00000016.jpg,pants_or_shorts
img/Acid_Wash_Distressed_Jeans/img_00000032.jpg,26,test,data/raw/deepfashion/img/Acid_Wash_Distressed_Jeans/img_00000032.jpg,pants_or_shorts
img/High-Rise_Skinny_Jeans/img_00000049.jpg,26,test,data/raw/deepfashion/img/High-Rise_Skinny_Jeans/img_00000049.jpg,pants_or_shorts
img/Wide-Leg_Jeans/img_00000060.jpg,26,test,data/raw/deepfashion/img/Wide-Leg_Jeans/img_00000060.jpg,pants_or_shorts
img/Pleated_Wide-Leg_Culottes/img_00000015.jpg,23,test,data/raw/deepfashion/img/Pleated_Wide-Leg_Culottes/img_00000015.jpg,pants_or_shorts
img/Stretch_Fit_Skinny_Jeans/img_00000031.jpg,26,test,data/raw/deepfashion/img/Stretch_Fit_Skinny_Jeans/img_00000031.jpg,pants_or_shorts
img/Acid_Wash_Ankle_Jeans/img_00000024.jpg,26,test,data/raw/deepfashion/img/Acid_Wash_Ankle_Jeans/img_00000024.jpg,pants_or_shorts
img/Mid-Rise_-_Zippered_Skinny_Jeans/img_00000049.jpg,26,test,data/raw/deepfashion/img/Mid-Rise_-_Zippered_Skinny_Jeans/img_00000049.jpg,pants_or_shorts
img/Acid_Wash_Boyfriend_Jeans/img_00000066.jpg,26,test,data/raw/deepfashion/img/Acid_Wash_Boyfriend_Jeans/img_00000066.jpg,pants_or_shorts
img/Clean_Wash_Jeggings/img_00000021.jpg,27,test,data/raw/deepfashion/img/Clean_Wash_Jeggings/img_00000021.jpg,pants_or_shorts
img/Paisley_Print_Culottes/img_00000022.jpg,23,test,data/raw/deepfashion/img/Paisley_Print_Culottes/img_00000022.jpg,pants_or_shorts
img/Distressed_Denim_Cutoffs/img_00000003.jpg,24,test,data/raw/deepfashion/img/Distressed_Denim_Cutoffs/img_00000003.jpg,pants_or_shorts
img/Low-Rise_-_Classic_Skinny_Jeans/img_00000001.jpg,26,test,data/raw/deepfashion/img/Low-Rise_-_Classic_Skinny_Jeans/img_00000001.jpg,pants_or_shorts
img/Whiskered_Skinny_Jeans/img_00000058.jpg,26,test,data/raw/deepfashion/img/Whiskered_Skinny_Jeans/img_00000058.jpg,pants_or_shorts
img/Distressed_Low-Rise_Skinny_Jeans/img_00000021.jpg,26,test,data/raw/deepfashion/img/Distressed_Low-Rise_Skinny_Jeans/img_00000021.jpg,pants_or_shorts
img/Sanded_Dark_Wash_-_Skinny_Jeans/img_00000001.jpg,26,test,data/raw/deepfashion/img/Sanded_Dark_Wash_-_Skinny_Jeans/img_00000001.jpg,pants_or_shorts
img/Classic_Mom_Jeans/img_00000042.jpg,26,test,data/raw/deepfashion/img/Classic_Mom_Jeans/img_00000042.jpg,pants_or_shorts
img/White_Distressed_Skinny_Jeans/img_00000063.jpg,26,test,data/raw/deepfashion/img/White_Distressed_Skinny_Jeans/img_00000063.jpg,pants_or_shorts
img/Faded_Denim_Cutoffs/img_00000018.jpg,24,test,data/raw/deepfashion/img/Faded_Denim_Cutoffs/img_00000018.jpg,pants_or_shorts
img/Classic_Distressed_Jeans/img_00000002.jpg,26,test,data/raw/deepfashion/img/Classic_Distressed_Jeans/img_00000002.jpg,pants_or_shorts
img/Crochet_Denim_Cutoffs/img_00000053.jpg,24,test,data/raw/deepfashion/img/Crochet_Denim_Cutoffs/img_00000053.jpg,pants_or_shorts
img/Clean_Wash_Slim-Leg_Jeans/img_00000017.jpg,26,test,data/raw/deepfashion/img/Clean_Wash_Slim-Leg_Jeans/img_00000017.jpg,pants_or_shorts
img/Distressed_Patchwork_Jeans/img_00000045.jpg,26,test,data/raw/deepfashion/img/Distressed_Patchwork_Jeans/img_00000045.jpg,pants_or_shorts
img/Bleached_Low-Rise_Skinny_Jeans/img_00000042.jpg,26,test,data/raw/deepfashion/img/Bleached_Low-Rise_Skinny_Jeans/img_00000042.jpg,pants_or_shorts
img/Destroyed_Cropped_Jeans/img_00000051.jpg,26,test,data/raw/deepfashion/img/Destroyed_Cropped_Jeans/img_00000051.jpg,pants_or_shorts
img/Kaleidoscope_Print_Culottes/img_00000007.jpg,23,test,data/raw/deepfashion/img/Kaleidoscope_Print_Culottes/img_00000007.jpg,pants_or_shorts
img/Favorite_Ankle-Length_Skinny_Jeans/img_00000058.jpg,26,test,data/raw/deepfashion/img/Favorite_Ankle-Length_Skinny_Jeans/img_00000058.jpg,pants_or_shorts
img/Stretch_Fit_Skinny_Jeans/img_00000030.jpg,26,test,data/raw/deepfashion/img/Stretch_Fit_Skinny_Jeans/img_00000030.jpg,pants_or_shorts
img/Classic_Distressed_Boyfriend_Jeans/img_00000045.jpg,26,test,data/raw/deepfashion/img/Classic_Distressed_Boyfriend_Jeans/img_00000045.jpg,pants_or_shorts
img/High-Rise_-_Flat_Front_Skinny_Jeans/img_00000045.jpg,26,test,data/raw/deepfashion/img/High-Rise_-_Flat_Front_Skinny_Jeans/img_00000045.jpg,pants_or_shorts
img/Clean_Wash_Bootleg_Jeans/img_00000060.jpg,26,test,data/raw/deepfashion/img/Clean_Wash_Bootleg_Jeans/img_00000060.jpg,pants_or_shorts
img/Medium_Wash_-_Straight-Leg_Jeans/img_00000043.jpg,26,test,data/raw/deepfashion/img/Medium_Wash_-_Straight-Leg_Jeans/img_00000043.jpg,pants_or_shorts
img/Low-Rise_Ankle_Jeans/img_00000017.jpg,26,test,data/raw/deepfashion/img/Low-Rise_Ankle_Jeans/img_00000017.jpg,pants_or_shorts
img/Destroyed_Slim-Leg_Jeans/img_00000064.jpg,26,test,data/raw/deepfashion/img/Destroyed_Slim-Leg_Jeans/img_00000064.jpg,pants_or_shorts
img/Crochet-Trimmed_Denim_Cutoffs/img_00000043.jpg,24,test,data/raw/deepfashion/img/Crochet-Trimmed_Denim_Cutoffs/img_00000043.jpg,pants_or_shorts
img/Favorite_Petite_Skinny_Jeans/img_00000056.jpg,26,test,data/raw/deepfashion/img/Favorite_Petite_Skinny_Jeans/img_00000056.jpg,pants_or_shorts
img/Bleached_Denim_Cutoffs/img_00000039.jpg,24,test,data/raw/deepfashion/img/Bleached_Denim_Cutoffs/img_00000039.jpg,pants_or_shorts
img/Acid_Wash_Boyfriend_Jeans/img_00000070.jpg,26,test,data/raw/deepfashion/img/Acid_Wash_Boyfriend_Jeans/img_00000070.jpg,pants_or_shorts
img/Acid_Wash_Ankle_Jeans/img_00000032.jpg,26,test,data/raw/deepfashion/img/Acid_Wash_Ankle_Jeans/img_00000032.jpg,pants_or_shorts
img/Americana_Skinny_Jeans/img_00000017.jpg,26,test,data/raw/deepfashion/img/Americana_Skinny_Jeans/img_00000017.jpg,pants_or_shorts
img/Slim_Fit_Moto_Jeans/img_00000052.jpg,26,test,data/raw/deepfashion/img/Slim_Fit_Moto_Jeans/img_00000052.jpg,pants_or_shorts
img/Skinny_Ankle_Jeans/img_00000024.jpg,26,test,data/raw/deepfashion/img/Skinny_Ankle_Jeans/img_00000024.jpg,pants_or_shorts
img/Mid-Rise_-_Mineral_Wash_Skinny_Jeans/img_00000030.jpg,26,test,data/raw/deepfashion/img/Mid-Rise_-_Mineral_Wash_Skinny_Jeans/img_00000030.jpg,pants_or_shorts
img/High-Rise_Skinny_Jeans/img_00000001.jpg,26,test,data/raw/deepfashion/img/High-Rise_Skinny_Jeans/img_00000001.jpg,pants_or_shorts
img/Drawstring_Culottes/img_00000001.jpg,23,test,data/raw/deepfashion/img/Drawstring_Culottes/img_00000001.jpg,pants_or_shorts
img/Distressed_High-Waisted_Cutoffs/img_00000011.jpg,24,test,data/raw/deepfashion/img/Distressed_High-Waisted_Cutoffs/img_00000011.jpg,pants_or_shorts
img/Classic_Solid_Skinny_Jeans/img_00000003.jpg,26,test,data/raw/deepfashion/img/Classic_Solid_Skinny_Jeans/img_00000003.jpg,pants_or_shorts
img/High-Rise_Skinny_Jeans/img_00000060.jpg,26,test,data/raw/deepfashion/img/High-Rise_Skinny_Jeans/img_00000060.jpg,pants_or_shorts
img/Distressed_Denim_Cutoffs/img_00000036.jpg,24,test,data/raw/deepfashion/img/Distressed_Denim_Cutoffs/img_00000036.jpg,pants_or_shorts
img/Favorite_Ankle-Length_Skinny_Jeans/img_00000001.jpg,26,test,data/raw/deepfashion/img/Favorite_Ankle-Length_Skinny_Jeans/img_00000001.jpg,pants_or_shorts
img/High-Waisted_Flared_Jeans/img_00000023.jpg,26,test,data/raw/deepfashion/img/High-Waisted_Flared_Jeans/img_00000023.jpg,pants_or_shorts
img/Bleached_Denim_Cutoffs/img_00000012.jpg,24,test,data/raw/deepfashion/img/Bleached_Denim_Cutoffs/img_00000012.jpg,pants_or_shorts
img/Destroyed_Slim-Leg_Jeans/img_00000051.jpg,26,test,data/raw/deepfashion/img/Destroyed_Slim-Leg_Jeans/img_00000051.jpg,pants_or_shorts
img/Kaleidoscope_Print_Culottes/img_00000021.jpg,23,test,data/raw/deepfashion/img/Kaleidoscope_Print_Culottes/img_00000021.jpg,pants_or_shorts
img/Crochet_Denim_Cutoffs/img_00000010.jpg,24,test,data/raw/deepfashion/img/Crochet_Denim_Cutoffs/img_00000010.jpg,pants_or_shorts
img/Polka_Dot-Pocket_Cutoffs/img_00000019.jpg,24,test,data/raw/deepfashion/img/Polka_Dot-Pocket_Cutoffs/img_00000019.jpg,pants_or_shorts
img/High-Waisted_Distressed_Boyfriend_Jeans/img_00000016.jpg,26,test,data/raw/deepfashion/img/High-Waisted_Distressed_Boyfriend_Jeans/img_00000016.jpg,pants_or_shorts
img/Cinched_Ankle_Jeans/img_00000036.jpg,26,test,data/raw/deepfashion/img/Cinched_Ankle_Jeans/img_00000036.jpg,pants_or_shorts
img/Clean_Wash_-_Skinny_Jeans/img_00000005.jpg,26,test,data/raw/deepfashion/img/Clean_Wash_-_Skinny_Jeans/img_00000005.jpg,pants_or_shorts
img/Clean_Wash_Bootleg_Jeans/img_00000042.jpg,26,test,data/raw/deepfashion/img/Clean_Wash_Bootleg_Jeans/img_00000042.jpg,pants_or_shorts
img/Mixed_Stripe_Linen-Blend_Culottes/img_00000008.jpg,23,test,data/raw/deepfashion/img/Mixed_Stripe_Linen-Blend_Culottes/img_00000008.jpg,pants_or_shorts
img/Mid-Rise_-_Acid_Wash_Jeggings/img_00000025.jpg,27,test,data/raw/deepfashion/img/Mid-Rise_-_Acid_Wash_Jeggings/img_00000025.jpg,pants_or_shorts
img/Acid_Wash_-_Skinny_Jeans/img_00000055.jpg,26,test,data/raw/deepfashion/img/Acid_Wash_-_Skinny_Jeans/img_00000055.jpg,pants_or_shorts
img/Acid_Wash_Jeans/img_00000007.jpg,26,test,data/raw/deepfashion/img/Acid_Wash_Jeans/img_00000007.jpg,pants_or_shorts
img/Clean_Dark_Wash_-_Slim_Fit_Jeans/img_00000023.jpg,26,test,data/raw/deepfashion/img/Clean_Dark_Wash_-_Slim_Fit_Jeans/img_00000023.jpg,pants_or_shorts
img/Acid_Wash_Jeans/img_00000023.jpg,26,test,data/raw/deepfashion/img/Acid_Wash_Jeans/img_00000023.jpg,pants_or_shorts
img/Stonewash-_Skinny_Jeans/img_00000004.jpg,26,test,data/raw/deepfashion/img/Stonewash-_Skinny_Jeans/img_00000004.jpg,pants_or_shorts
img/Faux_Leather-Paneled_Jeans/img_00000047.jpg,26,test,data/raw/deepfashion/img/Faux_Leather-Paneled_Jeans/img_00000047.jpg,pants_or_shorts
img/Pleated_Wide-Leg_Culottes/img_00000036.jpg,23,test,data/raw/deepfashion/img/Pleated_Wide-Leg_Culottes/img_00000036.jpg,pants_or_shorts
img/Zippered-Ankle_Skinny_Jeans/img_00000068.jpg,26,test,data/raw/deepfashion/img/Zippered-Ankle_Skinny_Jeans/img_00000068.jpg,pants_or_shorts
img/Polka_Dot-Pocket_Cutoffs/img_00000001.jpg,24,test,data/raw/deepfashion/img/Polka_Dot-Pocket_Cutoffs/img_00000001.jpg,pants_or_shorts
img/High-Waisted_Mineral_Wash_Jeans/img_00000002.jpg,26,test,data/raw/deepfashion/img/High-Waisted_Mineral_Wash_Jeans/img_00000002.jpg,pants_or_shorts
img/Clean_Wash_-_Slim_Fit_Jeans/img_00000008.jpg,26,test,data/raw/deepfashion/img/Clean_Wash_-_Slim_Fit_Jeans/img_00000008.jpg,pants_or_shorts
img/Cuffed_Denim_Cutoffs/img_00000031.jpg,24,test,data/raw/deepfashion/img/Cuffed_Denim_Cutoffs/img_00000031.jpg,pants_or_shorts
img/Everyday_Skinny_Jeans/img_00000022.jpg,26,test,data/raw/deepfashion/img/Everyday_Skinny_Jeans/img_00000022.jpg,pants_or_shorts
img/Distressed_Floral_Print_Cutoffs/img_00000002.jpg,24,test,data/raw/deepfashion/img/Distressed_Floral_Print_Cutoffs/img_00000002.jpg,pants_or_shorts
img/Self-Tie_Wrap_Culottes/img_00000031.jpg,23,test,data/raw/deepfashion/img/Self-Tie_Wrap_Culottes/img_00000031.jpg,pants_or_shorts
img/Favorite_Petite_Skinny_Jeans/img_00000038.jpg,26,test,data/raw/deepfashion/img/Favorite_Petite_Skinny_Jeans/img_00000038.jpg,pants_or_shorts
img/Americana_Skinny_Jeans/img_00000060.jpg,26,test,data/raw/deepfashion/img/Americana_Skinny_Jeans/img_00000060.jpg,pants_or_shorts
img/Classic_Solid_Skinny_Jeans/img_00000023.jpg,26,test,data/raw/deepfashion/img/Classic_Solid_Skinny_Jeans/img_00000023.jpg,pants_or_shorts
img/Distressed_Mineral_Wash_Cutoffs/img_00000006.jpg,24,test,data/raw/deepfashion/img/Distressed_Mineral_Wash_Cutoffs/img_00000006.jpg,pants_or_shorts
img/Favorite_Ankle-Length_Skinny_Jeans/img_00000043.jpg,26,test,data/raw/deepfashion/img/Favorite_Ankle-Length_Skinny_Jeans/img_00000043.jpg,pants_or_shorts
img/Coated_Clean_Wash_-_Skinny_Jeans/img_00000036.jpg,26,test,data/raw/deepfashion/img/Coated_Clean_Wash_-_Skinny_Jeans/img_00000036.jpg,pants_or_shorts
img/Super-Soft_Skinny_Jeans/img_00000024.jpg,26,test,data/raw/deepfashion/img/Super-Soft_Skinny_Jeans/img_00000024.jpg,pants_or_shorts
img/Distressed_Cropped_Jeans/img_00000074.jpg,26,test,data/raw/deepfashion/img/Distressed_Cropped_Jeans/img_00000074.jpg,pants_or_shorts
img/Clean_Wash_-_Skinny_Jeans/img_00000023.jpg,26,test,data/raw/deepfashion/img/Clean_Wash_-_Skinny_Jeans/img_00000023.jpg,pants_or_shorts
img/Mid_Rise_-_Skinny_Jeans/img_00000001.jpg,26,test,data/raw/deepfashion/img/Mid_Rise_-_Skinny_Jeans/img_00000001.jpg,pants_or_shorts
img/Bleached_Skinny_Jeans/img_00000083.jpg,26,test,data/raw/deepfashion/img/Bleached_Skinny_Jeans/img_00000083.jpg,pants_or_shorts
img/Classic_Wash_-_Skinny_Jeans/img_00000034.jpg,26,test,data/raw/deepfashion/img/Classic_Wash_-_Skinny_Jeans/img_00000034.jpg,pants_or_shorts
img/Mid-Rise_-_Mineral_Wash_Skinny_Jeans/img_00000003.jpg,26,test,data/raw/deepfashion/img/Mid-Rise_-_Mineral_Wash_Skinny_Jeans/img_00000003.jpg,pants_or_shorts
img/Medium_Wash_-_Straight-Leg_Jeans/img_00000073.jpg,26,test,data/raw/deepfashion/img/Medium_Wash_-_Straight-Leg_Jeans/img_00000073.jpg,pants_or_shorts
img/High_Waist-_Quilted_Moto_Jeggings/img_00000022.jpg,27,test,data/raw/deepfashion/img/High_Waist-_Quilted_Moto_Jeggings/img_00000022.jpg,pants_or_shorts
img/Mineral_Wash_High-Rise_Skinny_Jeans/img_00000008.jpg,26,test,data/raw/deepfashion/img/Mineral_Wash_High-Rise_Skinny_Jeans/img_00000008.jpg,pants_or_shorts
img/Distressed_Bleach_Wash_Cutoffs/img_00000024.jpg,24,test,data/raw/deepfashion/img/Distressed_Bleach_Wash_Cutoffs/img_00000024.jpg,pants_or_shorts
img/Low-Rise_-_Distressed_Skinny_Jeans/img_00000053.jpg,26,test,data/raw/deepfashion/img/Low-Rise_-_Distressed_Skinny_Jeans/img_00000053.jpg,pants_or_shorts
img/Distressed_Floral_Print_Cutoffs/img_00000033.jpg,24,test,data/raw/deepfashion/img/Distressed_Floral_Print_Cutoffs/img_00000033.jpg,pants_or_shorts
img/Classic_Slim-Leg_Jeans/img_00000031.jpg,26,test,data/raw/deepfashion/img/Classic_Slim-Leg_Jeans/img_00000031.jpg,pants_or_shorts
img/Cinched_Ankle_Jeans/img_00000018.jpg,26,test,data/raw/deepfashion/img/Cinched_Ankle_Jeans/img_00000018.jpg,pants_or_shorts
img/Stonewash-_Skinny_Jeans/img_00000065.jpg,26,test,data/raw/deepfashion/img/Stonewash-_Skinny_Jeans/img_00000065.jpg,pants_or_shorts
img/Kaleidoscope_Print_Culottes/img_00000018.jpg,23,test,data/raw/deepfashion/img/Kaleidoscope_Print_Culottes/img_00000018.jpg,pants_or_shorts
img/Distressed_Wash_-_Slim_Zippered_Jeans/img_00000022.jpg,26,test,data/raw/deepfashion/img/Distressed_Wash_-_Slim_Zippered_Jeans/img_00000022.jpg,pants_or_shorts
img/Favorite_Ankle-Length_Skinny_Jeans/img_00000007.jpg,26,test,data/raw/deepfashion/img/Favorite_Ankle-Length_Skinny_Jeans/img_00000007.jpg,pants_or_shorts
img/Classic_Denim_Cutoffs/img_00000035.jpg,24,test,data/raw/deepfashion/img/Classic_Denim_Cutoffs/img_00000035.jpg,pants_or_shorts
img/Clean_Wash_-_Skinny_Jeans/img_00000043.jpg,26,test,data/raw/deepfashion/img/Clean_Wash_-_Skinny_Jeans/img_00000043.jpg,pants_or_shorts
img/Clean_Wash_High-Rise_Skinny_Jeans/img_00000014.jpg,26,test,data/raw/deepfashion/img/Clean_Wash_High-Rise_Skinny_Jeans/img_00000014.jpg,pants_or_shorts
img/Low-Rise_Skinny_Jeans/img_00000042.jpg,26,test,data/raw/deepfashion/img/Low-Rise_Skinny_Jeans/img_00000042.jpg,pants_or_shorts
img/Cloud_Wash_Jeans/img_00000016.jpg,26,test,data/raw/deepfashion/img/Cloud_Wash_Jeans/img_00000016.jpg,pants_or_shorts
img/Bleached_Denim_Cutoffs/img_00000032.jpg,24,test,data/raw/deepfashion/img/Bleached_Denim_Cutoffs/img_00000032.jpg,pants_or_shorts
img/Faded_Stretch-Fit_Skinny_Jeans/img_00000053.jpg,26,test,data/raw/deepfashion/img/Faded_Stretch-Fit_Skinny_Jeans/img_00000053.jpg,pants_or_shorts
img/Stretch_Fit_Mineral_Wash_Skinny_Jeans/img_00000014.jpg,26,test,data/raw/deepfashion/img/Stretch_Fit_Mineral_Wash_Skinny_Jeans/img_00000014.jpg,pants_or_shorts
img/Low-Rise_Skinny_Jeans/img_00000058.jpg,26,test,data/raw/deepfashion/img/Low-Rise_Skinny_Jeans/img_00000058.jpg,pants_or_shorts
img/Kaleidoscope_Print_Culottes/img_00000038.jpg,23,test,data/raw/deepfashion/img/Kaleidoscope_Print_Culottes/img_00000038.jpg,pants_or_shorts
img/Ripped_Denim_Cutoffs/img_00000019.jpg,24,test,data/raw/deepfashion/img/Ripped_Denim_Cutoffs/img_00000019.jpg,pants_or_shorts
img/Distressed_Cropped_Jeans/img_00000043.jpg,26,test,data/raw/deepfashion/img/Distressed_Cropped_Jeans/img_00000043.jpg,pants_or_shorts
img/Low-Rise_Skinny_Jeans/img_00000048.jpg,26,test,data/raw/deepfashion/img/Low-Rise_Skinny_Jeans/img_00000048.jpg,pants_or_shorts
img/Classic_Flared_Jeans/img_00000035.jpg,26,test,data/raw/deepfashion/img/Classic_Flared_Jeans/img_00000035.jpg,pants_or_shorts
img/Everyday_Skinny_Jeans/img_00000030.jpg,26,test,data/raw/deepfashion/img/Everyday_Skinny_Jeans/img_00000030.jpg,pants_or_shorts
img/Lace-Hemmed_Denim_Cutoffs/img_00000020.jpg,24,test,data/raw/deepfashion/img/Lace-Hemmed_Denim_Cutoffs/img_00000020.jpg,pants_or_shorts
img/Faded_&_Frayed_Denim_Cutoffs/img_00000031.jpg,24,test,data/raw/deepfashion/img/Faded_&_Frayed_Denim_Cutoffs/img_00000031.jpg,pants_or_shorts
img/Destroyed_Double-Button_Jeans/img_00000035.jpg,26,test,data/raw/deepfashion/img/Destroyed_Double-Button_Jeans/img_00000035.jpg,pants_or_shorts
img/Clean_Wash_-_Ripped_Slim-Leg_Jeans/img_00000037.jpg,26,test,data/raw/deepfashion/img/Clean_Wash_-_Ripped_Slim-Leg_Jeans/img_00000037.jpg,pants_or_shorts
img/Classic_Denim_Cutoffs/img_00000030.jpg,24,test,data/raw/deepfashion/img/Classic_Denim_Cutoffs/img_00000030.jpg,pants_or_shorts
img/Acid_Wash_Ankle_Jeans/img_00000019.jpg,26,test,data/raw/deepfashion/img/Acid_Wash_Ankle_Jeans/img_00000019.jpg,pants_or_shorts
img/Clean_Wash_-_Ripped_Slim-Leg_Jeans/img_00000040.jpg,26,test,data/raw/deepfashion/img/Clean_Wash_-_Ripped_Slim-Leg_Jeans/img_00000040.jpg,pants_or_shorts
img/Distressed_Floral_Print_Cutoffs/img_00000039.jpg,24,test,data/raw/deepfashion/img/Distressed_Floral_Print_Cutoffs/img_00000039.jpg,pants_or_shorts
img/Bleached_Low-Rise_Skinny_Jeans/img_00000006.jpg,26,test,data/raw/deepfashion/img/Bleached_Low-Rise_Skinny_Jeans/img_00000006.jpg,pants_or_shorts
img/Faded_Distressed_Jeans/img_00000023.jpg,26,test,data/raw/deepfashion/img/Faded_Distressed_Jeans/img_00000023.jpg,pants_or_shorts
img/Velveteen_Paisley_Skinny_Jeans/img_00000001.jpg,26,test,data/raw/deepfashion/img/Velveteen_Paisley_Skinny_Jeans/img_00000001.jpg,pants_or_shorts
img/Distressed_Boyfriend_Jeans/img_00000080.jpg,26,test,data/raw/deepfashion/img/Distressed_Boyfriend_Jeans/img_00000080.jpg,pants_or_shorts
img/Classic_Solid_Skinny_Jeans/img_00000028.jpg,26,test,data/raw/deepfashion/img/Classic_Solid_Skinny_Jeans/img_00000028.jpg,pants_or_shorts
img/High-Waisted_Flared_Jeans/img_00000016.jpg,26,test,data/raw/deepfashion/img/High-Waisted_Flared_Jeans/img_00000016.jpg,pants_or_shorts
img/Floral_Print_Culottes/img_00000020.jpg,23,test,data/raw/deepfashion/img/Floral_Print_Culottes/img_00000020.jpg,pants_or_shorts
img/High-Waist_Acid_Wash_Jeans/img_00000025.jpg,26,test,data/raw/deepfashion/img/High-Waist_Acid_Wash_Jeans/img_00000025.jpg,pants_or_shorts
img/High-Waisted_Distressed_Cutoffs/img_00000001.jpg,24,test,data/raw/deepfashion/img/High-Waisted_Distressed_Cutoffs/img_00000001.jpg,pants_or_shorts
img/Sanded_Dark_Wash_-_Skinny_Jeans/img_00000037.jpg,26,test,data/raw/deepfashion/img/Sanded_Dark_Wash_-_Skinny_Jeans/img_00000037.jpg,pants_or_shorts
img/Distressed_High-Waisted_Cutoffs/img_00000053.jpg,24,test,data/raw/deepfashion/img/Distressed_High-Waisted_Cutoffs/img_00000053.jpg,pants_or_shorts
img/Americana_Skinny_Jeans/img_00000047.jpg,26,test,data/raw/deepfashion/img/Americana_Skinny_Jeans/img_00000047.jpg,pants_or_shorts
img/Classic_Distressed_Boyfriend_Jeans/img_00000053.jpg,26,test,data/raw/deepfashion/img/Classic_Distressed_Boyfriend_Jeans/img_00000053.jpg,pants_or_shorts
img/Distressed_Bleach_Wash_Cutoffs/img_00000003.jpg,24,test,data/raw/deepfashion/img/Distressed_Bleach_Wash_Cutoffs/img_00000003.jpg,pants_or_shorts
img/Distressed_Low-Rise_Cutoffs/img_00000028.jpg,24,test,data/raw/deepfashion/img/Distressed_Low-Rise_Cutoffs/img_00000028.jpg,pants_or_shorts
img/High-Waisted_Flared_Jeans/img_00000083.jpg,26,test,data/raw/deepfashion/img/High-Waisted_Flared_Jeans/img_00000083.jpg,pants_or_shorts
img/Polka_Dot-Pocket_Cutoffs/img_00000018.jpg,24,test,data/raw/deepfashion/img/Polka_Dot-Pocket_Cutoffs/img_00000018.jpg,pants_or_shorts
img/Mineral_Wash_Skinny_Jeans/img_00000033.jpg,26,test,data/raw/deepfashion/img/Mineral_Wash_Skinny_Jeans/img_00000033.jpg,pants_or_shorts
img/Distressed_Light_Wash_-_Slim_Fit_Jeans/img_00000043.jpg,26,test,data/raw/deepfashion/img/Distressed_Light_Wash_-_Slim_Fit_Jeans/img_00000043.jpg,pants_or_shorts
img/High-Waisted_Distressed_Boyfriend_Jeans/img_00000042.jpg,26,test,data/raw/deepfashion/img/High-Waisted_Distressed_Boyfriend_Jeans/img_00000042.jpg,pants_or_shorts
img/Acid_Wash_Jeggings/img_00000024.jpg,27,test,data/raw/deepfashion/img/Acid_Wash_Jeggings/img_00000024.jpg,pants_or_shorts
img/Clean_Wash_-_Ripped_Slim-Leg_Jeans/img_00000012.jpg,26,test,data/raw/deepfashion/img/Clean_Wash_-_Ripped_Slim-Leg_Jeans/img_00000012.jpg,pants_or_shorts
img/Mineral_Wash_Skinny_Jeans/img_00000045.jpg,26,test,data/raw/deepfashion/img/Mineral_Wash_Skinny_Jeans/img_00000045.jpg,pants_or_shorts
img/Grunge_Bleached_Denim_Cutoffs/img_00000022.jpg,24,test,data/raw/deepfashion/img/Grunge_Bleached_Denim_Cutoffs/img_00000022.jpg,pants_or_shorts
img/High-Waisted_Mineral_Wash_Jeans/img_00000014.jpg,26,test,data/raw/deepfashion/img/High-Waisted_Mineral_Wash_Jeans/img_00000014.jpg,pants_or_shorts
img/Everyday_Skinny_Jeans/img_00000041.jpg,26,test,data/raw/deepfashion/img/Everyday_Skinny_Jeans/img_00000041.jpg,pants_or_shorts
img/Classic_Soft_Jeggings/img_00000051.jpg,27,test,data/raw/deepfashion/img/Classic_Soft_Jeggings/img_00000051.jpg,pants_or_shorts
img/Mid-Rise_Skinny_Jeans/img_00000067.jpg,26,test,data/raw/deepfashion/img/Mid-Rise_Skinny_Jeans/img_00000067.jpg,pants_or_shorts
img/Mid-Rise_Skinny_Jeans/img_00000019.jpg,26,test,data/raw/deepfashion/img/Mid-Rise_Skinny_Jeans/img_00000019.jpg,pants_or_shorts
img/Buttoned_High-Waisted_Skinny_Jeans/img_00000021.jpg,26,test,data/raw/deepfashion/img/Buttoned_High-Waisted_Skinny_Jeans/img_00000021.jpg,pants_or_shorts
img/Classic_Distressed_Boyfriend_Jeans/img_00000003.jpg,26,test,data/raw/deepfashion/img/Classic_Distressed_Boyfriend_Jeans/img_00000003.jpg,pants_or_shorts
img/Solid_Denim_Cutoffs/img_00000030.jpg,24,test,data/raw/deepfashion/img/Solid_Denim_Cutoffs/img_00000030.jpg,pants_or_shorts
img/Low-Rise_Skinny_Jeans/img_00000024.jpg,26,test,data/raw/deepfashion/img/Low-Rise_Skinny_Jeans/img_00000024.jpg,pants_or_shorts
img/Bleached_Low-Rise_Skinny_Jeans/img_00000049.jpg,26,test,data/raw/deepfashion/img/Bleached_Low-Rise_Skinny_Jeans/img_00000049.jpg,pants_or_shorts
img/Flared_Jeans/img_00000018.jpg,26,test,data/raw/deepfashion/img/Flared_Jeans/img_00000018.jpg,pants_or_shorts
img/Distressed_Denim_Jeans/img_00000014.jpg,26,test,data/raw/deepfashion/img/Distressed_Denim_Jeans/img_00000014.jpg,pants_or_shorts
img/Flat-Front_Skinny_Jeans/img_00000036.jpg,26,test,data/raw/deepfashion/img/Flat-Front_Skinny_Jeans/img_00000036.jpg,pants_or_shorts
img/Classic_High-Waisted_Jeans/img_00000050.jpg,26,test,data/raw/deepfashion/img/Classic_High-Waisted_Jeans/img_00000050.jpg,pants_or_shorts
img/Distressed_Mid-Rise_Skinny_Jeans/img_00000009.jpg,26,test,data/raw/deepfashion/img/Distressed_Mid-Rise_Skinny_Jeans/img_00000009.jpg,pants_or_shorts
img/Patched_Straight-Leg_Jeans/img_00000069.jpg,26,test,data/raw/deepfashion/img/Patched_Straight-Leg_Jeans/img_00000069.jpg,pants_or_shorts
img/Classic_Slim_Denim_Jeans/img_00000009.jpg,26,test,data/raw/deepfashion/img/Classic_Slim_Denim_Jeans/img_00000009.jpg,pants_or_shorts
img/Classic_Skinny_Jeans/img_00000029.jpg,26,test,data/raw/deepfashion/img/Classic_Skinny_Jeans/img_00000029.jpg,pants_or_shorts
img/Distressed_Mineral_Wash_Jeans/img_00000013.jpg,26,test,data/raw/deepfashion/img/Distressed_Mineral_Wash_Jeans/img_00000013.jpg,pants_or_shorts
img/Stretch_Fit_Skinny_Jeans/img_00000032.jpg,26,test,data/raw/deepfashion/img/Stretch_Fit_Skinny_Jeans/img_00000032.jpg,pants_or_shorts
img/Cloud_Wash_Distressed_Cutoffs/img_00000002.jpg,24,test,data/raw/deepfashion/img/Cloud_Wash_Distressed_Cutoffs/img_00000002.jpg,pants_or_shorts
img/Bleached_Skinny_Jeans/img_00000044.jpg,26,test,data/raw/deepfashion/img/Bleached_Skinny_Jeans/img_00000044.jpg,pants_or_shorts
img/Acid_Wash_Distressed_Cutoffs/img_00000010.jpg,24,test,data/raw/deepfashion/img/Acid_Wash_Distressed_Cutoffs/img_00000010.jpg,pants_or_shorts
img/Clean_Wash_-_Ripped_Slim-Leg_Jeans/img_00000003.jpg,26,test,data/raw/deepfashion/img/Clean_Wash_-_Ripped_Slim-Leg_Jeans/img_00000003.jpg,pants_or_shorts
img/Faded_Denim_Cutoffs/img_00000041.jpg,24,test,data/raw/deepfashion/img/Faded_Denim_Cutoffs/img_00000041.jpg,pants_or_shorts
img/High-Waisted_Matelot_Skinny_Jeans/img_00000006.jpg,26,test,data/raw/deepfashion/img/High-Waisted_Matelot_Skinny_Jeans/img_00000006.jpg,pants_or_shorts
img/Acid_Wash_Boyfriend_Jeans/img_00000024.jpg,26,test,data/raw/deepfashion/img/Acid_Wash_Boyfriend_Jeans/img_00000024.jpg,pants_or_shorts
img/Solid_Denim_Cutoffs/img_00000028.jpg,24,test,data/raw/deepfashion/img/Solid_Denim_Cutoffs/img_00000028.jpg,pants_or_shorts
img/High-Waisted_Distressed_Cutoffs/img_00000023.jpg,24,test,data/raw/deepfashion/img/High-Waisted_Distressed_Cutoffs/img_00000023.jpg,pants_or_shorts
img/Faux_Leather-Paneled_Jeans/img_00000036.jpg,26,test,data/raw/deepfashion/img/Faux_Leather-Paneled_Jeans/img_00000036.jpg,pants_or_shorts
img/High-Rise_Denim_Cutoffs/img_00000002.jpg,24,test,data/raw/deepfashion/img/High-Rise_Denim_Cutoffs/img_00000002.jpg,pants_or_shorts
img/Lace-Hemmed_Denim_Cutoffs/img_00000035.jpg,24,test,data/raw/deepfashion/img/Lace-Hemmed_Denim_Cutoffs/img_00000035.jpg,pants_or_shorts
img/Stretch_Fit_Classic_Skinny_Jeans/img_00000006.jpg,26,test,data/raw/deepfashion/img/Stretch_Fit_Classic_Skinny_Jeans/img_00000006.jpg,pants_or_shorts
img/Paisley_Print_Culottes/img_00000049.jpg,23,test,data/raw/deepfashion/img/Paisley_Print_Culottes/img_00000049.jpg,pants_or_shorts
img/Cuffed_Denim_Cutoffs/img_00000035.jpg,24,test,data/raw/deepfashion/img/Cuffed_Denim_Cutoffs/img_00000035.jpg,pants_or_shorts
img/Distressed_Denim_Cutoffs/img_00000005.jpg,24,test,data/raw/deepfashion/img/Distressed_Denim_Cutoffs/img_00000005.jpg,pants_or_shorts
img/Mid-Rise_-_Acid_Wash_Skinny_Jeans/img_00000056.jpg,26,test,data/raw/deepfashion/img/Mid-Rise_-_Acid_Wash_Skinny_Jeans/img_00000056.jpg,pants_or_shorts
img/Polka_Dot_Skinny_Jeans/img_00000030.jpg,26,test,data/raw/deepfashion/img/Polka_Dot_Skinny_Jeans/img_00000030.jpg,pants_or_shorts
img/Frayed_Denim_Gauchos/img_00000035.jpg,25,test,data/raw/deepfashion/img/Frayed_Denim_Gauchos/img_00000035.jpg,pants_or_shorts
img/Life_In_Progress_Low-Rise_Skinny_Jeans/img_00000017.jpg,26,test,data/raw/deepfashion/img/Life_In_Progress_Low-Rise_Skinny_Jeans/img_00000017.jpg,pants_or_shorts
img/Classic_Denim_Cutoffs/img_00000044.jpg,24,test,data/raw/deepfashion/img/Classic_Denim_Cutoffs/img_00000044.jpg,pants_or_shorts
img/High-Waisted_Mineral_Wash_Jeans/img_00000003.jpg,26,test,data/raw/deepfashion/img/High-Waisted_Mineral_Wash_Jeans/img_00000003.jpg,pants_or_shorts
img/White_Distressed_Skinny_Jeans/img_00000074.jpg,26,test,data/raw/deepfashion/img/White_Distressed_Skinny_Jeans/img_00000074.jpg,pants_or_shorts
img/Drawstring_Culottes/img_00000013.jpg,23,test,data/raw/deepfashion/img/Drawstring_Culottes/img_00000013.jpg,pants_or_shorts
img/Distressed_Mineral_Wash_Jeans/img_00000006.jpg,26,test,data/raw/deepfashion/img/Distressed_Mineral_Wash_Jeans/img_00000006.jpg,pants_or_shorts
img/Stonewash-_Skinny_Jeans/img_00000066.jpg,26,test,data/raw/deepfashion/img/Stonewash-_Skinny_Jeans/img_00000066.jpg,pants_or_shorts
img/Classic_Mom_Jeans/img_00000053.jpg,26,test,data/raw/deepfashion/img/Classic_Mom_Jeans/img_00000053.jpg,pants_or_shorts
img/Polka_Dot_Skinny_Jeans/img_00000029.jpg,26,test,data/raw/deepfashion/img/Polka_Dot_Skinny_Jeans/img_00000029.jpg,pants_or_shorts
img/High-Waisted_Distressed_Boyfriend_Jeans/img_00000075.jpg,26,test,data/raw/deepfashion/img/High-Waisted_Distressed_Boyfriend_Jeans/img_00000075.jpg,pants_or_shorts
img/Topstitched_Jodhpurs/img_00000017.jpg,28,test,data/raw/deepfashion/img/Topstitched_Jodhpurs/img_00000017.jpg,pants_or_shorts
img/Classic_Mom_Jeans/img_00000054.jpg,26,test,data/raw/deepfashion/img/Classic_Mom_Jeans/img_00000054.jpg,pants_or_shorts
img/Polka_Dot_Skinny_Jeans/img_00000012.jpg,26,test,data/raw/deepfashion/img/Polka_Dot_Skinny_Jeans/img_00000012.jpg,pants_or_shorts
img/Classic_Wash_-_Skinny_Jeans/img_00000030.jpg,26,test,data/raw/deepfashion/img/Classic_Wash_-_Skinny_Jeans/img_00000030.jpg,pants_or_shorts
img/Topstitched_Jodhpurs/img_00000015.jpg,28,test,data/raw/deepfashion/img/Topstitched_Jodhpurs/img_00000015.jpg,pants_or_shorts
img/Destroyed_Double-Button_Jeans/img_00000034.jpg,26,test,data/raw/deepfashion/img/Destroyed_Double-Button_Jeans/img_00000034.jpg,pants_or_shorts
img/Distressed_Floral_Print_Cutoffs/img_00000010.jpg,24,test,data/raw/deepfashion/img/Distressed_Floral_Print_Cutoffs/img_00000010.jpg,pants_or_shorts
img/Clean_Wash_Jeggings/img_00000031.jpg,27,test,data/raw/deepfashion/img/Clean_Wash_Jeggings/img_00000031.jpg,pants_or_shorts
img/Mineral_Wash_Skinny_Jeans/img_00000013.jpg,26,test,data/raw/deepfashion/img/Mineral_Wash_Skinny_Jeans/img_00000013.jpg,pants_or_shorts
img/Mineral_Wash_Skinny_Jeans/img_00000046.jpg,26,test,data/raw/deepfashion/img/Mineral_Wash_Skinny_Jeans/img_00000046.jpg,pants_or_shorts
img/Bleached_Low-Rise_Skinny_Jeans/img_00000057.jpg,26,test,data/raw/deepfashion/img/Bleached_Low-Rise_Skinny_Jeans/img_00000057.jpg,pants_or_shorts
img/Classic_Faded_Jeggings/img_00000015.jpg,27,test,data/raw/deepfashion/img/Classic_Faded_Jeggings/img_00000015.jpg,pants_or_shorts
img/Sunny_Days_Dip-Dyed_Cutoffs/img_00000020.jpg,24,test,data/raw/deepfashion/img/Sunny_Days_Dip-Dyed_Cutoffs/img_00000020.jpg,pants_or_shorts
img/Dark_Wash_Jeggings/img_00000060.jpg,27,test,data/raw/deepfashion/img/Dark_Wash_Jeggings/img_00000060.jpg,pants_or_shorts
img/Life_In_Progress_Railroad_Stripe_Jeans/img_00000013.jpg,26,test,data/raw/deepfashion/img/Life_In_Progress_Railroad_Stripe_Jeans/img_00000013.jpg,pants_or_shorts
img/Distressed_Cropped_Jeans/img_00000073.jpg,26,test,data/raw/deepfashion/img/Distressed_Cropped_Jeans/img_00000073.jpg,pants_or_shorts
img/Mineral_Wash_Jeggings/img_00000052.jpg,27,test,data/raw/deepfashion/img/Mineral_Wash_Jeggings/img_00000052.jpg,pants_or_shorts
img/Stonewash-_Skinny_Jeans/img_00000002.jpg,26,test,data/raw/deepfashion/img/Stonewash-_Skinny_Jeans/img_00000002.jpg,pants_or_shorts
img/Pleated_Culottes/img_00000008.jpg,23,test,data/raw/deepfashion/img/Pleated_Culottes/img_00000008.jpg,pants_or_shorts
img/Crochet_Denim_Cutoffs/img_00000056.jpg,24,test,data/raw/deepfashion/img/Crochet_Denim_Cutoffs/img_00000056.jpg,pants_or_shorts
img/Classic_Slim_Denim_Jeans/img_00000019.jpg,26,test,data/raw/deepfashion/img/Classic_Slim_Denim_Jeans/img_00000019.jpg,pants_or_shorts
img/Distressed_Wash_-_Slim_Zippered_Jeans/img_00000023.jpg,26,test,data/raw/deepfashion/img/Distressed_Wash_-_Slim_Zippered_Jeans/img_00000023.jpg,pants_or_shorts
img/Clean_Dark_Wash_-_Slim_Fit_Jeans/img_00000011.jpg,26,test,data/raw/deepfashion/img/Clean_Dark_Wash_-_Slim_Fit_Jeans/img_00000011.jpg,pants_or_shorts
img/Chic_High-Waisted_Jeggings/img_00000041.jpg,27,test,data/raw/deepfashion/img/Chic_High-Waisted_Jeggings/img_00000041.jpg,pants_or_shorts
img/Mineral_Wash_Jeggings/img_00000031.jpg,27,test,data/raw/deepfashion/img/Mineral_Wash_Jeggings/img_00000031.jpg,pants_or_shorts
img/Clean_Wash_-_Slim_Fit_Jeans/img_00000022.jpg,26,test,data/raw/deepfashion/img/Clean_Wash_-_Slim_Fit_Jeans/img_00000022.jpg,pants_or_shorts
img/Distressed_Boyfriend_Jeans/img_00000087.jpg,26,test,data/raw/deepfashion/img/Distressed_Boyfriend_Jeans/img_00000087.jpg,pants_or_shorts
img/Mineral_Wash_Boyfriend_Jeans/img_00000023.jpg,26,test,data/raw/deepfashion/img/Mineral_Wash_Boyfriend_Jeans/img_00000023.jpg,pants_or_shorts
img/Mid_Rise-_Destroyed_Straight_Leg_Ankle_Jeans/img_00000018.jpg,26,test,data/raw/deepfashion/img/Mid_Rise-_Destroyed_Straight_Leg_Ankle_Jeans/img_00000018.jpg,pants_or_shorts
img/Clean_Wash_Bootleg_Jeans/img_00000047.jpg,26,test,data/raw/deepfashion/img/Clean_Wash_Bootleg_Jeans/img_00000047.jpg,pants_or_shorts
img/Mid-Rise_-_Acid_Wash_Jeggings/img_00000011.jpg,27,test,data/raw/deepfashion/img/Mid-Rise_-_Acid_Wash_Jeggings/img_00000011.jpg,pants_or_shorts
img/Faux_Leather-Paneled_Jeans/img_00000046.jpg,26,test,data/raw/deepfashion/img/Faux_Leather-Paneled_Jeans/img_00000046.jpg,pants_or_shorts
img/Life_In_Progress_Low-Rise_Skinny_Jeans/img_00000027.jpg,26,test,data/raw/deepfashion/img/Life_In_Progress_Low-Rise_Skinny_Jeans/img_00000027.jpg,pants_or_shorts
img/Medium_Wash_-_Slim_Fit_Jeans/img_00000058.jpg,26,test,data/raw/deepfashion/img/Medium_Wash_-_Slim_Fit_Jeans/img_00000058.jpg,pants_or_shorts
img/High-Waisted_Skinny_Jeans/img_00000067.jpg,26,test,data/raw/deepfashion/img/High-Waisted_Skinny_Jeans/img_00000067.jpg,pants_or_shorts
img/Distressed_High-Waisted_Cutoffs/img_00000038.jpg,24,test,data/raw/deepfashion/img/Distressed_High-Waisted_Cutoffs/img_00000038.jpg,pants_or_shorts
img/Mid-Rise_-_Distressed_Boyfriend_Jeans/img_00000034.jpg,26,test,data/raw/deepfashion/img/Mid-Rise_-_Distressed_Boyfriend_Jeans/img_00000034.jpg,pants_or_shorts
img/Distressed_Mineral_Wash_Boyfriend_Jeans/img_00000016.jpg,26,test,data/raw/deepfashion/img/Distressed_Mineral_Wash_Boyfriend_Jeans/img_00000016.jpg,pants_or_shorts
img/Distressed_Denim_Jeans/img_00000036.jpg,26,test,data/raw/deepfashion/img/Distressed_Denim_Jeans/img_00000036.jpg,pants_or_shorts
img/Mineral_Wash_Boyfriend_Jeans/img_00000016.jpg,26,test,data/raw/deepfashion/img/Mineral_Wash_Boyfriend_Jeans/img_00000016.jpg,pants_or_shorts
img/Classic_Bootcut_Jeans/img_00000038.jpg,26,test,data/raw/deepfashion/img/Classic_Bootcut_Jeans/img_00000038.jpg,pants_or_shorts
img/Whiskered_Skinny_Jeans/img_00000027.jpg,26,test,data/raw/deepfashion/img/Whiskered_Skinny_Jeans/img_00000027.jpg,pants_or_shorts
img/High-Waisted_Skinny_Jeans/img_00000064.jpg,26,test,data/raw/deepfashion/img/High-Waisted_Skinny_Jeans/img_00000064.jpg,pants_or_shorts
img/High-Waisted_Skinny_Jeans/img_00000041.jpg,26,test,data/raw/deepfashion/img/High-Waisted_Skinny_Jeans/img_00000041.jpg,pants_or_shorts
img/Distressed_Patchwork_Jeans/img_00000037.jpg,26,test,data/raw/deepfashion/img/Distressed_Patchwork_Jeans/img_00000037.jpg,pants_or_shorts
img/White_Distressed_Skinny_Jeans/img_00000047.jpg,26,test,data/raw/deepfashion/img/White_Distressed_Skinny_Jeans/img_00000047.jpg,pants_or_shorts
img/Acid_Wash_Jeans/img_00000054.jpg,26,test,data/raw/deepfashion/img/Acid_Wash_Jeans/img_00000054.jpg,pants_or_shorts
img/Distressed_Straight-Leg_Jeans/img_00000073.jpg,26,test,data/raw/deepfashion/img/Distressed_Straight-Leg_Jeans/img_00000073.jpg,pants_or_shorts
img/Classic_Denim_Cutoffs/img_00000048.jpg,24,test,data/raw/deepfashion/img/Classic_Denim_Cutoffs/img_00000048.jpg,pants_or_shorts
img/Faded_Stretch-Fit_Skinny_Jeans/img_00000023.jpg,26,test,data/raw/deepfashion/img/Faded_Stretch-Fit_Skinny_Jeans/img_00000023.jpg,pants_or_shorts
img/Mid-Rise_-_Acid_Wash_Jeggings/img_00000036.jpg,27,test,data/raw/deepfashion/img/Mid-Rise_-_Acid_Wash_Jeggings/img_00000036.jpg,pants_or_shorts
img/Mid-Rise_-_Zippered_Skinny_Jeans/img_00000011.jpg,26,test,data/raw/deepfashion/img/Mid-Rise_-_Zippered_Skinny_Jeans/img_00000011.jpg,pants_or_shorts
img/Skinny_Ankle_Jeans/img_00000036.jpg,26,test,data/raw/deepfashion/img/Skinny_Ankle_Jeans/img_00000036.jpg,pants_or_shorts
img/Cutout_Watercolor_Print_Dress/img_00000029.jpg,41,test,data/raw/deepfashion/img/Cutout_Watercolor_Print_Dress/img_00000029.jpg,skirt
img/Terry_Keyhole_Back_Dress/img_00000029.jpg,41,test,data/raw/deepfashion/img/Terry_Keyhole_Back_Dress/img_00000029.jpg,skirt
img/Floral_Print_Shirt_Dress/img_00000055.jpg,41,test,data/raw/deepfashion/img/Floral_Print_Shirt_Dress/img_00000055.jpg,skirt
img/Denim_Utility_Jumpsuit/img_00000006.jpg,42,test,data/raw/deepfashion/img/Denim_Utility_Jumpsuit/img_00000006.jpg,skirt
img/Belted_Tribal_Print_Maxi_Dress/img_00000039.jpg,41,test,data/raw/deepfashion/img/Belted_Tribal_Print_Maxi_Dress/img_00000039.jpg,skirt
img/Faux_Leather_Sheath_Dress/img_00000074.jpg,41,test,data/raw/deepfashion/img/Faux_Leather_Sheath_Dress/img_00000074.jpg,skirt
img/Tribal_Print_Surplice_Jumpsuit/img_00000017.jpg,42,test,data/raw/deepfashion/img/Tribal_Print_Surplice_Jumpsuit/img_00000017.jpg,skirt
img/Cutout-Back_Fit_&_Flare_Dress/img_00000028.jpg,41,test,data/raw/deepfashion/img/Cutout-Back_Fit_&_Flare_Dress/img_00000028.jpg,skirt
img/Organza-Paneled_Dress/img_00000045.jpg,41,test,data/raw/deepfashion/img/Organza-Paneled_Dress/img_00000045.jpg,skirt
img/Flutter_Sleeve_Surplice_Dress/img_00000041.jpg,41,test,data/raw/deepfashion/img/Flutter_Sleeve_Surplice_Dress/img_00000041.jpg,skirt
img/Striped_Maxi_Tank_Dress/img_00000071.jpg,41,test,data/raw/deepfashion/img/Striped_Maxi_Tank_Dress/img_00000071.jpg,skirt
img/Strapless_Chiffon_Maxi_Dress/img_00000032.jpg,41,test,data/raw/deepfashion/img/Strapless_Chiffon_Maxi_Dress/img_00000032.jpg,skirt
img/Tribal_Print_Babydoll_Dress/img_00000034.jpg,41,test,data/raw/deepfashion/img/Tribal_Print_Babydoll_Dress/img_00000034.jpg,skirt
img/Cross-Back_Bodycon_Dress/img_00000011.jpg,41,test,data/raw/deepfashion/img/Cross-Back_Bodycon_Dress/img_00000011.jpg,skirt
img/Crochet-Paneled_Bell_Sleeve_Dress/img_00000019.jpg,41,test,data/raw/deepfashion/img/Crochet-Paneled_Bell_Sleeve_Dress/img_00000019.jpg,skirt
img/Faux_Leather_Sheath_Dress/img_00000053.jpg,41,test,data/raw/deepfashion/img/Faux_Leather_Sheath_Dress/img_00000053.jpg,skirt
img/Belted_Wide-Leg_Jumpsuit/img_00000024.jpg,42,test,data/raw/deepfashion/img/Belted_Wide-Leg_Jumpsuit/img_00000024.jpg,skirt
img/Medallion_Print_Bell-Sleeve_Dress/img_00000032.jpg,41,test,data/raw/deepfashion/img/Medallion_Print_Bell-Sleeve_Dress/img_00000032.jpg,skirt
img/Eclectic_M-Slit_Maxi_Dress/img_00000006.jpg,41,test,data/raw/deepfashion/img/Eclectic_M-Slit_Maxi_Dress/img_00000006.jpg,skirt
img/Perfect_Pleats_Shift_Dress/img_00000002.jpg,41,test,data/raw/deepfashion/img/Perfect_Pleats_Shift_Dress/img_00000002.jpg,skirt
img/Floral_Print_Strapless_Dress/img_00000010.jpg,41,test,data/raw/deepfashion/img/Floral_Print_Strapless_Dress/img_00000010.jpg,skirt
img/Slub_Knit_Maxi_Dress/img_00000041.jpg,41,test,data/raw/deepfashion/img/Slub_Knit_Maxi_Dress/img_00000041.jpg,skirt
img/Paisley_Fit_&_Flare_Dress/img_00000029.jpg,41,test,data/raw/deepfashion/img/Paisley_Fit_&_Flare_Dress/img_00000029.jpg,skirt
img/Crisscross_Back_Jumpsuit/img_00000060.jpg,42,test,data/raw/deepfashion/img/Crisscross_Back_Jumpsuit/img_00000060.jpg,skirt
img/Mesh-Paneled_T-Shirt_Dress/img_00000009.jpg,41,test,data/raw/deepfashion/img/Mesh-Paneled_T-Shirt_Dress/img_00000009.jpg,skirt
img/Cap-Sleeved_Shift_Dress/img_00000062.jpg,41,test,data/raw/deepfashion/img/Cap-Sleeved_Shift_Dress/img_00000062.jpg,skirt
img/Mesh_Maxi_Dress/img_00000033.jpg,41,test,data/raw/deepfashion/img/Mesh_Maxi_Dress/img_00000033.jpg,skirt
img/Leopard_Print_Bodycon_Dress/img_00000065.jpg,41,test,data/raw/deepfashion/img/Leopard_Print_Bodycon_Dress/img_00000065.jpg,skirt
img/Rose_Print_Cami_Dress/img_00000018.jpg,41,test,data/raw/deepfashion/img/Rose_Print_Cami_Dress/img_00000018.jpg,skirt
img/Hooded_French_Terry_Dress/img_00000047.jpg,41,test,data/raw/deepfashion/img/Hooded_French_Terry_Dress/img_00000047.jpg,skirt
img/Dainty_A-Line_Dress/img_00000043.jpg,41,test,data/raw/deepfashion/img/Dainty_A-Line_Dress/img_00000043.jpg,skirt
img/Floral_Mosaic_Print_Jumpsuit/img_00000038.jpg,42,test,data/raw/deepfashion/img/Floral_Mosaic_Print_Jumpsuit/img_00000038.jpg,skirt
img/Striped_Maxi_Dress/img_00000071.jpg,41,test,data/raw/deepfashion/img/Striped_Maxi_Dress/img_00000071.jpg,skirt
img/Floral_Print_Fit_&_Flare_Dress/img_00000043.jpg,41,test,data/raw/deepfashion/img/Floral_Print_Fit_&_Flare_Dress/img_00000043.jpg,skirt
img/Cross-Back_Bodycon_Dress/img_00000050.jpg,41,test,data/raw/deepfashion/img/Cross-Back_Bodycon_Dress/img_00000050.jpg,skirt
img/Marled_Knit_Sweater_Dress/img_00000021.jpg,41,test,data/raw/deepfashion/img/Marled_Knit_Sweater_Dress/img_00000021.jpg,skirt
img/Faux_Leather_Combo_Jumpsuit/img_00000035.jpg,42,test,data/raw/deepfashion/img/Faux_Leather_Combo_Jumpsuit/img_00000035.jpg,skirt
img/Posh_Tube_Dress/img_00000006.jpg,41,test,data/raw/deepfashion/img/Posh_Tube_Dress/img_00000006.jpg,skirt
img/Strapless_Mini_Dress/img_00000068.jpg,41,test,data/raw/deepfashion/img/Strapless_Mini_Dress/img_00000068.jpg,skirt
img/Sequined_Abstract_Pattern_Dress/img_00000022.jpg,41,test,data/raw/deepfashion/img/Sequined_Abstract_Pattern_Dress/img_00000022.jpg,skirt
img/Sophisticated_Jersey_Knit_Dress/img_00000044.jpg,41,test,data/raw/deepfashion/img/Sophisticated_Jersey_Knit_Dress/img_00000044.jpg,skirt
img/Tiered_Floral_Smock_Dress/img_00000009.jpg,41,test,data/raw/deepfashion/img/Tiered_Floral_Smock_Dress/img_00000009.jpg,skirt
img/Abstract_Plaid_Babydoll_Dress/img_00000049.jpg,41,test,data/raw/deepfashion/img/Abstract_Plaid_Babydoll_Dress/img_00000049.jpg,skirt
img/Strapless_Paisley_Print_Dress/img_00000012.jpg,41,test,data/raw/deepfashion/img/Strapless_Paisley_Print_Dress/img_00000012.jpg,skirt
img/Raw-Edged_Smock_Dress/img_00000041.jpg,41,test,data/raw/deepfashion/img/Raw-Edged_Smock_Dress/img_00000041.jpg,skirt
img/Raga_Tie-Dye_Ladder_Cutout_Maxi_Dress/img_00000026.jpg,41,test,data/raw/deepfashion/img/Raga_Tie-Dye_Ladder_Cutout_Maxi_Dress/img_00000026.jpg,skirt
img/Belted_Abstract_Print_Jumpsuit/img_00000046.jpg,42,test,data/raw/deepfashion/img/Belted_Abstract_Print_Jumpsuit/img_00000046.jpg,skirt
img/Abstract_Paisley_Print_Jumpsuit/img_00000021.jpg,42,test,data/raw/deepfashion/img/Abstract_Paisley_Print_Jumpsuit/img_00000021.jpg,skirt
img/Tartan_Plaid_Maxi_Dress/img_00000031.jpg,41,test,data/raw/deepfashion/img/Tartan_Plaid_Maxi_Dress/img_00000031.jpg,skirt
img/Peter_Pan_Collar_Lace_Dress/img_00000029.jpg,41,test,data/raw/deepfashion/img/Peter_Pan_Collar_Lace_Dress/img_00000029.jpg,skirt
img/French_Terry_Pocket_Dress/img_00000055.jpg,41,test,data/raw/deepfashion/img/French_Terry_Pocket_Dress/img_00000055.jpg,skirt
img/Denim_Shirt_Dress/img_00000082.jpg,41,test,data/raw/deepfashion/img/Denim_Shirt_Dress/img_00000082.jpg,skirt
img/Mosaic_Print_Peasant_Dress/img_00000025.jpg,41,test,data/raw/deepfashion/img/Mosaic_Print_Peasant_Dress/img_00000025.jpg,skirt
img/Mineral_Wash_Jumpsuit/img_00000023.jpg,42,test,data/raw/deepfashion/img/Mineral_Wash_Jumpsuit/img_00000023.jpg,skirt
img/Striped_Surplice_Maxi_Dress/img_00000056.jpg,41,test,data/raw/deepfashion/img/Striped_Surplice_Maxi_Dress/img_00000056.jpg,skirt
img/Basic_Bodycon_Dress/img_00000043.jpg,41,test,data/raw/deepfashion/img/Basic_Bodycon_Dress/img_00000043.jpg,skirt
img/Pleated_Floral_Lace_Dress/img_00000013.jpg,41,test,data/raw/deepfashion/img/Pleated_Floral_Lace_Dress/img_00000013.jpg,skirt
img/Garden_Party_Bow_Dress/img_00000033.jpg,41,test,data/raw/deepfashion/img/Garden_Party_Bow_Dress/img_00000033.jpg,skirt
img/Tie-Dye_Hooded_Maxi_Dress/img_00000019.jpg,41,test,data/raw/deepfashion/img/Tie-Dye_Hooded_Maxi_Dress/img_00000019.jpg,skirt
img/Strappy_Chiffon_Maxi_Dress/img_00000006.jpg,41,test,data/raw/deepfashion/img/Strappy_Chiffon_Maxi_Dress/img_00000006.jpg,skirt
img/Contrast_Striped_Fit_&_Flare_Dress/img_00000057.jpg,41,test,data/raw/deepfashion/img/Contrast_Striped_Fit_&_Flare_Dress/img_00000057.jpg,skirt
img/Sequined_Paisley_Shift_Dress/img_00000059.jpg,41,test,data/raw/deepfashion/img/Sequined_Paisley_Shift_Dress/img_00000059.jpg,skirt
img/Faux-Wrap_Surplice_Dress/img_00000050.jpg,41,test,data/raw/deepfashion/img/Faux-Wrap_Surplice_Dress/img_00000050.jpg,skirt
img/Diamond_Print_Cami_Dress/img_00000033.jpg,41,test,data/raw/deepfashion/img/Diamond_Print_Cami_Dress/img_00000033.jpg,skirt
img/Organza-Paneled_Dress/img_00000056.jpg,41,test,data/raw/deepfashion/img/Organza-Paneled_Dress/img_00000056.jpg,skirt
img/Chiffon_Surplice_Dress/img_00000036.jpg,41,test,data/raw/deepfashion/img/Chiffon_Surplice_Dress/img_00000036.jpg,skirt
img/Caged_Cutout_Dress/img_00000073.jpg,41,test,data/raw/deepfashion/img/Caged_Cutout_Dress/img_00000073.jpg,skirt
img/Out_to_Sea_Maxi_Dress/img_00000069.jpg,41,test,data/raw/deepfashion/img/Out_to_Sea_Maxi_Dress/img_00000069.jpg,skirt
img/Embroidered_Lace_Sheath_Dress/img_00000055.jpg,41,test,data/raw/deepfashion/img/Embroidered_Lace_Sheath_Dress/img_00000055.jpg,skirt
img/Tie-Dye_Dolman_Sleeve_Dress/img_00000014.jpg,41,test,data/raw/deepfashion/img/Tie-Dye_Dolman_Sleeve_Dress/img_00000014.jpg,skirt
img/Lace_Paneled_Shift_Dress/img_00000002.jpg,41,test,data/raw/deepfashion/img/Lace_Paneled_Shift_Dress/img_00000002.jpg,skirt
img/Floral_Knit_Skater_Dress/img_00000025.jpg,41,test,data/raw/deepfashion/img/Floral_Knit_Skater_Dress/img_00000025.jpg,skirt
img/Floral_Lace_Bodycon_Dress/img_00000012.jpg,41,test,data/raw/deepfashion/img/Floral_Lace_Bodycon_Dress/img_00000012.jpg,skirt
img/Striped_Halter_Maxi_Dress/img_00000020.jpg,41,test,data/raw/deepfashion/img/Striped_Halter_Maxi_Dress/img_00000020.jpg,skirt
img/Twist_Cutout_Back_Dress/img_00000013.jpg,41,test,data/raw/deepfashion/img/Twist_Cutout_Back_Dress/img_00000013.jpg,skirt
img/Belted_Cami_Jumpsuit/img_00000005.jpg,42,test,data/raw/deepfashion/img/Belted_Cami_Jumpsuit/img_00000005.jpg,skirt
img/Open-Back_Jumpsuit/img_00000061.jpg,42,test,data/raw/deepfashion/img/Open-Back_Jumpsuit/img_00000061.jpg,skirt
img/Strapless_Colorblock_Maxi_Dress/img_00000007.jpg,41,test,data/raw/deepfashion/img/Strapless_Colorblock_Maxi_Dress/img_00000007.jpg,skirt
img/Striped_Racerback_Maxi_Dress/img_00000042.jpg,41,test,data/raw/deepfashion/img/Striped_Racerback_Maxi_Dress/img_00000042.jpg,skirt
img/Belted_Floral_Print_Dress/img_00000031.jpg,41,test,data/raw/deepfashion/img/Belted_Floral_Print_Dress/img_00000031.jpg,skirt
img/Eyelash_Lace-Trimmed_Sheath_Dress/img_00000002.jpg,41,test,data/raw/deepfashion/img/Eyelash_Lace-Trimmed_Sheath_Dress/img_00000002.jpg,skirt
img/Sleek_Cutout_Maxi_Dress/img_00000029.jpg,41,test,data/raw/deepfashion/img/Sleek_Cutout_Maxi_Dress/img_00000029.jpg,skirt
img/Floral_Crochet_Shift_Dress/img_00000032.jpg,41,test,data/raw/deepfashion/img/Floral_Crochet_Shift_Dress/img_00000032.jpg,skirt
img/Crossback_Jumpsuit/img_00000014.jpg,42,test,data/raw/deepfashion/img/Crossback_Jumpsuit/img_00000014.jpg,skirt
img/Side-Cutout_Knit_Dress/img_00000021.jpg,41,test,data/raw/deepfashion/img/Side-Cutout_Knit_Dress/img_00000021.jpg,skirt
img/Striped_Floral_Shift_Dress/img_00000037.jpg,41,test,data/raw/deepfashion/img/Striped_Floral_Shift_Dress/img_00000037.jpg,skirt
img/Island_Tropics_Buttoned_Dress/img_00000034.jpg,41,test,data/raw/deepfashion/img/Island_Tropics_Buttoned_Dress/img_00000034.jpg,skirt
img/Crepe_Woven_Cami_Dress/img_00000002.jpg,41,test,data/raw/deepfashion/img/Crepe_Woven_Cami_Dress/img_00000002.jpg,skirt
img/Mesh_Strap_A-Line_Dress/img_00000039.jpg,41,test,data/raw/deepfashion/img/Mesh_Strap_A-Line_Dress/img_00000039.jpg,skirt
img/Waist_Pocket_Shift_Dress/img_00000060.jpg,41,test,data/raw/deepfashion/img/Waist_Pocket_Shift_Dress/img_00000060.jpg,skirt
img/Embroidered_Lace_Bodycon_Dress/img_00000065.jpg,41,test,data/raw/deepfashion/img/Embroidered_Lace_Bodycon_Dress/img_00000065.jpg,skirt
img/Striped_Waffle_Knit_Dress/img_00000043.jpg,41,test,data/raw/deepfashion/img/Striped_Waffle_Knit_Dress/img_00000043.jpg,skirt
img/Belted_Stripe_Pattern_Dress/img_00000039.jpg,41,test,data/raw/deepfashion/img/Belted_Stripe_Pattern_Dress/img_00000039.jpg,skirt
img/Floral_Chiffon_High-Neck_Dress/img_00000033.jpg,41,test,data/raw/deepfashion/img/Floral_Chiffon_High-Neck_Dress/img_00000033.jpg,skirt
img/Wide-Leg_Surplice_Jumpsuit/img_00000069.jpg,42,test,data/raw/deepfashion/img/Wide-Leg_Surplice_Jumpsuit/img_00000069.jpg,skirt
img/Belted_Ladder-Back_Dress/img_00000028.jpg,41,test,data/raw/deepfashion/img/Belted_Ladder-Back_Dress/img_00000028.jpg,skirt
img/Painted_Floral_Slip_Dress/img_00000010.jpg,41,test,data/raw/deepfashion/img/Painted_Floral_Slip_Dress/img_00000010.jpg,skirt
img/Striped_Surplice_Maxi_Dress/img_00000018.jpg,41,test,data/raw/deepfashion/img/Striped_Surplice_Maxi_Dress/img_00000018.jpg,skirt
img/Belted_Lace_Print_Dress/img_00000065.jpg,41,test,data/raw/deepfashion/img/Belted_Lace_Print_Dress/img_00000065.jpg,skirt
img/Zippered_Abstract_Print_Dress/img_00000025.jpg,41,test,data/raw/deepfashion/img/Zippered_Abstract_Print_Dress/img_00000025.jpg,skirt
img/Floral_Keyhole-Back_Dress/img_00000035.jpg,41,test,data/raw/deepfashion/img/Floral_Keyhole-Back_Dress/img_00000035.jpg,skirt
img/Tile_Print_Jumpsuit/img_00000051.jpg,42,test,data/raw/deepfashion/img/Tile_Print_Jumpsuit/img_00000051.jpg,skirt
img/Utility_Jumpsuit/img_00000080.jpg,42,test,data/raw/deepfashion/img/Utility_Jumpsuit/img_00000080.jpg,skirt
img/Striped_Shift_Drawstring_Dress/img_00000024.jpg,41,test,data/raw/deepfashion/img/Striped_Shift_Drawstring_Dress/img_00000024.jpg,skirt
img/Paisley_Print_Kaftan/img_00000038.jpg,43,test,data/raw/deepfashion/img/Paisley_Print_Kaftan/img_00000038.jpg,skirt
img/Crocheted_Shift_Dress/img_00000042.jpg,41,test,data/raw/deepfashion/img/Crocheted_Shift_Dress/img_00000042.jpg,skirt
img/Beaded_Collar_Empire-Waist_Dress/img_00000024.jpg,41,test,data/raw/deepfashion/img/Beaded_Collar_Empire-Waist_Dress/img_00000024.jpg,skirt
img/Tiered_Floral_Lace_Dress/img_00000020.jpg,41,test,data/raw/deepfashion/img/Tiered_Floral_Lace_Dress/img_00000020.jpg,skirt
img/Floral_Lace_Mini_Dress/img_00000075.jpg,41,test,data/raw/deepfashion/img/Floral_Lace_Mini_Dress/img_00000075.jpg,skirt
img/Belted_Plaid_Dress/img_00000021.jpg,41,test,data/raw/deepfashion/img/Belted_Plaid_Dress/img_00000021.jpg,skirt
img/High-Low_Zigzag_Dress/img_00000052.jpg,41,test,data/raw/deepfashion/img/High-Low_Zigzag_Dress/img_00000052.jpg,skirt
img/Cutout-Back_Fit_&_Flare_Dress/img_00000026.jpg,41,test,data/raw/deepfashion/img/Cutout-Back_Fit_&_Flare_Dress/img_00000026.jpg,skirt
img/Embroidered_Overlay_Sheath_Dress/img_00000009.jpg,41,test,data/raw/deepfashion/img/Embroidered_Overlay_Sheath_Dress/img_00000009.jpg,skirt
img/Floral_Print_Cutout_Dress/img_00000058.jpg,41,test,data/raw/deepfashion/img/Floral_Print_Cutout_Dress/img_00000058.jpg,skirt
img/Abstract_Bodycon_Dress/img_00000008.jpg,41,test,data/raw/deepfashion/img/Abstract_Bodycon_Dress/img_00000008.jpg,skirt
img/Velveteen_Floral_Dress/img_00000009.jpg,41,test,data/raw/deepfashion/img/Velveteen_Floral_Dress/img_00000009.jpg,skirt
img/Fishnet-Paneled_Dress/img_00000016.jpg,41,test,data/raw/deepfashion/img/Fishnet-Paneled_Dress/img_00000016.jpg,skirt
img/Lace_Peplum_Sheath_Dress/img_00000025.jpg,41,test,data/raw/deepfashion/img/Lace_Peplum_Sheath_Dress/img_00000025.jpg,skirt
img/Tie-Dye_Knotted_Dress/img_00000021.jpg,41,test,data/raw/deepfashion/img/Tie-Dye_Knotted_Dress/img_00000021.jpg,skirt
img/Pleated_Floral_Matelass&eacute;_Dress/img_00000018.jpg,41,test,data/raw/deepfashion/img/Pleated_Floral_Matelass&eacute;_Dress/img_00000018.jpg,skirt
img/Pleated_Button-Front_Jumpsuit/img_00000048.jpg,42,test,data/raw/deepfashion/img/Pleated_Button-Front_Jumpsuit/img_00000048.jpg,skirt
img/Tiered_Fringe_Cami_Dress/img_00000032.jpg,41,test,data/raw/deepfashion/img/Tiered_Fringe_Cami_Dress/img_00000032.jpg,skirt
img/Cutout_Halter_Maxi_Dress/img_00000052.jpg,41,test,data/raw/deepfashion/img/Cutout_Halter_Maxi_Dress/img_00000052.jpg,skirt
img/Patchwork_Printed_Long_Jumpsuit/img_00000030.jpg,42,test,data/raw/deepfashion/img/Patchwork_Printed_Long_Jumpsuit/img_00000030.jpg,skirt
img/Sleek_V-Back_Dress/img_00000039.jpg,41,test,data/raw/deepfashion/img/Sleek_V-Back_Dress/img_00000039.jpg,skirt
img/Globetrotter_Skater_Dress/img_00000044.jpg,41,test,data/raw/deepfashion/img/Globetrotter_Skater_Dress/img_00000044.jpg,skirt
img/Lace_Crisscross-Back_Dress/img_00000055.jpg,41,test,data/raw/deepfashion/img/Lace_Crisscross-Back_Dress/img_00000055.jpg,skirt
img/Rose_Lace_Fit_&_Flare_Dress/img_00000034.jpg,41,test,data/raw/deepfashion/img/Rose_Lace_Fit_&_Flare_Dress/img_00000034.jpg,skirt
img/V-Neck_Tie-Dye_Dress/img_00000008.jpg,41,test,data/raw/deepfashion/img/V-Neck_Tie-Dye_Dress/img_00000008.jpg,skirt
img/Plaid_Midi_Dress/img_00000034.jpg,41,test,data/raw/deepfashion/img/Plaid_Midi_Dress/img_00000034.jpg,skirt
img/Beaded_Mesh-Paneled_Dress/img_00000037.jpg,41,test,data/raw/deepfashion/img/Beaded_Mesh-Paneled_Dress/img_00000037.jpg,skirt
img/Heathered_Knit_Dress/img_00000039.jpg,41,test,data/raw/deepfashion/img/Heathered_Knit_Dress/img_00000039.jpg,skirt
img/Abstract_Stripe_Print_Jumpsuit/img_00000001.jpg,42,test,data/raw/deepfashion/img/Abstract_Stripe_Print_Jumpsuit/img_00000001.jpg,skirt
img/Textured_V-Neck_Dress/img_00000076.jpg,41,test,data/raw/deepfashion/img/Textured_V-Neck_Dress/img_00000076.jpg,skirt
img/Sequined_Chiffon_Maxi_Dress/img_00000063.jpg,41,test,data/raw/deepfashion/img/Sequined_Chiffon_Maxi_Dress/img_00000063.jpg,skirt
img/Tribal-Inspired_Skater_Dress/img_00000031.jpg,41,test,data/raw/deepfashion/img/Tribal-Inspired_Skater_Dress/img_00000031.jpg,skirt
img/Floral_Crochet_Shift_Dress/img_00000042.jpg,41,test,data/raw/deepfashion/img/Floral_Crochet_Shift_Dress/img_00000042.jpg,skirt
img/Sheer_Mesh_Maxi_Dress/img_00000008.jpg,41,test,data/raw/deepfashion/img/Sheer_Mesh_Maxi_Dress/img_00000008.jpg,skirt
img/Strapless_Paisley_Print_Dress/img_00000021.jpg,41,test,data/raw/deepfashion/img/Strapless_Paisley_Print_Dress/img_00000021.jpg,skirt
img/Scalloped_Bow-Front_Dress/img_00000063.jpg,41,test,data/raw/deepfashion/img/Scalloped_Bow-Front_Dress/img_00000063.jpg,skirt
img/Embroidered_Lace_A-Line_Dress/img_00000023.jpg,41,test,data/raw/deepfashion/img/Embroidered_Lace_A-Line_Dress/img_00000023.jpg,skirt
img/Strapless_Diamond_Print_Dress/img_00000045.jpg,41,test,data/raw/deepfashion/img/Strapless_Diamond_Print_Dress/img_00000045.jpg,skirt
img/Textured_Diamond_Knit_Dress/img_00000010.jpg,41,test,data/raw/deepfashion/img/Textured_Diamond_Knit_Dress/img_00000010.jpg,skirt
img/Classic_Midi_Dress/img_00000028.jpg,41,test,data/raw/deepfashion/img/Classic_Midi_Dress/img_00000028.jpg,skirt
img/Faux_Suede_Shift_Dress/img_00000024.jpg,41,test,data/raw/deepfashion/img/Faux_Suede_Shift_Dress/img_00000024.jpg,skirt
img/Strapless_Tribal_Print_Maxi_Dress/img_00000047.jpg,41,test,data/raw/deepfashion/img/Strapless_Tribal_Print_Maxi_Dress/img_00000047.jpg,skirt
img/Pleated_A-Line_Dress/img_00000065.jpg,41,test,data/raw/deepfashion/img/Pleated_A-Line_Dress/img_00000065.jpg,skirt
img/Textured_Zigzag_Bodycon_Dress/img_00000011.jpg,41,test,data/raw/deepfashion/img/Textured_Zigzag_Bodycon_Dress/img_00000011.jpg,skirt
img/Caged_V-Cut_Dress/img_00000038.jpg,41,test,data/raw/deepfashion/img/Caged_V-Cut_Dress/img_00000038.jpg,skirt
img/Tiered_Peasant_Dress/img_00000045.jpg,41,test,data/raw/deepfashion/img/Tiered_Peasant_Dress/img_00000045.jpg,skirt
img/Textured_Skater_Dress/img_00000003.jpg,41,test,data/raw/deepfashion/img/Textured_Skater_Dress/img_00000003.jpg,skirt
img/Medallion_Print_Bell-Sleeve_Dress/img_00000029.jpg,41,test,data/raw/deepfashion/img/Medallion_Print_Bell-Sleeve_Dress/img_00000029.jpg,skirt
img/Floral_Crochet_Overlay_Dress/img_00000048.jpg,41,test,data/raw/deepfashion/img/Floral_Crochet_Overlay_Dress/img_00000048.jpg,skirt
img/Sleek_One-Shoulder_Dress/img_00000033.jpg,41,test,data/raw/deepfashion/img/Sleek_One-Shoulder_Dress/img_00000033.jpg,skirt
img/Festive_Fit_&_Flare_Dress/img_00000053.jpg,41,test,data/raw/deepfashion/img/Festive_Fit_&_Flare_Dress/img_00000053.jpg,skirt
img/Pintucked_Chiffon_Dress/img_00000012.jpg,41,test,data/raw/deepfashion/img/Pintucked_Chiffon_Dress/img_00000012.jpg,skirt
img/Cutout_Lace_Cami_Dress/img_00000051.jpg,41,test,data/raw/deepfashion/img/Cutout_Lace_Cami_Dress/img_00000051.jpg,skirt
img/Fit_&_Flare_Combo_Cami_Dress/img_00000015.jpg,41,test,data/raw/deepfashion/img/Fit_&_Flare_Combo_Cami_Dress/img_00000015.jpg,skirt
img/Surplice_Lace_Dress/img_00000057.jpg,41,test,data/raw/deepfashion/img/Surplice_Lace_Dress/img_00000057.jpg,skirt
img/Strapless_Mini_Dress/img_00000030.jpg,41,test,data/raw/deepfashion/img/Strapless_Mini_Dress/img_00000030.jpg,skirt
img/Surplice_Halter_Jumpsuit/img_00000006.jpg,42,test,data/raw/deepfashion/img/Surplice_Halter_Jumpsuit/img_00000006.jpg,skirt
img/Diamond_Print_Halter_Maxi_Dress/img_00000013.jpg,41,test,data/raw/deepfashion/img/Diamond_Print_Halter_Maxi_Dress/img_00000013.jpg,skirt
img/Multi-Striped_Maxi_Dress/img_00000026.jpg,41,test,data/raw/deepfashion/img/Multi-Striped_Maxi_Dress/img_00000026.jpg,skirt
img/Longline_Ribbed_Knit_Dress/img_00000002.jpg,41,test,data/raw/deepfashion/img/Longline_Ribbed_Knit_Dress/img_00000002.jpg,skirt
img/Longline_Shift_Dress/img_00000031.jpg,41,test,data/raw/deepfashion/img/Longline_Shift_Dress/img_00000031.jpg,skirt
img/Braided-Back_Abstract_Maxi_Dress/img_00000018.jpg,41,test,data/raw/deepfashion/img/Braided-Back_Abstract_Maxi_Dress/img_00000018.jpg,skirt
img/Floral_A-Line_Dress/img_00000074.jpg,41,test,data/raw/deepfashion/img/Floral_A-Line_Dress/img_00000074.jpg,skirt
img/Abstract_Paisley_Print_Jumpsuit/img_00000013.jpg,42,test,data/raw/deepfashion/img/Abstract_Paisley_Print_Jumpsuit/img_00000013.jpg,skirt
img/Smocked_Rose_Print_Dress/img_00000002.jpg,41,test,data/raw/deepfashion/img/Smocked_Rose_Print_Dress/img_00000002.jpg,skirt
img/Botanical_Print_Fit_&_Flare_Dress/img_00000001.jpg,41,test,data/raw/deepfashion/img/Botanical_Print_Fit_&_Flare_Dress/img_00000001.jpg,skirt
img/Strapless_Paisley_Print_Dress/img_00000047.jpg,41,test,data/raw/deepfashion/img/Strapless_Paisley_Print_Dress/img_00000047.jpg,skirt
img/Geo-Stripe_Maxi_Dress/img_00000019.jpg,41,test,data/raw/deepfashion/img/Geo-Stripe_Maxi_Dress/img_00000019.jpg,skirt
img/Crochet-Embroidered_Chiffon_Dress/img_00000048.jpg,41,test,data/raw/deepfashion/img/Crochet-Embroidered_Chiffon_Dress/img_00000048.jpg,skirt
img/Self-Tie_Shift_Dress/img_00000047.jpg,41,test,data/raw/deepfashion/img/Self-Tie_Shift_Dress/img_00000047.jpg,skirt
img/Pinstriped_Shirt_Dress/img_00000013.jpg,41,test,data/raw/deepfashion/img/Pinstriped_Shirt_Dress/img_00000013.jpg,skirt
img/Folk_Print_Fit_&_Flare_Dress/img_00000026.jpg,41,test,data/raw/deepfashion/img/Folk_Print_Fit_&_Flare_Dress/img_00000026.jpg,skirt
img/Off-the-Shoulder_Bodycon_Dress/img_00000040.jpg,41,test,data/raw/deepfashion/img/Off-the-Shoulder_Bodycon_Dress/img_00000040.jpg,skirt
img/Abstract_Surplice_Maxi_Dress/img_00000039.jpg,41,test,data/raw/deepfashion/img/Abstract_Surplice_Maxi_Dress/img_00000039.jpg,skirt
img/Flounced_Floral_Dress/img_00000034.jpg,41,test,data/raw/deepfashion/img/Flounced_Floral_Dress/img_00000034.jpg,skirt
img/Striped_Surplice_Maxi_Dress/img_00000057.jpg,41,test,data/raw/deepfashion/img/Striped_Surplice_Maxi_Dress/img_00000057.jpg,skirt
img/Cutout-Back_Sheath_Dress/img_00000021.jpg,41,test,data/raw/deepfashion/img/Cutout-Back_Sheath_Dress/img_00000021.jpg,skirt
img/Elephant_Paisley_Print_Dress/img_00000069.jpg,41,test,data/raw/deepfashion/img/Elephant_Paisley_Print_Dress/img_00000069.jpg,skirt
img/Surplice_Back_Printed_Maxi_Dress/img_00000049.jpg,41,test,data/raw/deepfashion/img/Surplice_Back_Printed_Maxi_Dress/img_00000049.jpg,skirt
img/Pleated_Jacquard_Tea_Dress/img_00000012.jpg,41,test,data/raw/deepfashion/img/Pleated_Jacquard_Tea_Dress/img_00000012.jpg,skirt
img/Layered_A-Line_Dress/img_00000086.jpg,41,test,data/raw/deepfashion/img/Layered_A-Line_Dress/img_00000086.jpg,skirt
img/Floral_Cami_Dress/img_00000069.jpg,41,test,data/raw/deepfashion/img/Floral_Cami_Dress/img_00000069.jpg,skirt
img/Embroidered_Daisy_Dress/img_00000048.jpg,41,test,data/raw/deepfashion/img/Embroidered_Daisy_Dress/img_00000048.jpg,skirt
img/Geo_Print_Cutout_Dress/img_00000024.jpg,41,test,data/raw/deepfashion/img/Geo_Print_Cutout_Dress/img_00000024.jpg,skirt
img/Polka_Dot_Chiffon_Dress/img_00000005.jpg,41,test,data/raw/deepfashion/img/Polka_Dot_Chiffon_Dress/img_00000005.jpg,skirt
img/Tiered_Floral_Lace_Dress/img_00000041.jpg,41,test,data/raw/deepfashion/img/Tiered_Floral_Lace_Dress/img_00000041.jpg,skirt
img/Braided_Strap_Maxi_Dress/img_00000017.jpg,41,test,data/raw/deepfashion/img/Braided_Strap_Maxi_Dress/img_00000017.jpg,skirt
img/Lace_Overlay_Dress/img_00000043.jpg,41,test,data/raw/deepfashion/img/Lace_Overlay_Dress/img_00000043.jpg,skirt
img/Bird_Print_Halter_Dress/img_00000046.jpg,41,test,data/raw/deepfashion/img/Bird_Print_Halter_Dress/img_00000046.jpg,skirt
img/Peter_Pan_Collar_Lace_Dress/img_00000062.jpg,41,test,data/raw/deepfashion/img/Peter_Pan_Collar_Lace_Dress/img_00000062.jpg,skirt
img/Cutout-Front_Textured_Bodycon_Dress/img_00000026.jpg,41,test,data/raw/deepfashion/img/Cutout-Front_Textured_Bodycon_Dress/img_00000026.jpg,skirt
img/V-Cut_Bodycon_Dress/img_00000026.jpg,41,test,data/raw/deepfashion/img/V-Cut_Bodycon_Dress/img_00000026.jpg,skirt
img/Woven_Shift_Dress/img_00000019.jpg,41,test,data/raw/deepfashion/img/Woven_Shift_Dress/img_00000019.jpg,skirt
img/Lace_Back_Shift_Dress/img_00000034.jpg,41,test,data/raw/deepfashion/img/Lace_Back_Shift_Dress/img_00000034.jpg,skirt
img/Striped_A-line_Dress/img_00000001.jpg,41,test,data/raw/deepfashion/img/Striped_A-line_Dress/img_00000001.jpg,skirt
img/Waist_Pocket_Shift_Dress/img_00000006.jpg,41,test,data/raw/deepfashion/img/Waist_Pocket_Shift_Dress/img_00000006.jpg,skirt
img/Favorite_Strappy_Shift_Dress/img_00000078.jpg,41,test,data/raw/deepfashion/img/Favorite_Strappy_Shift_Dress/img_00000078.jpg,skirt
img/Cutout-Side_Shift_Dress/img_00000057.jpg,41,test,data/raw/deepfashion/img/Cutout-Side_Shift_Dress/img_00000057.jpg,skirt
img/Knit_Bodycon_Dress/img_00000061.jpg,41,test,data/raw/deepfashion/img/Knit_Bodycon_Dress/img_00000061.jpg,skirt
img/Paisley_Print_Babydoll_Dress/img_00000044.jpg,41,test,data/raw/deepfashion/img/Paisley_Print_Babydoll_Dress/img_00000044.jpg,skirt
img/Striped_Turtleneck_Dress/img_00000059.jpg,41,test,data/raw/deepfashion/img/Striped_Turtleneck_Dress/img_00000059.jpg,skirt
img/Ribbed_Stripe-Trim_Dress/img_00000030.jpg,41,test,data/raw/deepfashion/img/Ribbed_Stripe-Trim_Dress/img_00000030.jpg,skirt
img/Floral_Cami_Dress/img_00000005.jpg,41,test,data/raw/deepfashion/img/Floral_Cami_Dress/img_00000005.jpg,skirt
img/Beaded_Sheer_Dress/img_00000091.jpg,41,test,data/raw/deepfashion/img/Beaded_Sheer_Dress/img_00000091.jpg,skirt
img/Tribal_Print_Dress/img_00000009.jpg,41,test,data/raw/deepfashion/img/Tribal_Print_Dress/img_00000009.jpg,skirt
img/Diamond_Print_Maxi_Dress/img_00000019.jpg,41,test,data/raw/deepfashion/img/Diamond_Print_Maxi_Dress/img_00000019.jpg,skirt
img/Cutout-Back_Trapeze_Dress/img_00000034.jpg,41,test,data/raw/deepfashion/img/Cutout-Back_Trapeze_Dress/img_00000034.jpg,skirt
img/Dotted_Skater_Dress/img_00000020.jpg,41,test,data/raw/deepfashion/img/Dotted_Skater_Dress/img_00000020.jpg,skirt
img/Sleek_Cutout_Maxi_Dress/img_00000040.jpg,41,test,data/raw/deepfashion/img/Sleek_Cutout_Maxi_Dress/img_00000040.jpg,skirt
img/Floral_Print_Babydoll_Dress/img_00000005.jpg,41,test,data/raw/deepfashion/img/Floral_Print_Babydoll_Dress/img_00000005.jpg,skirt
img/Embroidered_Sweetheart_Dress/img_00000060.jpg,41,test,data/raw/deepfashion/img/Embroidered_Sweetheart_Dress/img_00000060.jpg,skirt
img/Abstract_Print_Cami_Dress/img_00000028.jpg,41,test,data/raw/deepfashion/img/Abstract_Print_Cami_Dress/img_00000028.jpg,skirt
img/Buttoned_Chambray_Babydoll_Dress/img_00000048.jpg,41,test,data/raw/deepfashion/img/Buttoned_Chambray_Babydoll_Dress/img_00000048.jpg,skirt
img/Belted_Maxi_Dress/img_00000038.jpg,41,test,data/raw/deepfashion/img/Belted_Maxi_Dress/img_00000038.jpg,skirt
img/M-Slit_Slip_Dress/img_00000005.jpg,41,test,data/raw/deepfashion/img/M-Slit_Slip_Dress/img_00000005.jpg,skirt
img/Mixed_Stripe_Maxi_Dress/img_00000032.jpg,41,test,data/raw/deepfashion/img/Mixed_Stripe_Maxi_Dress/img_00000032.jpg,skirt
img/Embroidered_Sheer-Woven_Shift_Dress/img_00000018.jpg,41,test,data/raw/deepfashion/img/Embroidered_Sheer-Woven_Shift_Dress/img_00000018.jpg,skirt
img/Backless_Surplice_Cami_Dress/img_00000018.jpg,41,test,data/raw/deepfashion/img/Backless_Surplice_Cami_Dress/img_00000018.jpg,skirt
img/Cutout_Bandage_Dress/img_00000013.jpg,41,test,data/raw/deepfashion/img/Cutout_Bandage_Dress/img_00000013.jpg,skirt
img/Floral_Side-Slit_Maxi_Dress/img_00000010.jpg,41,test,data/raw/deepfashion/img/Floral_Side-Slit_Maxi_Dress/img_00000010.jpg,skirt
img/Floral-Embroidered_Strapless_Dress/img_00000061.jpg,41,test,data/raw/deepfashion/img/Floral-Embroidered_Strapless_Dress/img_00000061.jpg,skirt
img/Abstract_Plaid_Babydoll_Dress/img_00000011.jpg,41,test,data/raw/deepfashion/img/Abstract_Plaid_Babydoll_Dress/img_00000011.jpg,skirt
img/Ornate_Surplice_Maxi_Dress/img_00000008.jpg,41,test,data/raw/deepfashion/img/Ornate_Surplice_Maxi_Dress/img_00000008.jpg,skirt
img/Eyelash_Lace_Dress/img_00000008.jpg,41,test,data/raw/deepfashion/img/Eyelash_Lace_Dress/img_00000008.jpg,skirt
img/Cutout-Neckline_Bodycon_Dress/img_00000001.jpg,41,test,data/raw/deepfashion/img/Cutout-Neckline_Bodycon_Dress/img_00000001.jpg,skirt
img/Eyelash_Lace_Combo_Dress/img_00000013.jpg,41,test,data/raw/deepfashion/img/Eyelash_Lace_Combo_Dress/img_00000013.jpg,skirt
img/Bejeweled_Waist_Maxi_Dress/img_00000018.jpg,41,test,data/raw/deepfashion/img/Bejeweled_Waist_Maxi_Dress/img_00000018.jpg,skirt
img/Striped_Floral_Fit_&_Flare_Dress/img_00000038.jpg,41,test,data/raw/deepfashion/img/Striped_Floral_Fit_&_Flare_Dress/img_00000038.jpg,skirt
img/Zippered_Colorblock_Crepe_Jumpsuit/img_00000003.jpg,42,test,data/raw/deepfashion/img/Zippered_Colorblock_Crepe_Jumpsuit/img_00000003.jpg,skirt
img/Botanical_Print_Shift_Dress/img_00000023.jpg,41,test,data/raw/deepfashion/img/Botanical_Print_Shift_Dress/img_00000023.jpg,skirt
img/Embroidered_Lace-Paneled_Maxi_Dress/img_00000016.jpg,41,test,data/raw/deepfashion/img/Embroidered_Lace-Paneled_Maxi_Dress/img_00000016.jpg,skirt
img/Floral_Lace_Bodycon_Dress/img_00000004.jpg,41,test,data/raw/deepfashion/img/Floral_Lace_Bodycon_Dress/img_00000004.jpg,skirt
img/Abstract_Drop_Waist_Dress/img_00000057.jpg,41,test,data/raw/deepfashion/img/Abstract_Drop_Waist_Dress/img_00000057.jpg,skirt
img/Eyelash_Lace_A-Line_Dress/img_00000043.jpg,41,test,data/raw/deepfashion/img/Eyelash_Lace_A-Line_Dress/img_00000043.jpg,skirt
img/Cutout_Knit_Bodycon_Dress/img_00000075.jpg,41,test,data/raw/deepfashion/img/Cutout_Knit_Bodycon_Dress/img_00000075.jpg,skirt
img/Illusion_Fit_&_Flare_Dress/img_00000049.jpg,41,test,data/raw/deepfashion/img/Illusion_Fit_&_Flare_Dress/img_00000049.jpg,skirt
img/Striped_T-Back_Maxi_Dress/img_00000001.jpg,41,test,data/raw/deepfashion/img/Striped_T-Back_Maxi_Dress/img_00000001.jpg,skirt
img/Beaded_Sleeveless_Shift_Dress/img_00000051.jpg,41,test,data/raw/deepfashion/img/Beaded_Sleeveless_Shift_Dress/img_00000051.jpg,skirt
img/Bird_Print_Sateen_Dress/img_00000002.jpg,41,test,data/raw/deepfashion/img/Bird_Print_Sateen_Dress/img_00000002.jpg,skirt
img/Denim_Cutout_Dress/img_00000038.jpg,41,test,data/raw/deepfashion/img/Denim_Cutout_Dress/img_00000038.jpg,skirt
img/Brushstroke_Print_Belted_Shift_Dress/img_00000057.jpg,41,test,data/raw/deepfashion/img/Brushstroke_Print_Belted_Shift_Dress/img_00000057.jpg,skirt
img/Bejeweled_Floral_Lace_Sheath_Dress/img_00000019.jpg,41,test,data/raw/deepfashion/img/Bejeweled_Floral_Lace_Sheath_Dress/img_00000019.jpg,skirt
img/Lace_V-Back_Dress/img_00000051.jpg,41,test,data/raw/deepfashion/img/Lace_V-Back_Dress/img_00000051.jpg,skirt
img/Beaded_Shift_Dress/img_00000030.jpg,41,test,data/raw/deepfashion/img/Beaded_Shift_Dress/img_00000030.jpg,skirt
img/High-Low_Zigzag_Dress/img_00000048.jpg,41,test,data/raw/deepfashion/img/High-Low_Zigzag_Dress/img_00000048.jpg,skirt
img/Striped_A-line_Dress/img_00000053.jpg,41,test,data/raw/deepfashion/img/Striped_A-line_Dress/img_00000053.jpg,skirt
img/Floral_Print_Babydoll_Dress/img_00000014.jpg,41,test,data/raw/deepfashion/img/Floral_Print_Babydoll_Dress/img_00000014.jpg,skirt
img/Floral_Print_Slit_Maxi_Dress/img_00000061.jpg,41,test,data/raw/deepfashion/img/Floral_Print_Slit_Maxi_Dress/img_00000061.jpg,skirt
img/Contrast_Collar_Popover_Dress/img_00000003.jpg,41,test,data/raw/deepfashion/img/Contrast_Collar_Popover_Dress/img_00000003.jpg,skirt
img/Scoop_Neck_Maxi_Dress/img_00000077.jpg,41,test,data/raw/deepfashion/img/Scoop_Neck_Maxi_Dress/img_00000077.jpg,skirt
img/Mixed_Print_Maxi_Dress/img_00000007.jpg,41,test,data/raw/deepfashion/img/Mixed_Print_Maxi_Dress/img_00000007.jpg,skirt
img/Lace-Trimmed_Swiss_Dot_Dress/img_00000022.jpg,41,test,data/raw/deepfashion/img/Lace-Trimmed_Swiss_Dot_Dress/img_00000022.jpg,skirt
img/Mock_Neck_Velveteen_Dress/img_00000012.jpg,41,test,data/raw/deepfashion/img/Mock_Neck_Velveteen_Dress/img_00000012.jpg,skirt
img/Structured_A-Line_Dress/img_00000036.jpg,41,test,data/raw/deepfashion/img/Structured_A-Line_Dress/img_00000036.jpg,skirt
img/Layered_Eyelet_Dress/img_00000075.jpg,41,test,data/raw/deepfashion/img/Layered_Eyelet_Dress/img_00000075.jpg,skirt
img/Plaid_Shirt_Dress/img_00000015.jpg,41,test,data/raw/deepfashion/img/Plaid_Shirt_Dress/img_00000015.jpg,skirt
img/High-Slit_Maxi_Dress/img_00000028.jpg,41,test,data/raw/deepfashion/img/High-Slit_Maxi_Dress/img_00000028.jpg,skirt
img/Bejeweled_Waist_Maxi_Dress/img_00000042.jpg,41,test,data/raw/deepfashion/img/Bejeweled_Waist_Maxi_Dress/img_00000042.jpg,skirt
img/Belted_Lace_Print_Dress/img_00000016.jpg,41,test,data/raw/deepfashion/img/Belted_Lace_Print_Dress/img_00000016.jpg,skirt
img/Abstract_Print_Tasseled_Mini_Dress/img_00000030.jpg,41,test,data/raw/deepfashion/img/Abstract_Print_Tasseled_Mini_Dress/img_00000030.jpg,skirt
img/Waist_Pocket_Shift_Dress/img_00000005.jpg,41,test,data/raw/deepfashion/img/Waist_Pocket_Shift_Dress/img_00000005.jpg,skirt
img/Colorblock_Trapeze_Dress/img_00000057.jpg,41,test,data/raw/deepfashion/img/Colorblock_Trapeze_Dress/img_00000057.jpg,skirt
img/Tribal_Print_Scuba_Knit_Dress/img_00000016.jpg,41,test,data/raw/deepfashion/img/Tribal_Print_Scuba_Knit_Dress/img_00000016.jpg,skirt
img/V-Neck_Shift_Dress/img_00000078.jpg,41,test,data/raw/deepfashion/img/V-Neck_Shift_Dress/img_00000078.jpg,skirt
img/Floral_Trim_Cami_Dress/img_00000026.jpg,41,test,data/raw/deepfashion/img/Floral_Trim_Cami_Dress/img_00000026.jpg,skirt
img/Cutout-Back_Shift_Dress/img_00000029.jpg,41,test,data/raw/deepfashion/img/Cutout-Back_Shift_Dress/img_00000029.jpg,skirt
img/Elegant_Crochet_Lace_Dress/img_00000048.jpg,41,test,data/raw/deepfashion/img/Elegant_Crochet_Lace_Dress/img_00000048.jpg,skirt
img/Cutout_Lace_Cami_Dress/img_00000046.jpg,41,test,data/raw/deepfashion/img/Cutout_Lace_Cami_Dress/img_00000046.jpg,skirt
img/Kaleidoscope_Flounce_Maxi_Dress/img_00000037.jpg,41,test,data/raw/deepfashion/img/Kaleidoscope_Flounce_Maxi_Dress/img_00000037.jpg,skirt
img/Paisley_Print_Cami_Dress/img_00000002.jpg,41,test,data/raw/deepfashion/img/Paisley_Print_Cami_Dress/img_00000002.jpg,skirt
img/Garden_Party_Pleated_Dress/img_00000058.jpg,41,test,data/raw/deepfashion/img/Garden_Party_Pleated_Dress/img_00000058.jpg,skirt
img/Ribbed_Knit_Dress/img_00000044.jpg,41,test,data/raw/deepfashion/img/Ribbed_Knit_Dress/img_00000044.jpg,skirt
img/Floral_Crisscross_Cami_Dress/img_00000035.jpg,41,test,data/raw/deepfashion/img/Floral_Crisscross_Cami_Dress/img_00000035.jpg,skirt
img/V-Neck_Striped_Dress/img_00000065.jpg,41,test,data/raw/deepfashion/img/V-Neck_Striped_Dress/img_00000065.jpg,skirt
img/Out_to_Sea_Maxi_Dress/img_00000045.jpg,41,test,data/raw/deepfashion/img/Out_to_Sea_Maxi_Dress/img_00000045.jpg,skirt
img/Cutout_Halter_Maxi_Dress/img_00000043.jpg,41,test,data/raw/deepfashion/img/Cutout_Halter_Maxi_Dress/img_00000043.jpg,skirt
img/Crocheted_Peter_Pan_Collar_Dress/img_00000038.jpg,41,test,data/raw/deepfashion/img/Crocheted_Peter_Pan_Collar_Dress/img_00000038.jpg,skirt
img/High-Slit_Ribbed_Maxi_Dress/img_00000019.jpg,41,test,data/raw/deepfashion/img/High-Slit_Ribbed_Maxi_Dress/img_00000019.jpg,skirt
img/Striped_High-Slit_Maxi_Dress/img_00000018.jpg,41,test,data/raw/deepfashion/img/Striped_High-Slit_Maxi_Dress/img_00000018.jpg,skirt
img/Strapless_Jumpsuit/img_00000001.jpg,42,test,data/raw/deepfashion/img/Strapless_Jumpsuit/img_00000001.jpg,skirt
img/Crochet-Paneled_A-Line_Dress/img_00000028.jpg,41,test,data/raw/deepfashion/img/Crochet-Paneled_A-Line_Dress/img_00000028.jpg,skirt
img/Field_of_Daisies_Dress/img_00000003.jpg,41,test,data/raw/deepfashion/img/Field_of_Daisies_Dress/img_00000003.jpg,skirt
img/Crochet_Maxi_Dress/img_00000006.jpg,41,test,data/raw/deepfashion/img/Crochet_Maxi_Dress/img_00000006.jpg,skirt
img/Crisscross_Back_Swiss_Dot_Dress/img_00000004.jpg,41,test,data/raw/deepfashion/img/Crisscross_Back_Swiss_Dot_Dress/img_00000004.jpg,skirt
img/Cutout_Halter_Maxi_Dress/img_00000060.jpg,41,test,data/raw/deepfashion/img/Cutout_Halter_Maxi_Dress/img_00000060.jpg,skirt
img/Textured_Skater_Dress/img_00000031.jpg,41,test,data/raw/deepfashion/img/Textured_Skater_Dress/img_00000031.jpg,skirt
img/Flirty_Fit_&_Flare_Dress/img_00000054.jpg,41,test,data/raw/deepfashion/img/Flirty_Fit_&_Flare_Dress/img_00000054.jpg,skirt
img/Ornate_Print_Babydoll_Dress/img_00000011.jpg,41,test,data/raw/deepfashion/img/Ornate_Print_Babydoll_Dress/img_00000011.jpg,skirt
img/Beaded_Halter_Bodycon_Dress/img_00000040.jpg,41,test,data/raw/deepfashion/img/Beaded_Halter_Bodycon_Dress/img_00000040.jpg,skirt
img/Stone_Washed_Denim_Dress/img_00000006.jpg,41,test,data/raw/deepfashion/img/Stone_Washed_Denim_Dress/img_00000006.jpg,skirt
img/Paisley_Print_Denim_Jumpsuit/img_00000005.jpg,42,test,data/raw/deepfashion/img/Paisley_Print_Denim_Jumpsuit/img_00000005.jpg,skirt
img/Floral_Print_Skater_Dress/img_00000035.jpg,41,test,data/raw/deepfashion/img/Floral_Print_Skater_Dress/img_00000035.jpg,skirt
img/Tie-Dye_Open-Shoulder_Shift_Dress/img_00000024.jpg,41,test,data/raw/deepfashion/img/Tie-Dye_Open-Shoulder_Shift_Dress/img_00000024.jpg,skirt
img/Sequined_Chiffon_Maxi_Dress/img_00000019.jpg,41,test,data/raw/deepfashion/img/Sequined_Chiffon_Maxi_Dress/img_00000019.jpg,skirt
img/Lace-Trimmed_Floral_Cami_Dress/img_00000007.jpg,41,test,data/raw/deepfashion/img/Lace-Trimmed_Floral_Cami_Dress/img_00000007.jpg,skirt
img/Abstract_Tie-Dye_Jumpsuit/img_00000038.jpg,42,test,data/raw/deepfashion/img/Abstract_Tie-Dye_Jumpsuit/img_00000038.jpg,skirt
img/Strapless_Wide-Leg_Jumpsuit/img_00000011.jpg,42,test,data/raw/deepfashion/img/Strapless_Wide-Leg_Jumpsuit/img_00000011.jpg,skirt
img/Floral_Lace_Mini_Dress/img_00000081.jpg,41,test,data/raw/deepfashion/img/Floral_Lace_Mini_Dress/img_00000081.jpg,skirt
img/Tiered_Maxi_Cami_Dress/img_00000038.jpg,41,test,data/raw/deepfashion/img/Tiered_Maxi_Cami_Dress/img_00000038.jpg,skirt
img/Striped_Bodycon_Midi_Dress/img_00000049.jpg,41,test,data/raw/deepfashion/img/Striped_Bodycon_Midi_Dress/img_00000049.jpg,skirt
img/Floral_Lace_Overlay_Dress/img_00000020.jpg,41,test,data/raw/deepfashion/img/Floral_Lace_Overlay_Dress/img_00000020.jpg,skirt
img/Floral_Print_Fit_&_Flare_Dress/img_00000006.jpg,41,test,data/raw/deepfashion/img/Floral_Print_Fit_&_Flare_Dress/img_00000006.jpg,skirt
img/Abstract_Print_Fit_&_Flare_Dress/img_00000025.jpg,41,test,data/raw/deepfashion/img/Abstract_Print_Fit_&_Flare_Dress/img_00000025.jpg,skirt
img/Multi-Striped_Maxi_Dress/img_00000002.jpg,41,test,data/raw/deepfashion/img/Multi-Striped_Maxi_Dress/img_00000002.jpg,skirt
img/Square_Neck_Cutout_Dress/img_00000038.jpg,41,test,data/raw/deepfashion/img/Square_Neck_Cutout_Dress/img_00000038.jpg,skirt
img/Tribal_Print_V-Back_Kaftan/img_00000032.jpg,43,test,data/raw/deepfashion/img/Tribal_Print_V-Back_Kaftan/img_00000032.jpg,skirt
img/Layered_Halter_Jumpsuit/img_00000010.jpg,42,test,data/raw/deepfashion/img/Layered_Halter_Jumpsuit/img_00000010.jpg,skirt
img/Knit_Skater_Dress/img_00000033.jpg,41,test,data/raw/deepfashion/img/Knit_Skater_Dress/img_00000033.jpg,skirt
img/Striped_Knit_Skater_Dress/img_00000041.jpg,41,test,data/raw/deepfashion/img/Striped_Knit_Skater_Dress/img_00000041.jpg,skirt
img/Ornate_Surplice_Maxi_Dress/img_00000011.jpg,41,test,data/raw/deepfashion/img/Ornate_Surplice_Maxi_Dress/img_00000011.jpg,skirt
img/Daisy_Print_Dress/img_00000027.jpg,41,test,data/raw/deepfashion/img/Daisy_Print_Dress/img_00000027.jpg,skirt
img/Embroidered_Floral_Dress/img_00000025.jpg,41,test,data/raw/deepfashion/img/Embroidered_Floral_Dress/img_00000025.jpg,skirt
img/Crisscross_Striped-Waist_Dress/img_00000014.jpg,41,test,data/raw/deepfashion/img/Crisscross_Striped-Waist_Dress/img_00000014.jpg,skirt
img/Crinkled_Satin_Halter_Dress/img_00000013.jpg,41,test,data/raw/deepfashion/img/Crinkled_Satin_Halter_Dress/img_00000013.jpg,skirt
img/Square-Back_Cami_Dress/img_00000005.jpg,41,test,data/raw/deepfashion/img/Square-Back_Cami_Dress/img_00000005.jpg,skirt
img/Paisley_Cami_Maxi_Dress/img_00000015.jpg,41,test,data/raw/deepfashion/img/Paisley_Cami_Maxi_Dress/img_00000015.jpg,skirt
img/Floral_Print_Skater_Dress/img_00000047.jpg,41,test,data/raw/deepfashion/img/Floral_Print_Skater_Dress/img_00000047.jpg,skirt
img/Dotted_Surplice_Combo_Jumpsuit/img_00000011.jpg,42,test,data/raw/deepfashion/img/Dotted_Surplice_Combo_Jumpsuit/img_00000011.jpg,skirt
img/Caged_Cutout_Dress/img_00000015.jpg,41,test,data/raw/deepfashion/img/Caged_Cutout_Dress/img_00000015.jpg,skirt
img/Rose_Print_Maxi_Dress/img_00000065.jpg,41,test,data/raw/deepfashion/img/Rose_Print_Maxi_Dress/img_00000065.jpg,skirt
img/Crochet-Trimmed_Maxi_Dress/img_00000016.jpg,41,test,data/raw/deepfashion/img/Crochet-Trimmed_Maxi_Dress/img_00000016.jpg,skirt
img/Plaid_Drawstring_Dress/img_00000014.jpg,41,test,data/raw/deepfashion/img/Plaid_Drawstring_Dress/img_00000014.jpg,skirt
img/Ruffled_Cami_Dress/img_00000006.jpg,41,test,data/raw/deepfashion/img/Ruffled_Cami_Dress/img_00000006.jpg,skirt
img/Tile_Print_Halter_Maxi_Dress/img_00000031.jpg,41,test,data/raw/deepfashion/img/Tile_Print_Halter_Maxi_Dress/img_00000031.jpg,skirt
img/Elephant_Paisley_Print_Dress/img_00000006.jpg,41,test,data/raw/deepfashion/img/Elephant_Paisley_Print_Dress/img_00000006.jpg,skirt
img/Mesh_Overlay_Sheath_Dress/img_00000044.jpg,41,test,data/raw/deepfashion/img/Mesh_Overlay_Sheath_Dress/img_00000044.jpg,skirt
img/Sweet_Love_Skater_Dress/img_00000007.jpg,41,test,data/raw/deepfashion/img/Sweet_Love_Skater_Dress/img_00000007.jpg,skirt
img/V-Cut_Fit_&_Flare_Dress/img_00000057.jpg,41,test,data/raw/deepfashion/img/V-Cut_Fit_&_Flare_Dress/img_00000057.jpg,skirt
img/Organza-Paneled_Midi_T-Shirt_Dress/img_00000029.jpg,41,test,data/raw/deepfashion/img/Organza-Paneled_Midi_T-Shirt_Dress/img_00000029.jpg,skirt
img/Scoop_Back_Skater_Dress/img_00000003.jpg,41,test,data/raw/deepfashion/img/Scoop_Back_Skater_Dress/img_00000003.jpg,skirt
img/High-Neck_Lace_Maxi_Dress/img_00000064.jpg,41,test,data/raw/deepfashion/img/High-Neck_Lace_Maxi_Dress/img_00000064.jpg,skirt
img/V-Neck_Striped_Midi_Dress/img_00000001.jpg,41,test,data/raw/deepfashion/img/V-Neck_Striped_Midi_Dress/img_00000001.jpg,skirt
img/Botanical_Print_Fit_&_Flare_Dress/img_00000034.jpg,41,test,data/raw/deepfashion/img/Botanical_Print_Fit_&_Flare_Dress/img_00000034.jpg,skirt
img/Belted_Ladder-Back_Dress/img_00000033.jpg,41,test,data/raw/deepfashion/img/Belted_Ladder-Back_Dress/img_00000033.jpg,skirt
img/Tulip-Hem_Bodycon_Dress/img_00000047.jpg,41,test,data/raw/deepfashion/img/Tulip-Hem_Bodycon_Dress/img_00000047.jpg,skirt
img/Turtleneck_Sweater_Dress/img_00000012.jpg,41,test,data/raw/deepfashion/img/Turtleneck_Sweater_Dress/img_00000012.jpg,skirt
img/Abstract_Floral_Print_Dress/img_00000039.jpg,41,test,data/raw/deepfashion/img/Abstract_Floral_Print_Dress/img_00000039.jpg,skirt
img/Deep_V-Neck_Pleated_Dress/img_00000071.jpg,41,test,data/raw/deepfashion/img/Deep_V-Neck_Pleated_Dress/img_00000071.jpg,skirt
img/Cascading_Layered_Shift_Dress/img_00000012.jpg,41,test,data/raw/deepfashion/img/Cascading_Layered_Shift_Dress/img_00000012.jpg,skirt
img/Gingham_Print_Skater_Dress/img_00000007.jpg,41,test,data/raw/deepfashion/img/Gingham_Print_Skater_Dress/img_00000007.jpg,skirt
img/Knit_Skater_Dress/img_00000047.jpg,41,test,data/raw/deepfashion/img/Knit_Skater_Dress/img_00000047.jpg,skirt
img/Cutout_Maxi_Cami_Dress/img_00000010.jpg,41,test,data/raw/deepfashion/img/Cutout_Maxi_Cami_Dress/img_00000010.jpg,skirt
img/Front-Slit_Pleated_Shift_Dress/img_00000010.jpg,41,test,data/raw/deepfashion/img/Front-Slit_Pleated_Shift_Dress/img_00000010.jpg,skirt
img/Fringed_Cutout_T-Shirt_Dress/img_00000003.jpg,41,test,data/raw/deepfashion/img/Fringed_Cutout_T-Shirt_Dress/img_00000003.jpg,skirt
img/Lace_Collar_Shift_Dress/img_00000012.jpg,41,test,data/raw/deepfashion/img/Lace_Collar_Shift_Dress/img_00000012.jpg,skirt
img/Tiered_Floral_Smock_Dress/img_00000039.jpg,41,test,data/raw/deepfashion/img/Tiered_Floral_Smock_Dress/img_00000039.jpg,skirt
img/Matelass&eacute;_Fit_&_Flare_Dress/img_00000031.jpg,41,test,data/raw/deepfashion/img/Matelass&eacute;_Fit_&_Flare_Dress/img_00000031.jpg,skirt
img/Striped_Trapeze_Dress/img_00000036.jpg,41,test,data/raw/deepfashion/img/Striped_Trapeze_Dress/img_00000036.jpg,skirt
img/Semi-Sheer_Ribbed_Midi_Dress/img_00000028.jpg,41,test,data/raw/deepfashion/img/Semi-Sheer_Ribbed_Midi_Dress/img_00000028.jpg,skirt
img/Sheer_Lace_Dress/img_00000027.jpg,41,test,data/raw/deepfashion/img/Sheer_Lace_Dress/img_00000027.jpg,skirt
img/Floral_Lace-Yoke_Jumpsuit/img_00000041.jpg,42,test,data/raw/deepfashion/img/Floral_Lace-Yoke_Jumpsuit/img_00000041.jpg,skirt
img/Strapless_Bodycon_Dress/img_00000074.jpg,41,test,data/raw/deepfashion/img/Strapless_Bodycon_Dress/img_00000074.jpg,skirt
img/V-Notched_Piqu&eacute;_Skater_Dress/img_00000027.jpg,41,test,data/raw/deepfashion/img/V-Notched_Piqu&eacute;_Skater_Dress/img_00000027.jpg,skirt
img/Embroidered-Trim_Cami_Dress/img_00000011.jpg,41,test,data/raw/deepfashion/img/Embroidered-Trim_Cami_Dress/img_00000011.jpg,skirt
img/Chiffon-Trimmed_Jumpsuit/img_00000043.jpg,42,test,data/raw/deepfashion/img/Chiffon-Trimmed_Jumpsuit/img_00000043.jpg,skirt
img/Tropical_Print_Bodycon_Dress/img_00000010.jpg,41,test,data/raw/deepfashion/img/Tropical_Print_Bodycon_Dress/img_00000010.jpg,skirt
img/Geo_Matelass&eacute;_Dress/img_00000022.jpg,41,test,data/raw/deepfashion/img/Geo_Matelass&eacute;_Dress/img_00000022.jpg,skirt
img/Geo_Print_Open-Shoulder_Dress/img_00000023.jpg,41,test,data/raw/deepfashion/img/Geo_Print_Open-Shoulder_Dress/img_00000023.jpg,skirt
img/Ribbed_Knit_Striped_Dress/img_00000028.jpg,41,test,data/raw/deepfashion/img/Ribbed_Knit_Striped_Dress/img_00000028.jpg,skirt
img/Tribal_Print_Halter_Maxi_Dress/img_00000009.jpg,41,test,data/raw/deepfashion/img/Tribal_Print_Halter_Maxi_Dress/img_00000009.jpg,skirt
img/Beaded_Ornate_Print_Jumpsuit/img_00000015.jpg,42,test,data/raw/deepfashion/img/Beaded_Ornate_Print_Jumpsuit/img_00000015.jpg,skirt
img/Floral_Print_Strappy_Dress/img_00000002.jpg,41,test,data/raw/deepfashion/img/Floral_Print_Strappy_Dress/img_00000002.jpg,skirt
img/Floral_Print_Fit_&_Flare_Dress/img_00000017.jpg,41,test,data/raw/deepfashion/img/Floral_Print_Fit_&_Flare_Dress/img_00000017.jpg,skirt
img/Colorblock_Cutout_Jumpsuit/img_00000001.jpg,42,test,data/raw/deepfashion/img/Colorblock_Cutout_Jumpsuit/img_00000001.jpg,skirt
img/Fluted_Floral_Print_Dress/img_00000054.jpg,41,test,data/raw/deepfashion/img/Fluted_Floral_Print_Dress/img_00000054.jpg,skirt
img/Strappy_Flounce_Gauze_Dress/img_00000034.jpg,41,test,data/raw/deepfashion/img/Strappy_Flounce_Gauze_Dress/img_00000034.jpg,skirt
img/Leaf_Print_Halter_Dress/img_00000048.jpg,41,test,data/raw/deepfashion/img/Leaf_Print_Halter_Dress/img_00000048.jpg,skirt
img/Layered_Sleeveless_Dress/img_00000018.jpg,41,test,data/raw/deepfashion/img/Layered_Sleeveless_Dress/img_00000018.jpg,skirt
img/Floral_Lace_Bodycon_Dress/img_00000036.jpg,41,test,data/raw/deepfashion/img/Floral_Lace_Bodycon_Dress/img_00000036.jpg,skirt
img/Retro_Cutout_Dress/img_00000004.jpg,41,test,data/raw/deepfashion/img/Retro_Cutout_Dress/img_00000004.jpg,skirt
img/Textured_A-Line_Dress/img_00000027.jpg,41,test,data/raw/deepfashion/img/Textured_A-Line_Dress/img_00000027.jpg,skirt
img/Mesh_Tank_Dress/img_00000038.jpg,41,test,data/raw/deepfashion/img/Mesh_Tank_Dress/img_00000038.jpg,skirt
img/Floral_Print_Smocked_Dress/img_00000047.jpg,41,test,data/raw/deepfashion/img/Floral_Print_Smocked_Dress/img_00000047.jpg,skirt
img/Geo_Print_Strappy_Maxi_Dress/img_00000005.jpg,41,test,data/raw/deepfashion/img/Geo_Print_Strappy_Maxi_Dress/img_00000005.jpg,skirt
img/Free_to_Be_Draped_Jumpsuit/img_00000047.jpg,42,test,data/raw/deepfashion/img/Free_to_Be_Draped_Jumpsuit/img_00000047.jpg,skirt
img/Rose_Print_Shift_Dress/img_00000001.jpg,41,test,data/raw/deepfashion/img/Rose_Print_Shift_Dress/img_00000001.jpg,skirt
img/Paisley_Print_Kaftan/img_00000053.jpg,43,test,data/raw/deepfashion/img/Paisley_Print_Kaftan/img_00000053.jpg,skirt
img/Free_to_Be_Draped_Jumpsuit/img_00000031.jpg,42,test,data/raw/deepfashion/img/Free_to_Be_Draped_Jumpsuit/img_00000031.jpg,skirt
img/Tribal_Print_Halter_Maxi_Dress/img_00000034.jpg,41,test,data/raw/deepfashion/img/Tribal_Print_Halter_Maxi_Dress/img_00000034.jpg,skirt
img/Abstract_Stripe_Sheath_Dress/img_00000037.jpg,41,test,data/raw/deepfashion/img/Abstract_Stripe_Sheath_Dress/img_00000037.jpg,skirt
img/Belted_Plaid_Dress/img_00000008.jpg,41,test,data/raw/deepfashion/img/Belted_Plaid_Dress/img_00000008.jpg,skirt
img/Mineral_Wash_Jumpsuit/img_00000037.jpg,42,test,data/raw/deepfashion/img/Mineral_Wash_Jumpsuit/img_00000037.jpg,skirt
img/Braided_Strap_Maxi_Dress/img_00000002.jpg,41,test,data/raw/deepfashion/img/Braided_Strap_Maxi_Dress/img_00000002.jpg,skirt
img/Lily_Print_Dress/img_00000050.jpg,41,test,data/raw/deepfashion/img/Lily_Print_Dress/img_00000050.jpg,skirt
img/Lace_Print_Shift_Dress/img_00000018.jpg,41,test,data/raw/deepfashion/img/Lace_Print_Shift_Dress/img_00000018.jpg,skirt
img/Floral_Print_Smock_Dress/img_00000028.jpg,41,test,data/raw/deepfashion/img/Floral_Print_Smock_Dress/img_00000028.jpg,skirt
img/Polka_Dot_Fit_&_Flare_Dress/img_00000039.jpg,41,test,data/raw/deepfashion/img/Polka_Dot_Fit_&_Flare_Dress/img_00000039.jpg,skirt
img/Faux_Suede_Shift_Dress/img_00000008.jpg,41,test,data/raw/deepfashion/img/Faux_Suede_Shift_Dress/img_00000008.jpg,skirt
img/Rhinestone-Embellished_Maxi_Dress/img_00000030.jpg,41,test,data/raw/deepfashion/img/Rhinestone-Embellished_Maxi_Dress/img_00000030.jpg,skirt
img/Open-Mesh_Midi_Dress/img_00000022.jpg,41,test,data/raw/deepfashion/img/Open-Mesh_Midi_Dress/img_00000022.jpg,skirt
img/Pleated_Metallic_Tweed_Dress/img_00000019.jpg,41,test,data/raw/deepfashion/img/Pleated_Metallic_Tweed_Dress/img_00000019.jpg,skirt
img/Mock_Neck_Velveteen_Dress/img_00000019.jpg,41,test,data/raw/deepfashion/img/Mock_Neck_Velveteen_Dress/img_00000019.jpg,skirt
img/Abstract_Animal_Print_Dress/img_00000056.jpg,41,test,data/raw/deepfashion/img/Abstract_Animal_Print_Dress/img_00000056.jpg,skirt
img/Smocked_Rose_Print_Dress/img_00000035.jpg,41,test,data/raw/deepfashion/img/Smocked_Rose_Print_Dress/img_00000035.jpg,skirt
img/Baroque_Print_Maxi_Dress/img_00000058.jpg,41,test,data/raw/deepfashion/img/Baroque_Print_Maxi_Dress/img_00000058.jpg,skirt
img/Patriotic_Mineral_Wash_Dress/img_00000013.jpg,41,test,data/raw/deepfashion/img/Patriotic_Mineral_Wash_Dress/img_00000013.jpg,skirt
img/Contrast-Trimmed_Halter_Dress/img_00000013.jpg,41,test,data/raw/deepfashion/img/Contrast-Trimmed_Halter_Dress/img_00000013.jpg,skirt
img/Belted_Floral_Print_Dress/img_00000066.jpg,41,test,data/raw/deepfashion/img/Belted_Floral_Print_Dress/img_00000066.jpg,skirt
img/Fit_&_Flare_Cami_Dress/img_00000001.jpg,41,test,data/raw/deepfashion/img/Fit_&_Flare_Cami_Dress/img_00000001.jpg,skirt
img/Eclectic_M-Slit_Maxi_Dress/img_00000022.jpg,41,test,data/raw/deepfashion/img/Eclectic_M-Slit_Maxi_Dress/img_00000022.jpg,skirt
img/Striped_Cutout-Back_Dress/img_00000053.jpg,41,test,data/raw/deepfashion/img/Striped_Cutout-Back_Dress/img_00000053.jpg,skirt
img/Jersey_Trapeze_Dress/img_00000043.jpg,41,test,data/raw/deepfashion/img/Jersey_Trapeze_Dress/img_00000043.jpg,skirt
img/Tribal_Print_Pocket_Dress/img_00000051.jpg,41,test,data/raw/deepfashion/img/Tribal_Print_Pocket_Dress/img_00000051.jpg,skirt
img/Textured_Knit_Skater_Dress/img_00000013.jpg,41,test,data/raw/deepfashion/img/Textured_Knit_Skater_Dress/img_00000013.jpg,skirt
img/Floral_Paisley_Cami_Dress/img_00000020.jpg,41,test,data/raw/deepfashion/img/Floral_Paisley_Cami_Dress/img_00000020.jpg,skirt
img/Marled_Midi_Turtleneck_Dress/img_00000007.jpg,41,test,data/raw/deepfashion/img/Marled_Midi_Turtleneck_Dress/img_00000007.jpg,skirt
img/Eyelash_Lace_Surplice_Dress/img_00000029.jpg,41,test,data/raw/deepfashion/img/Eyelash_Lace_Surplice_Dress/img_00000029.jpg,skirt
img/Pleated_Metallic_Tweed_Dress/img_00000002.jpg,41,test,data/raw/deepfashion/img/Pleated_Metallic_Tweed_Dress/img_00000002.jpg,skirt
img/Paisley_Print_Sun_Dress/img_00000033.jpg,41,test,data/raw/deepfashion/img/Paisley_Print_Sun_Dress/img_00000033.jpg,skirt
img/Faux_Gem_Shift_Dress/img_00000010.jpg,41,test,data/raw/deepfashion/img/Faux_Gem_Shift_Dress/img_00000010.jpg,skirt
img/Tribal_Print_V-Back_Kaftan/img_00000051.jpg,43,test,data/raw/deepfashion/img/Tribal_Print_V-Back_Kaftan/img_00000051.jpg,skirt
img/V-Neck_Striped_Midi_Dress/img_00000012.jpg,41,test,data/raw/deepfashion/img/V-Neck_Striped_Midi_Dress/img_00000012.jpg,skirt
img/Watercolor_Ikat_High-Low_Dress/img_00000018.jpg,41,test,data/raw/deepfashion/img/Watercolor_Ikat_High-Low_Dress/img_00000018.jpg,skirt
img/Ditsy_Floral_Cami_Dress/img_00000043.jpg,41,test,data/raw/deepfashion/img/Ditsy_Floral_Cami_Dress/img_00000043.jpg,skirt
img/Strapless_Jumpsuit/img_00000026.jpg,42,test,data/raw/deepfashion/img/Strapless_Jumpsuit/img_00000026.jpg,skirt
img/Tiered_Maxi_Cami_Dress/img_00000006.jpg,41,test,data/raw/deepfashion/img/Tiered_Maxi_Cami_Dress/img_00000006.jpg,skirt
img/Drawstring_Waist_Dress/img_00000015.jpg,41,test,data/raw/deepfashion/img/Drawstring_Waist_Dress/img_00000015.jpg,skirt
img/Lace_Love_Maxi_Dress/img_00000071.jpg,41,test,data/raw/deepfashion/img/Lace_Love_Maxi_Dress/img_00000071.jpg,skirt
img/Belted_Paisley_Print_Dress/img_00000034.jpg,41,test,data/raw/deepfashion/img/Belted_Paisley_Print_Dress/img_00000034.jpg,skirt
img/Belted_Lace_Print_Dress/img_00000022.jpg,41,test,data/raw/deepfashion/img/Belted_Lace_Print_Dress/img_00000022.jpg,skirt
img/Caged_V-Cut_Dress/img_00000054.jpg,41,test,data/raw/deepfashion/img/Caged_V-Cut_Dress/img_00000054.jpg,skirt
img/Printed_Drop-Waist_Cami_Dress/img_00000017.jpg,41,test,data/raw/deepfashion/img/Printed_Drop-Waist_Cami_Dress/img_00000017.jpg,skirt
img/Cross-Back_Bodycon_Dress/img_00000002.jpg,41,test,data/raw/deepfashion/img/Cross-Back_Bodycon_Dress/img_00000002.jpg,skirt
img/Crochet-Paneled_Chambray_Dress/img_00000013.jpg,41,test,data/raw/deepfashion/img/Crochet-Paneled_Chambray_Dress/img_00000013.jpg,skirt
img/Textured_Dot_Skater_Dress/img_00000037.jpg,41,test,data/raw/deepfashion/img/Textured_Dot_Skater_Dress/img_00000037.jpg,skirt
img/Buttoned_Floral_Maxi_Dress/img_00000049.jpg,41,test,data/raw/deepfashion/img/Buttoned_Floral_Maxi_Dress/img_00000049.jpg,skirt
img/Diamond-Cutout_Maxi_Dress/img_00000032.jpg,41,test,data/raw/deepfashion/img/Diamond-Cutout_Maxi_Dress/img_00000032.jpg,skirt
img/Strapless_Maxi_Dress/img_00000089.jpg,41,test,data/raw/deepfashion/img/Strapless_Maxi_Dress/img_00000089.jpg,skirt
img/Standout_Fit_&_Flare_Dress/img_00000003.jpg,41,test,data/raw/deepfashion/img/Standout_Fit_&_Flare_Dress/img_00000003.jpg,skirt
img/Ornate_Paisley_Maxi_Dress/img_00000026.jpg,41,test,data/raw/deepfashion/img/Ornate_Paisley_Maxi_Dress/img_00000026.jpg,skirt
img/Rose_Print_Shift_Dress/img_00000006.jpg,41,test,data/raw/deepfashion/img/Rose_Print_Shift_Dress/img_00000006.jpg,skirt
img/Flounce_Maxi_Dress/img_00000031.jpg,41,test,data/raw/deepfashion/img/Flounce_Maxi_Dress/img_00000031.jpg,skirt
img/Brushstroke_Print_Shirt_Dress/img_00000007.jpg,41,test,data/raw/deepfashion/img/Brushstroke_Print_Shirt_Dress/img_00000007.jpg,skirt
img/Tribal_Print_V-Back_Kaftan/img_00000035.jpg,43,test,data/raw/deepfashion/img/Tribal_Print_V-Back_Kaftan/img_00000035.jpg,skirt
img/Floral_Flutter_Sleeve_Dress/img_00000025.jpg,41,test,data/raw/deepfashion/img/Floral_Flutter_Sleeve_Dress/img_00000025.jpg,skirt
img/Colorblocked_Laser_Cut_Dress/img_00000018.jpg,41,test,data/raw/deepfashion/img/Colorblocked_Laser_Cut_Dress/img_00000018.jpg,skirt
img/Cutout_Gaucho_Jumpsuit/img_00000027.jpg,42,test,data/raw/deepfashion/img/Cutout_Gaucho_Jumpsuit/img_00000027.jpg,skirt
img/Pleated_Jacquard_Tea_Dress/img_00000010.jpg,41,test,data/raw/deepfashion/img/Pleated_Jacquard_Tea_Dress/img_00000010.jpg,skirt
img/Colorblocked_Shift_Dress/img_00000056.jpg,41,test,data/raw/deepfashion/img/Colorblocked_Shift_Dress/img_00000056.jpg,skirt
img/Crochet_Sheath_Dress/img_00000018.jpg,41,test,data/raw/deepfashion/img/Crochet_Sheath_Dress/img_00000018.jpg,skirt
img/Geo_Print_Open-Shoulder_Dress/img_00000018.jpg,41,test,data/raw/deepfashion/img/Geo_Print_Open-Shoulder_Dress/img_00000018.jpg,skirt
img/Abstract_Print_V-Back_Dress/img_00000051.jpg,41,test,data/raw/deepfashion/img/Abstract_Print_V-Back_Dress/img_00000051.jpg,skirt
img/Striped_Drop-Waist_Dress/img_00000042.jpg,41,test,data/raw/deepfashion/img/Striped_Drop-Waist_Dress/img_00000042.jpg,skirt
img/Cutout_Bodycon_Dress/img_00000038.jpg,41,test,data/raw/deepfashion/img/Cutout_Bodycon_Dress/img_00000038.jpg,skirt
img/Strapless_Paisley_Print_Dress/img_00000001.jpg,41,test,data/raw/deepfashion/img/Strapless_Paisley_Print_Dress/img_00000001.jpg,skirt
img/Medallion_Print_Sheath_Dress/img_00000056.jpg,41,test,data/raw/deepfashion/img/Medallion_Print_Sheath_Dress/img_00000056.jpg,skirt
img/Seaside_Strapless_Maxi_Dress/img_00000044.jpg,41,test,data/raw/deepfashion/img/Seaside_Strapless_Maxi_Dress/img_00000044.jpg,skirt
img/Embroidered_Floral_Peasant_Dress/img_00000020.jpg,41,test,data/raw/deepfashion/img/Embroidered_Floral_Peasant_Dress/img_00000020.jpg,skirt
img/High-Low_Racerback_Dress/img_00000029.jpg,41,test,data/raw/deepfashion/img/High-Low_Racerback_Dress/img_00000029.jpg,skirt
img/Sleek_One-Shoulder_Dress/img_00000059.jpg,41,test,data/raw/deepfashion/img/Sleek_One-Shoulder_Dress/img_00000059.jpg,skirt
img/Floral_Lace_Overlay_Dress/img_00000032.jpg,41,test,data/raw/deepfashion/img/Floral_Lace_Overlay_Dress/img_00000032.jpg,skirt
img/Kaleidoscopic_Floral_Dress/img_00000002.jpg,41,test,data/raw/deepfashion/img/Kaleidoscopic_Floral_Dress/img_00000002.jpg,skirt
img/Floral_Lace_Skater_Dress/img_00000028.jpg,41,test,data/raw/deepfashion/img/Floral_Lace_Skater_Dress/img_00000028.jpg,skirt
img/Caged_V-Cut_Dress/img_00000047.jpg,41,test,data/raw/deepfashion/img/Caged_V-Cut_Dress/img_00000047.jpg,skirt
img/High-Slit_Shirt_Dress/img_00000017.jpg,41,test,data/raw/deepfashion/img/High-Slit_Shirt_Dress/img_00000017.jpg,skirt
img/Botanical_Print_A-Line_Dress/img_00000005.jpg,41,test,data/raw/deepfashion/img/Botanical_Print_A-Line_Dress/img_00000005.jpg,skirt
img/Pintucked_Chiffon_Dress/img_00000032.jpg,41,test,data/raw/deepfashion/img/Pintucked_Chiffon_Dress/img_00000032.jpg,skirt
img/Cami_Babydoll_Dress/img_00000044.jpg,41,test,data/raw/deepfashion/img/Cami_Babydoll_Dress/img_00000044.jpg,skirt
img/Contrast_Striped_Fit_&_Flare_Dress/img_00000065.jpg,41,test,data/raw/deepfashion/img/Contrast_Striped_Fit_&_Flare_Dress/img_00000065.jpg,skirt
img/Textured_Floral_Skater_Dress/img_00000032.jpg,41,test,data/raw/deepfashion/img/Textured_Floral_Skater_Dress/img_00000032.jpg,skirt
img/Mod_Moment_Sheath_Dress/img_00000003.jpg,41,test,data/raw/deepfashion/img/Mod_Moment_Sheath_Dress/img_00000003.jpg,skirt
img/Pleated_Ponte_Knit_Dress/img_00000017.jpg,41,test,data/raw/deepfashion/img/Pleated_Ponte_Knit_Dress/img_00000017.jpg,skirt
img/Abstract_Splatter_Print_Dress/img_00000003.jpg,41,test,data/raw/deepfashion/img/Abstract_Splatter_Print_Dress/img_00000003.jpg,skirt
img/Fuzzy_Knit_Mini_Dress/img_00000001.jpg,41,test,data/raw/deepfashion/img/Fuzzy_Knit_Mini_Dress/img_00000001.jpg,skirt
img/Textured_Knit_Zipper_Dress/img_00000051.jpg,41,test,data/raw/deepfashion/img/Textured_Knit_Zipper_Dress/img_00000051.jpg,skirt
img/Jersey_Knit_Trapeze_Dress/img_00000024.jpg,41,test,data/raw/deepfashion/img/Jersey_Knit_Trapeze_Dress/img_00000024.jpg,skirt
img/Stretch-Knit_Bodycon_Dress/img_00000003.jpg,41,test,data/raw/deepfashion/img/Stretch-Knit_Bodycon_Dress/img_00000003.jpg,skirt
img/Striped_Polo_Dress/img_00000054.jpg,41,test,data/raw/deepfashion/img/Striped_Polo_Dress/img_00000054.jpg,skirt
img/Classic_Midi_Dress/img_00000064.jpg,41,test,data/raw/deepfashion/img/Classic_Midi_Dress/img_00000064.jpg,skirt
img/Longline_Striped_Slit-Back_Dress/img_00000006.jpg,41,test,data/raw/deepfashion/img/Longline_Striped_Slit-Back_Dress/img_00000006.jpg,skirt
img/Shore_Thing_Maxi_Dress/img_00000055.jpg,41,test,data/raw/deepfashion/img/Shore_Thing_Maxi_Dress/img_00000055.jpg,skirt
img/Strapless_Mini_Dress/img_00000013.jpg,41,test,data/raw/deepfashion/img/Strapless_Mini_Dress/img_00000013.jpg,skirt
img/Strappy_Tribal_Print_Maxi_Dress/img_00000036.jpg,41,test,data/raw/deepfashion/img/Strappy_Tribal_Print_Maxi_Dress/img_00000036.jpg,skirt
img/Mandala_Print_Maxi_Dress/img_00000024.jpg,41,test,data/raw/deepfashion/img/Mandala_Print_Maxi_Dress/img_00000024.jpg,skirt
img/Crisscross_Open-Back_Jumpsuit/img_00000005.jpg,42,test,data/raw/deepfashion/img/Crisscross_Open-Back_Jumpsuit/img_00000005.jpg,skirt
img/Mesh-Paneled_Shift_Dress/img_00000017.jpg,41,test,data/raw/deepfashion/img/Mesh-Paneled_Shift_Dress/img_00000017.jpg,skirt
img/Long-Sleeved_Shift_Dress/img_00000009.jpg,41,test,data/raw/deepfashion/img/Long-Sleeved_Shift_Dress/img_00000009.jpg,skirt
img/Butterfly_Sleeve_Sheath_Dress/img_00000074.jpg,41,test,data/raw/deepfashion/img/Butterfly_Sleeve_Sheath_Dress/img_00000074.jpg,skirt
img/Crochet_Halter_Dress/img_00000031.jpg,41,test,data/raw/deepfashion/img/Crochet_Halter_Dress/img_00000031.jpg,skirt
img/Lace-Paneled_Knit_Dress/img_00000035.jpg,41,test,data/raw/deepfashion/img/Lace-Paneled_Knit_Dress/img_00000035.jpg,skirt
img/Tribal_Print_Scuba_Knit_Dress/img_00000031.jpg,41,test,data/raw/deepfashion/img/Tribal_Print_Scuba_Knit_Dress/img_00000031.jpg,skirt
img/Paisley_Print_Fit_&_Flare_Dress/img_00000006.jpg,41,test,data/raw/deepfashion/img/Paisley_Print_Fit_&_Flare_Dress/img_00000006.jpg,skirt
img/Ruffled_Maxi_Dress/img_00000068.jpg,41,test,data/raw/deepfashion/img/Ruffled_Maxi_Dress/img_00000068.jpg,skirt
img/Embroidered_Crepe_Surplice_Jumpsuit/img_00000010.jpg,42,test,data/raw/deepfashion/img/Embroidered_Crepe_Surplice_Jumpsuit/img_00000010.jpg,skirt
img/Classic_Midi_Dress/img_00000070.jpg,41,test,data/raw/deepfashion/img/Classic_Midi_Dress/img_00000070.jpg,skirt
img/Jersey_Knit_Trapeze_Dress/img_00000034.jpg,41,test,data/raw/deepfashion/img/Jersey_Knit_Trapeze_Dress/img_00000034.jpg,skirt
img/Kaleidoscope_Print_Racerback_Dress/img_00000001.jpg,41,test,data/raw/deepfashion/img/Kaleidoscope_Print_Racerback_Dress/img_00000001.jpg,skirt
img/Metallic_Brocade_Sheath_Dress/img_00000022.jpg,41,test,data/raw/deepfashion/img/Metallic_Brocade_Sheath_Dress/img_00000022.jpg,skirt
img/Embroidered_Lace_Sheath_Dress/img_00000020.jpg,41,test,data/raw/deepfashion/img/Embroidered_Lace_Sheath_Dress/img_00000020.jpg,skirt
img/Crochet_Lace_Cami_Dress/img_00000012.jpg,41,test,data/raw/deepfashion/img/Crochet_Lace_Cami_Dress/img_00000012.jpg,skirt
img/Tulip_Hem_Tie-Dye_Dress/img_00000035.jpg,41,test,data/raw/deepfashion/img/Tulip_Hem_Tie-Dye_Dress/img_00000035.jpg,skirt
img/Lace-Paneled_Off-the-Shoulder_Dress/img_00000032.jpg,41,test,data/raw/deepfashion/img/Lace-Paneled_Off-the-Shoulder_Dress/img_00000032.jpg,skirt
img/Tiered_Fringe_Cami_Dress/img_00000020.jpg,41,test,data/raw/deepfashion/img/Tiered_Fringe_Cami_Dress/img_00000020.jpg,skirt
img/Tropical_Floral_Print_Dress/img_00000040.jpg,41,test,data/raw/deepfashion/img/Tropical_Floral_Print_Dress/img_00000040.jpg,skirt
img/Crisscross_Back_Knit_Dress/img_00000020.jpg,41,test,data/raw/deepfashion/img/Crisscross_Back_Knit_Dress/img_00000020.jpg,skirt
img/High-Slit_Abstract_Print_Maxi_Dress/img_00000030.jpg,41,test,data/raw/deepfashion/img/High-Slit_Abstract_Print_Maxi_Dress/img_00000030.jpg,skirt
img/Side-Slit_Maxi_Dress/img_00000035.jpg,41,test,data/raw/deepfashion/img/Side-Slit_Maxi_Dress/img_00000035.jpg,skirt
img/Embroidered_Daisy_Dress/img_00000012.jpg,41,test,data/raw/deepfashion/img/Embroidered_Daisy_Dress/img_00000012.jpg,skirt
img/Crocheted_Peter_Pan_Collar_Dress/img_00000031.jpg,41,test,data/raw/deepfashion/img/Crocheted_Peter_Pan_Collar_Dress/img_00000031.jpg,skirt
img/Classic_Shift_Dress/img_00000018.jpg,41,test,data/raw/deepfashion/img/Classic_Shift_Dress/img_00000018.jpg,skirt
img/Basic_Bodycon_Dress/img_00000056.jpg,41,test,data/raw/deepfashion/img/Basic_Bodycon_Dress/img_00000056.jpg,skirt
img/Striped_Belted_Dress/img_00000035.jpg,41,test,data/raw/deepfashion/img/Striped_Belted_Dress/img_00000035.jpg,skirt
img/Bell-Sleeved_Lace_Dress/img_00000047.jpg,41,test,data/raw/deepfashion/img/Bell-Sleeved_Lace_Dress/img_00000047.jpg,skirt
img/Vertical_Stripe_Dress/img_00000079.jpg,41,test,data/raw/deepfashion/img/Vertical_Stripe_Dress/img_00000079.jpg,skirt
img/Striped_Maxi_Dress/img_00000025.jpg,41,test,data/raw/deepfashion/img/Striped_Maxi_Dress/img_00000025.jpg,skirt
img/Tropical_Floral_Crochet_Dress/img_00000024.jpg,41,test,data/raw/deepfashion/img/Tropical_Floral_Crochet_Dress/img_00000024.jpg,skirt
img/Pleated_Combo_Dress/img_00000053.jpg,41,test,data/raw/deepfashion/img/Pleated_Combo_Dress/img_00000053.jpg,skirt
img/Strapless_Jumpsuit/img_00000046.jpg,42,test,data/raw/deepfashion/img/Strapless_Jumpsuit/img_00000046.jpg,skirt
img/Crisscross_Open-Back_Jumpsuit/img_00000002.jpg,42,test,data/raw/deepfashion/img/Crisscross_Open-Back_Jumpsuit/img_00000002.jpg,skirt
img/Lace_Shift_Dress/img_00000048.jpg,41,test,data/raw/deepfashion/img/Lace_Shift_Dress/img_00000048.jpg,skirt
img/Ditsy_Floral_&_Lace_Dress/img_00000075.jpg,41,test,data/raw/deepfashion/img/Ditsy_Floral_&_Lace_Dress/img_00000075.jpg,skirt
img/Varsity_Stripe_A-Line_Dress/img_00000027.jpg,41,test,data/raw/deepfashion/img/Varsity_Stripe_A-Line_Dress/img_00000027.jpg,skirt
img/Floral_Eyelet_Dress/img_00000041.jpg,41,test,data/raw/deepfashion/img/Floral_Eyelet_Dress/img_00000041.jpg,skirt
img/V-Neck_Velveteen_Bodycon_Dress/img_00000068.jpg,41,test,data/raw/deepfashion/img/V-Neck_Velveteen_Bodycon_Dress/img_00000068.jpg,skirt
img/Crochet-Trimmed_Crepe_Maxi_Dress/img_00000022.jpg,41,test,data/raw/deepfashion/img/Crochet-Trimmed_Crepe_Maxi_Dress/img_00000022.jpg,skirt
img/Eyelash_Lace_Dress/img_00000065.jpg,41,test,data/raw/deepfashion/img/Eyelash_Lace_Dress/img_00000065.jpg,skirt
img/Embroidered_Denim_Shift_Dress/img_00000057.jpg,41,test,data/raw/deepfashion/img/Embroidered_Denim_Shift_Dress/img_00000057.jpg,skirt
img/M-Slit_Slip_Dress/img_00000025.jpg,41,test,data/raw/deepfashion/img/M-Slit_Slip_Dress/img_00000025.jpg,skirt
img/Embroidered_Crochet_Midi_Dress/img_00000006.jpg,41,test,data/raw/deepfashion/img/Embroidered_Crochet_Midi_Dress/img_00000006.jpg,skirt
img/Surplice_Woven_Dress/img_00000043.jpg,41,test,data/raw/deepfashion/img/Surplice_Woven_Dress/img_00000043.jpg,skirt
img/Field_of_Daisies_Dress/img_00000036.jpg,41,test,data/raw/deepfashion/img/Field_of_Daisies_Dress/img_00000036.jpg,skirt
img/Racerback_Chiffon_Maxi_Dress/img_00000012.jpg,41,test,data/raw/deepfashion/img/Racerback_Chiffon_Maxi_Dress/img_00000012.jpg,skirt
img/Button_Front_Shirt_Dress/img_00000063.jpg,41,test,data/raw/deepfashion/img/Button_Front_Shirt_Dress/img_00000063.jpg,skirt
img/Flowy_Embroidered_Midi_Dress/img_00000036.jpg,41,test,data/raw/deepfashion/img/Flowy_Embroidered_Midi_Dress/img_00000036.jpg,skirt
img/Zippered_Sheath_Dress/img_00000013.jpg,41,test,data/raw/deepfashion/img/Zippered_Sheath_Dress/img_00000013.jpg,skirt
img/Crochet-Paneled_Cami_Dress/img_00000021.jpg,41,test,data/raw/deepfashion/img/Crochet-Paneled_Cami_Dress/img_00000021.jpg,skirt
img/Crochet_Sheath_Dress/img_00000028.jpg,41,test,data/raw/deepfashion/img/Crochet_Sheath_Dress/img_00000028.jpg,skirt
img/Must-Have_Maxi_Dress/img_00000069.jpg,41,test,data/raw/deepfashion/img/Must-Have_Maxi_Dress/img_00000069.jpg,skirt
img/Palm_Tree_Graphic_Dress/img_00000026.jpg,41,test,data/raw/deepfashion/img/Palm_Tree_Graphic_Dress/img_00000026.jpg,skirt
img/Floral_Mosaic_Print_Jumpsuit/img_00000017.jpg,42,test,data/raw/deepfashion/img/Floral_Mosaic_Print_Jumpsuit/img_00000017.jpg,skirt
img/Chiffon_Button-Down_Shirt_Dress/img_00000039.jpg,41,test,data/raw/deepfashion/img/Chiffon_Button-Down_Shirt_Dress/img_00000039.jpg,skirt
img/Matelass&eacute;_Rose_Skater_Dress/img_00000020.jpg,41,test,data/raw/deepfashion/img/Matelass&eacute;_Rose_Skater_Dress/img_00000020.jpg,skirt
img/Floral_Side-Slit_Maxi_Dress/img_00000009.jpg,41,test,data/raw/deepfashion/img/Floral_Side-Slit_Maxi_Dress/img_00000009.jpg,skirt
img/Lady_in_Lace_Dress/img_00000043.jpg,41,test,data/raw/deepfashion/img/Lady_in_Lace_Dress/img_00000043.jpg,skirt
img/Geo_Halter_Maxi_Dress/img_00000034.jpg,41,test,data/raw/deepfashion/img/Geo_Halter_Maxi_Dress/img_00000034.jpg,skirt
img/Dainty_A-Line_Dress/img_00000045.jpg,41,test,data/raw/deepfashion/img/Dainty_A-Line_Dress/img_00000045.jpg,skirt
img/Racerback_Bodycon_Dress/img_00000043.jpg,41,test,data/raw/deepfashion/img/Racerback_Bodycon_Dress/img_00000043.jpg,skirt
img/Leaf_Embroidery_Tiered_Dress/img_00000048.jpg,41,test,data/raw/deepfashion/img/Leaf_Embroidery_Tiered_Dress/img_00000048.jpg,skirt
img/Drawstring_Waist_Dress/img_00000042.jpg,41,test,data/raw/deepfashion/img/Drawstring_Waist_Dress/img_00000042.jpg,skirt
img/High-Low_Racerback_Dress/img_00000008.jpg,41,test,data/raw/deepfashion/img/High-Low_Racerback_Dress/img_00000008.jpg,skirt
img/Caged_V-Neck_Maxi_Dress/img_00000053.jpg,41,test,data/raw/deepfashion/img/Caged_V-Neck_Maxi_Dress/img_00000053.jpg,skirt
img/Ruffled_Wrap_Dress/img_00000087.jpg,41,test,data/raw/deepfashion/img/Ruffled_Wrap_Dress/img_00000087.jpg,skirt
img/Pleated_Square_Neck_Dress/img_00000052.jpg,41,test,data/raw/deepfashion/img/Pleated_Square_Neck_Dress/img_00000052.jpg,skirt
img/Butterfly_Print_Maxi_Dress/img_00000025.jpg,41,test,data/raw/deepfashion/img/Butterfly_Print_Maxi_Dress/img_00000025.jpg,skirt
img/Cutout-Back_Floral_Print_Dress/img_00000069.jpg,41,test,data/raw/deepfashion/img/Cutout-Back_Floral_Print_Dress/img_00000069.jpg,skirt
img/Everyday_Combo_Maxi_Dress/img_00000023.jpg,41,test,data/raw/deepfashion/img/Everyday_Combo_Maxi_Dress/img_00000023.jpg,skirt
img/Striped_Seersucker_Dress/img_00000046.jpg,41,test,data/raw/deepfashion/img/Striped_Seersucker_Dress/img_00000046.jpg,skirt
img/Ladder_Racerback_Maxi_Dress/img_00000022.jpg,41,test,data/raw/deepfashion/img/Ladder_Racerback_Maxi_Dress/img_00000022.jpg,skirt
img/Pintucked_Chiffon_Dress/img_00000040.jpg,41,test,data/raw/deepfashion/img/Pintucked_Chiffon_Dress/img_00000040.jpg,skirt
img/Caged_Lace_Fit_&_Flare_Dress/img_00000010.jpg,41,test,data/raw/deepfashion/img/Caged_Lace_Fit_&_Flare_Dress/img_00000010.jpg,skirt
img/Ruffled_Surplice_Dress/img_00000026.jpg,41,test,data/raw/deepfashion/img/Ruffled_Surplice_Dress/img_00000026.jpg,skirt
img/Knit_Pocket_Dress/img_00000066.jpg,41,test,data/raw/deepfashion/img/Knit_Pocket_Dress/img_00000066.jpg,skirt
img/Faded_Baroque_Print_Dress/img_00000061.jpg,41,test,data/raw/deepfashion/img/Faded_Baroque_Print_Dress/img_00000061.jpg,skirt
img/Crochet_and_Lace_Babydoll_Dress/img_00000056.jpg,41,test,data/raw/deepfashion/img/Crochet_and_Lace_Babydoll_Dress/img_00000056.jpg,skirt
img/Classic_Shift_Dress/img_00000001.jpg,41,test,data/raw/deepfashion/img/Classic_Shift_Dress/img_00000001.jpg,skirt
img/Tribal_Print_Pocket_Dress/img_00000018.jpg,41,test,data/raw/deepfashion/img/Tribal_Print_Pocket_Dress/img_00000018.jpg,skirt
img/Medallion_Print_Sheath_Dress/img_00000009.jpg,41,test,data/raw/deepfashion/img/Medallion_Print_Sheath_Dress/img_00000009.jpg,skirt
img/Twist_Cutout_Back_Dress/img_00000079.jpg,41,test,data/raw/deepfashion/img/Twist_Cutout_Back_Dress/img_00000079.jpg,skirt
img/Strapless_Rose_Print_Dress/img_00000052.jpg,41,test,data/raw/deepfashion/img/Strapless_Rose_Print_Dress/img_00000052.jpg,skirt
img/Geo_Striped_Maxi_Dress/img_00000046.jpg,41,test,data/raw/deepfashion/img/Geo_Striped_Maxi_Dress/img_00000046.jpg,skirt
img/Jersey_Trapeze_Dress/img_00000014.jpg,41,test,data/raw/deepfashion/img/Jersey_Trapeze_Dress/img_00000014.jpg,skirt
img/Peter_Pan_Collar_Lace_Dress/img_00000074.jpg,41,test,data/raw/deepfashion/img/Peter_Pan_Collar_Lace_Dress/img_00000074.jpg,skirt
img/Rose_Print_Fit_&_Flare_Dress/img_00000047.jpg,41,test,data/raw/deepfashion/img/Rose_Print_Fit_&_Flare_Dress/img_00000047.jpg,skirt
img/Floral_Lace_Sheath_Dress/img_00000063.jpg,41,test,data/raw/deepfashion/img/Floral_Lace_Sheath_Dress/img_00000063.jpg,skirt
img/Surplice_Front_Jumpsuit/img_00000039.jpg,42,test,data/raw/deepfashion/img/Surplice_Front_Jumpsuit/img_00000039.jpg,skirt
img/Rose_Print_Chiffon_Dress/img_00000015.jpg,41,test,data/raw/deepfashion/img/Rose_Print_Chiffon_Dress/img_00000015.jpg,skirt
img/Open-Knit_High-Slit_Maxi_Dress/img_00000025.jpg,41,test,data/raw/deepfashion/img/Open-Knit_High-Slit_Maxi_Dress/img_00000025.jpg,skirt
img/Faux_Leather_Skater_Dress/img_00000040.jpg,41,test,data/raw/deepfashion/img/Faux_Leather_Skater_Dress/img_00000040.jpg,skirt
img/Island_Tropics_Buttoned_Dress/img_00000005.jpg,41,test,data/raw/deepfashion/img/Island_Tropics_Buttoned_Dress/img_00000005.jpg,skirt
img/Standout_Mesh-Trimmed_Dress/img_00000008.jpg,41,test,data/raw/deepfashion/img/Standout_Mesh-Trimmed_Dress/img_00000008.jpg,skirt
img/Surplice_Floral_Wrap_Dress/img_00000003.jpg,41,test,data/raw/deepfashion/img/Surplice_Floral_Wrap_Dress/img_00000003.jpg,skirt
img/Chiffon-Paneled_Sheath_Dress/img_00000034.jpg,41,test,data/raw/deepfashion/img/Chiffon-Paneled_Sheath_Dress/img_00000034.jpg,skirt
img/V-Cut_Fit_&_Flare_Dress/img_00000025.jpg,41,test,data/raw/deepfashion/img/V-Cut_Fit_&_Flare_Dress/img_00000025.jpg,skirt
img/Tiered_Floral_Smock_Dress/img_00000045.jpg,41,test,data/raw/deepfashion/img/Tiered_Floral_Smock_Dress/img_00000045.jpg,skirt
img/Chiffon_Pleated_Jumpsuit/img_00000015.jpg,42,test,data/raw/deepfashion/img/Chiffon_Pleated_Jumpsuit/img_00000015.jpg,skirt
img/Tie-Back_Cross_Print_Dress/img_00000002.jpg,41,test,data/raw/deepfashion/img/Tie-Back_Cross_Print_Dress/img_00000002.jpg,skirt
img/Romantic_Rose_Dress/img_00000064.jpg,41,test,data/raw/deepfashion/img/Romantic_Rose_Dress/img_00000064.jpg,skirt
img/Raga_Floral_Print_Maxi_Dress/img_00000058.jpg,41,test,data/raw/deepfashion/img/Raga_Floral_Print_Maxi_Dress/img_00000058.jpg,skirt
img/Lace-Up_Diamond_Print_Dress/img_00000012.jpg,41,test,data/raw/deepfashion/img/Lace-Up_Diamond_Print_Dress/img_00000012.jpg,skirt
img/Boxy_Shirt_Dress/img_00000065.jpg,41,test,data/raw/deepfashion/img/Boxy_Shirt_Dress/img_00000065.jpg,skirt
img/Open-Back_Jumpsuit/img_00000013.jpg,42,test,data/raw/deepfashion/img/Open-Back_Jumpsuit/img_00000013.jpg,skirt
img/Floral_Brocade_A-Line_Dress/img_00000048.jpg,41,test,data/raw/deepfashion/img/Floral_Brocade_A-Line_Dress/img_00000048.jpg,skirt
img/Tropical_Tank_Dress/img_00000034.jpg,41,test,data/raw/deepfashion/img/Tropical_Tank_Dress/img_00000034.jpg,skirt
img/Crepe_Buttoned_Pocket_Dress/img_00000016.jpg,41,test,data/raw/deepfashion/img/Crepe_Buttoned_Pocket_Dress/img_00000016.jpg,skirt
img/Sateen_Fit_&_Flare_Dress/img_00000062.jpg,41,test,data/raw/deepfashion/img/Sateen_Fit_&_Flare_Dress/img_00000062.jpg,skirt
img/Geo_Print_Strappy_Maxi_Dress/img_00000006.jpg,41,test,data/raw/deepfashion/img/Geo_Print_Strappy_Maxi_Dress/img_00000006.jpg,skirt
img/Embellished_Cutout-Back_Dress/img_00000047.jpg,41,test,data/raw/deepfashion/img/Embellished_Cutout-Back_Dress/img_00000047.jpg,skirt
img/Floral_Cap-Sleeved_Dress/img_00000044.jpg,41,test,data/raw/deepfashion/img/Floral_Cap-Sleeved_Dress/img_00000044.jpg,skirt
img/Bodycon_Faux_Wrap_Dress/img_00000009.jpg,41,test,data/raw/deepfashion/img/Bodycon_Faux_Wrap_Dress/img_00000009.jpg,skirt
img/Polka_Dot_Shift_Dress/img_00000054.jpg,41,test,data/raw/deepfashion/img/Polka_Dot_Shift_Dress/img_00000054.jpg,skirt
img/Button_Front_Shirt_Dress/img_00000023.jpg,41,test,data/raw/deepfashion/img/Button_Front_Shirt_Dress/img_00000023.jpg,skirt
img/Rhinestone-Embellished_Maxi_Dress/img_00000047.jpg,41,test,data/raw/deepfashion/img/Rhinestone-Embellished_Maxi_Dress/img_00000047.jpg,skirt
img/Crochet_Maxi_Dress/img_00000027.jpg,41,test,data/raw/deepfashion/img/Crochet_Maxi_Dress/img_00000027.jpg,skirt
img/Charming_Boucl&eacute;_Dress/img_00000031.jpg,41,test,data/raw/deepfashion/img/Charming_Boucl&eacute;_Dress/img_00000031.jpg,skirt
img/Sequined_Striped_Bodycon_Dress/img_00000058.jpg,41,test,data/raw/deepfashion/img/Sequined_Striped_Bodycon_Dress/img_00000058.jpg,skirt
img/Damask_Patterned_Mini_Dress/img_00000040.jpg,41,test,data/raw/deepfashion/img/Damask_Patterned_Mini_Dress/img_00000040.jpg,skirt
img/Stop_Following_Me_Tee/img_00000034.jpg,18,test,data/raw/deepfashion/img/Stop_Following_Me_Tee/img_00000034.jpg,top
img/V-Neck_Burnout_Tee/img_00000026.jpg,18,test,data/raw/deepfashion/img/V-Neck_Burnout_Tee/img_00000026.jpg,top
img/Longline_Ribbed_Cardigan/img_00000037.jpg,6,test,data/raw/deepfashion/img/Longline_Ribbed_Cardigan/img_00000037.jpg,top
img/Kaleidoscope_Woven_Tee/img_00000005.jpg,18,test,data/raw/deepfashion/img/Kaleidoscope_Woven_Tee/img_00000005.jpg,top
img/Faux_Leather_Varsity_Jacket/img_00000027.jpg,11,test,data/raw/deepfashion/img/Faux_Leather_Varsity_Jacket/img_00000027.jpg,top
img/Layered-Panel_Chiffon_Blouse/img_00000029.jpg,3,test,data/raw/deepfashion/img/Layered-Panel_Chiffon_Blouse/img_00000029.jpg,top
img/Draped_Surplice_Blouse/img_00000079.jpg,3,test,data/raw/deepfashion/img/Draped_Surplice_Blouse/img_00000079.jpg,top
img/Open-Front_Jersey_Cardigan/img_00000034.jpg,6,test,data/raw/deepfashion/img/Open-Front_Jersey_Cardigan/img_00000034.jpg,top
img/Ribbed_Open-Front_Cardigan/img_00000003.jpg,6,test,data/raw/deepfashion/img/Ribbed_Open-Front_Cardigan/img_00000003.jpg,top
img/Map_Graphic_Tee/img_00000037.jpg,18,test,data/raw/deepfashion/img/Map_Graphic_Tee/img_00000037.jpg,top
img/Wander_With_Love_Tank/img_00000050.jpg,17,test,data/raw/deepfashion/img/Wander_With_Love_Tank/img_00000050.jpg,top
img/Slub_Knit_Buttoned-Back_Blouse/img_00000071.jpg,3,test,data/raw/deepfashion/img/Slub_Knit_Buttoned-Back_Blouse/img_00000071.jpg,top
img/Floral_Print_Peasant_Blouse/img_00000103.jpg,3,test,data/raw/deepfashion/img/Floral_Print_Peasant_Blouse/img_00000103.jpg,top
img/Everday_V-Neck_Cardigan/img_00000041.jpg,6,test,data/raw/deepfashion/img/Everday_V-Neck_Cardigan/img_00000041.jpg,top
img/Wave_Print_Tee/img_00000002.jpg,18,test,data/raw/deepfashion/img/Wave_Print_Tee/img_00000002.jpg,top
img/Faded_Denim_Jacket/img_00000048.jpg,11,test,data/raw/deepfashion/img/Faded_Denim_Jacket/img_00000048.jpg,top
img/Sleepy_Tee/img_00000049.jpg,18,test,data/raw/deepfashion/img/Sleepy_Tee/img_00000049.jpg,top
img/Dotted_Chiffon_Blouse/img_00000149.jpg,3,test,data/raw/deepfashion/img/Dotted_Chiffon_Blouse/img_00000149.jpg,top
img/Chiffon_V-Neck_Blouse/img_00000110.jpg,3,test,data/raw/deepfashion/img/Chiffon_V-Neck_Blouse/img_00000110.jpg,top
img/Pintucked_Eyelash_Lace_Blouse/img_00000043.jpg,3,test,data/raw/deepfashion/img/Pintucked_Eyelash_Lace_Blouse/img_00000043.jpg,top
img/Boxy_Crochet-Paneled_Blouse/img_00000032.jpg,3,test,data/raw/deepfashion/img/Boxy_Crochet-Paneled_Blouse/img_00000032.jpg,top
img/Embroidered_Mesh_Gauze_Blouse/img_00000072.jpg,3,test,data/raw/deepfashion/img/Embroidered_Mesh_Gauze_Blouse/img_00000072.jpg,top
img/Bandana_Print-Paneled_Tee/img_00000027.jpg,18,test,data/raw/deepfashion/img/Bandana_Print-Paneled_Tee/img_00000027.jpg,top
img/Tie-Dye_Paradise_Tank/img_00000037.jpg,17,test,data/raw/deepfashion/img/Tie-Dye_Paradise_Tank/img_00000037.jpg,top
img/Civil_Varsity-Striped_Longline_Tee/img_00000007.jpg,18,test,data/raw/deepfashion/img/Civil_Varsity-Striped_Longline_Tee/img_00000007.jpg,top
img/Braided_Halter_Top/img_00000044.jpg,19,test,data/raw/deepfashion/img/Braided_Halter_Top/img_00000044.jpg,top
img/Fitted_V-Neck_Tee/img_00000002.jpg,18,test,data/raw/deepfashion/img/Fitted_V-Neck_Tee/img_00000002.jpg,top
img/Paisley_Print_Buttoned_Tank/img_00000027.jpg,17,test,data/raw/deepfashion/img/Paisley_Print_Buttoned_Tank/img_00000027.jpg,top
img/Linen_Crew_Neck_Tee/img_00000020.jpg,18,test,data/raw/deepfashion/img/Linen_Crew_Neck_Tee/img_00000020.jpg,top
img/Checkered_Print_Chiffon_Blouse/img_00000026.jpg,3,test,data/raw/deepfashion/img/Checkered_Print_Chiffon_Blouse/img_00000026.jpg,top
img/Woven_Pocket_Tank/img_00000008.jpg,17,test,data/raw/deepfashion/img/Woven_Pocket_Tank/img_00000008.jpg,top
img/Leaf_Print_Tee/img_00000038.jpg,18,test,data/raw/deepfashion/img/Leaf_Print_Tee/img_00000038.jpg,top
img/Abstract_Dotted_Blouse/img_00000026.jpg,3,test,data/raw/deepfashion/img/Abstract_Dotted_Blouse/img_00000026.jpg,top
img/Marled_Zip_Pocket_Tee/img_00000017.jpg,18,test,data/raw/deepfashion/img/Marled_Zip_Pocket_Tee/img_00000017.jpg,top
img/Hooded_Chambray_Parka_Jacket/img_00000007.jpg,11,test,data/raw/deepfashion/img/Hooded_Chambray_Parka_Jacket/img_00000007.jpg,top
img/Keyhole_Abstract_Print_Blouse/img_00000004.jpg,3,test,data/raw/deepfashion/img/Keyhole_Abstract_Print_Blouse/img_00000004.jpg,top
img/LA_Clippers_Graphic_Tank/img_00000039.jpg,17,test,data/raw/deepfashion/img/LA_Clippers_Graphic_Tank/img_00000039.jpg,top
img/Los_Angeles_Muscle_Tee/img_00000042.jpg,18,test,data/raw/deepfashion/img/Los_Angeles_Muscle_Tee/img_00000042.jpg,top
img/Michael_Jackson_Baseball_Tee/img_00000024.jpg,18,test,data/raw/deepfashion/img/Michael_Jackson_Baseball_Tee/img_00000024.jpg,top
img/Rugby-Striped_Boxy_Tee/img_00000006.jpg,18,test,data/raw/deepfashion/img/Rugby-Striped_Boxy_Tee/img_00000006.jpg,top
img/Abstract-Patterned_Blouse/img_00000063.jpg,3,test,data/raw/deepfashion/img/Abstract-Patterned_Blouse/img_00000063.jpg,top
img/Crossback_Knit_Tank/img_00000022.jpg,17,test,data/raw/deepfashion/img/Crossback_Knit_Tank/img_00000022.jpg,top
img/Embroidered_Mesh_Gauze_Blouse/img_00000038.jpg,3,test,data/raw/deepfashion/img/Embroidered_Mesh_Gauze_Blouse/img_00000038.jpg,top
img/London_Calling_Knit_Tee/img_00000021.jpg,18,test,data/raw/deepfashion/img/London_Calling_Knit_Tee/img_00000021.jpg,top
img/Abstract_Tile_Print_Cropped_Top/img_00000001.jpg,19,test,data/raw/deepfashion/img/Abstract_Tile_Print_Cropped_Top/img_00000001.jpg,top
img/Striped_Bow-Back_Tank/img_00000068.jpg,17,test,data/raw/deepfashion/img/Striped_Bow-Back_Tank/img_00000068.jpg,top
img/Heathered_Knit_V-Neck_Tee/img_00000034.jpg,18,test,data/raw/deepfashion/img/Heathered_Knit_V-Neck_Tee/img_00000034.jpg,top
img/BAE_Graphic_Tee/img_00000018.jpg,18,test,data/raw/deepfashion/img/BAE_Graphic_Tee/img_00000018.jpg,top
img/Distressed_V-Neck_Tee/img_00000023.jpg,18,test,data/raw/deepfashion/img/Distressed_V-Neck_Tee/img_00000023.jpg,top
img/Boxy_Tank_Top/img_00000026.jpg,19,test,data/raw/deepfashion/img/Boxy_Tank_Top/img_00000026.jpg,top
img/Heathered_Seamless_Workout_Tank/img_00000031.jpg,17,test,data/raw/deepfashion/img/Heathered_Seamless_Workout_Tank/img_00000031.jpg,top
img/TMNT_Graphic_Tee/img_00000061.jpg,18,test,data/raw/deepfashion/img/TMNT_Graphic_Tee/img_00000061.jpg,top
img/Boxy_Ribbed_Knit_Top/img_00000004.jpg,19,test,data/raw/deepfashion/img/Boxy_Ribbed_Knit_Top/img_00000004.jpg,top
img/Floral_and_Bird_Print_Tee/img_00000012.jpg,18,test,data/raw/deepfashion/img/Floral_and_Bird_Print_Tee/img_00000012.jpg,top
img/Asymmetric_Zip-Front_Cardigan/img_00000012.jpg,6,test,data/raw/deepfashion/img/Asymmetric_Zip-Front_Cardigan/img_00000012.jpg,top
img/Floral_Printed_Side-Tie_Blouse/img_00000011.jpg,3,test,data/raw/deepfashion/img/Floral_Printed_Side-Tie_Blouse/img_00000011.jpg,top
img/Crowned_Biggie_Smalls_Tee/img_00000010.jpg,18,test,data/raw/deepfashion/img/Crowned_Biggie_Smalls_Tee/img_00000010.jpg,top
img/Asymmetrical_Hem_Tee/img_00000036.jpg,18,test,data/raw/deepfashion/img/Asymmetrical_Hem_Tee/img_00000036.jpg,top
img/City_of_NY_Tank/img_00000050.jpg,17,test,data/raw/deepfashion/img/City_of_NY_Tank/img_00000050.jpg,top
img/Paradise_Graphic_Mesh-Paneled_Tee/img_00000018.jpg,18,test,data/raw/deepfashion/img/Paradise_Graphic_Mesh-Paneled_Tee/img_00000018.jpg,top
img/Leopard_Print_Longline_Cardigan/img_00000059.jpg,6,test,data/raw/deepfashion/img/Leopard_Print_Longline_Cardigan/img_00000059.jpg,top
img/Chiffon_V-Neck_Blouse/img_00000116.jpg,3,test,data/raw/deepfashion/img/Chiffon_V-Neck_Blouse/img_00000116.jpg,top
img/Kiss_Me_Raglan_Tee/img_00000040.jpg,18,test,data/raw/deepfashion/img/Kiss_Me_Raglan_Tee/img_00000040.jpg,top
img/Beaded_Floral_Crop_Top/img_00000062.jpg,19,test,data/raw/deepfashion/img/Beaded_Floral_Crop_Top/img_00000062.jpg,top
img/Braided_Racerback_Athletic_Tank/img_00000027.jpg,17,test,data/raw/deepfashion/img/Braided_Racerback_Athletic_Tank/img_00000027.jpg,top
img/Free_Spirit_Muscle_Tee/img_00000030.jpg,18,test,data/raw/deepfashion/img/Free_Spirit_Muscle_Tee/img_00000030.jpg,top
img/Boxy_Baseball_Tee/img_00000018.jpg,18,test,data/raw/deepfashion/img/Boxy_Baseball_Tee/img_00000018.jpg,top
img/Southwestern_Print_Cardigan/img_00000014.jpg,6,test,data/raw/deepfashion/img/Southwestern_Print_Cardigan/img_00000014.jpg,top
img/Faux_Leather_&_Mesh_Jacket/img_00000016.jpg,11,test,data/raw/deepfashion/img/Faux_Leather_&_Mesh_Jacket/img_00000016.jpg,top
img/Longline_Denim_Jacket/img_00000004.jpg,11,test,data/raw/deepfashion/img/Longline_Denim_Jacket/img_00000004.jpg,top
img/Barbie_Muscle_Tee/img_00000002.jpg,18,test,data/raw/deepfashion/img/Barbie_Muscle_Tee/img_00000002.jpg,top
img/Asymmetrical_Hem_Tee/img_00000018.jpg,18,test,data/raw/deepfashion/img/Asymmetrical_Hem_Tee/img_00000018.jpg,top
img/Boyz_II_Men_Muscle_Tee/img_00000061.jpg,18,test,data/raw/deepfashion/img/Boyz_II_Men_Muscle_Tee/img_00000061.jpg,top
img/Beaded_Chiffon_Top/img_00000043.jpg,19,test,data/raw/deepfashion/img/Beaded_Chiffon_Top/img_00000043.jpg,top
img/Abstract_Pattern_Cardigan/img_00000030.jpg,6,test,data/raw/deepfashion/img/Abstract_Pattern_Cardigan/img_00000030.jpg,top
img/Malibu_Beach_Muscle_Tee/img_00000004.jpg,18,test,data/raw/deepfashion/img/Malibu_Beach_Muscle_Tee/img_00000004.jpg,top
img/Cami_Crop_Top/img_00000043.jpg,19,test,data/raw/deepfashion/img/Cami_Crop_Top/img_00000043.jpg,top
img/Slub_Knit_Pocket_Tee/img_00000013.jpg,18,test,data/raw/deepfashion/img/Slub_Knit_Pocket_Tee/img_00000013.jpg,top
img/LA_Love_Muscle_Tee/img_00000035.jpg,18,test,data/raw/deepfashion/img/LA_Love_Muscle_Tee/img_00000035.jpg,top
img/Crochet-Trimmed_Blouse/img_00000069.jpg,3,test,data/raw/deepfashion/img/Crochet-Trimmed_Blouse/img_00000069.jpg,top
img/Linen_Pocket_Tee/img_00000012.jpg,18,test,data/raw/deepfashion/img/Linen_Pocket_Tee/img_00000012.jpg,top
img/Side-Slit_Striped_Blouse/img_00000026.jpg,3,test,data/raw/deepfashion/img/Side-Slit_Striped_Blouse/img_00000026.jpg,top
img/Relaxed_Draped_Cardigan/img_00000044.jpg,6,test,data/raw/deepfashion/img/Relaxed_Draped_Cardigan/img_00000044.jpg,top
img/Two-Button_Chino_Suit_Jacket/img_00000044.jpg,11,test,data/raw/deepfashion/img/Two-Button_Chino_Suit_Jacket/img_00000044.jpg,top
img/Married_To_The_Mob_Feminist_Tank/img_00000018.jpg,17,test,data/raw/deepfashion/img/Married_To_The_Mob_Feminist_Tank/img_00000018.jpg,top
img/Cable_Knit_Batwing_Cardigan/img_00000073.jpg,6,test,data/raw/deepfashion/img/Cable_Knit_Batwing_Cardigan/img_00000073.jpg,top
img/Burnout_Baseball_Tee/img_00000047.jpg,18,test,data/raw/deepfashion/img/Burnout_Baseball_Tee/img_00000047.jpg,top
img/Ribbed_Crop_Tank/img_00000034.jpg,17,test,data/raw/deepfashion/img/Ribbed_Crop_Tank/img_00000034.jpg,top
img/Chain-Trim_Fuzzy_Cardigan/img_00000039.jpg,6,test,data/raw/deepfashion/img/Chain-Trim_Fuzzy_Cardigan/img_00000039.jpg,top
img/Floral_Lace-Paneled_Tee/img_00000031.jpg,18,test,data/raw/deepfashion/img/Floral_Lace-Paneled_Tee/img_00000031.jpg,top
img/Varsity-Striped_Baseball_Jacket/img_00000033.jpg,11,test,data/raw/deepfashion/img/Varsity-Striped_Baseball_Jacket/img_00000033.jpg,top
img/Contrast-Paneled_Dolman_Blouse/img_00000050.jpg,3,test,data/raw/deepfashion/img/Contrast-Paneled_Dolman_Blouse/img_00000050.jpg,top
img/Lace_Open-Knit_Cardigan/img_00000039.jpg,6,test,data/raw/deepfashion/img/Lace_Open-Knit_Cardigan/img_00000039.jpg,top
img/Ribbed_Side-Slit_Tank/img_00000005.jpg,17,test,data/raw/deepfashion/img/Ribbed_Side-Slit_Tank/img_00000005.jpg,top
img/Lynyrd_Skynyrd_Tank/img_00000064.jpg,17,test,data/raw/deepfashion/img/Lynyrd_Skynyrd_Tank/img_00000064.jpg,top
img/Polka_Dot_Mesh-Paneled_Tank/img_00000002.jpg,17,test,data/raw/deepfashion/img/Polka_Dot_Mesh-Paneled_Tank/img_00000002.jpg,top
img/Fuzzy_Popcorn_Knit_Cardigan/img_00000016.jpg,6,test,data/raw/deepfashion/img/Fuzzy_Popcorn_Knit_Cardigan/img_00000016.jpg,top
img/Tupac_Muscle_Tee/img_00000050.jpg,18,test,data/raw/deepfashion/img/Tupac_Muscle_Tee/img_00000050.jpg,top
img/Open-Back_Knit_Blouse/img_00000108.jpg,3,test,data/raw/deepfashion/img/Open-Back_Knit_Blouse/img_00000108.jpg,top
img/Abstract_Print_Surplice_Top/img_00000004.jpg,19,test,data/raw/deepfashion/img/Abstract_Print_Surplice_Top/img_00000004.jpg,top
img/Mandarin_Collar_Pocket_Blouse/img_00000019.jpg,3,test,data/raw/deepfashion/img/Mandarin_Collar_Pocket_Blouse/img_00000019.jpg,top
img/Favorite_Scoop_Neck_Tank/img_00000034.jpg,17,test,data/raw/deepfashion/img/Favorite_Scoop_Neck_Tank/img_00000034.jpg,top
img/Cropped_Ribbed_Knit_Turtleneck/img_00000051.jpg,20,test,data/raw/deepfashion/img/Cropped_Ribbed_Knit_Turtleneck/img_00000051.jpg,top
img/Woven_Flounce_Tank/img_00000003.jpg,17,test,data/raw/deepfashion/img/Woven_Flounce_Tank/img_00000003.jpg,top
img/Crochet_Cutout_Fringe_Tank/img_00000018.jpg,17,test,data/raw/deepfashion/img/Crochet_Cutout_Fringe_Tank/img_00000018.jpg,top
img/Favorite_Heathered_Tank/img_00000013.jpg,17,test,data/raw/deepfashion/img/Favorite_Heathered_Tank/img_00000013.jpg,top
img/Abstract_Mandala_Print_Top/img_00000007.jpg,19,test,data/raw/deepfashion/img/Abstract_Mandala_Print_Top/img_00000007.jpg,top
img/Striped_Athletic_Jacket/img_00000032.jpg,11,test,data/raw/deepfashion/img/Striped_Athletic_Jacket/img_00000032.jpg,top
img/Brooklyn_Nets_Graphic_Tank/img_00000031.jpg,17,test,data/raw/deepfashion/img/Brooklyn_Nets_Graphic_Tank/img_00000031.jpg,top
img/Iconic_V-Neck_Cardigan/img_00000061.jpg,6,test,data/raw/deepfashion/img/Iconic_V-Neck_Cardigan/img_00000061.jpg,top
img/Linen_Chiffon_Tee/img_00000014.jpg,18,test,data/raw/deepfashion/img/Linen_Chiffon_Tee/img_00000014.jpg,top
img/Sky_Culture_Heathered_Kid_Cloud_Stars_Tee/img_00000033.jpg,18,test,data/raw/deepfashion/img/Sky_Culture_Heathered_Kid_Cloud_Stars_Tee/img_00000033.jpg,top
img/Camera_Graphic_Tee/img_00000038.jpg,18,test,data/raw/deepfashion/img/Camera_Graphic_Tee/img_00000038.jpg,top
img/Southwestern_Print_Dolman_Cardigan/img_00000026.jpg,6,test,data/raw/deepfashion/img/Southwestern_Print_Dolman_Cardigan/img_00000026.jpg,top
img/Striped_V-Neck_Tee/img_00000036.jpg,18,test,data/raw/deepfashion/img/Striped_V-Neck_Tee/img_00000036.jpg,top
img/Hooded_Maxi_Cardigan/img_00000048.jpg,6,test,data/raw/deepfashion/img/Hooded_Maxi_Cardigan/img_00000048.jpg,top
img/Camouflage_Print_Shirt_Jacket/img_00000019.jpg,11,test,data/raw/deepfashion/img/Camouflage_Print_Shirt_Jacket/img_00000019.jpg,top
img/Abstract_Print_Boxy_Top/img_00000013.jpg,19,test,data/raw/deepfashion/img/Abstract_Print_Boxy_Top/img_00000013.jpg,top
img/So_Much_Internet_Tee/img_00000046.jpg,18,test,data/raw/deepfashion/img/So_Much_Internet_Tee/img_00000046.jpg,top
img/Boxy_Scoop_Neck_Tee/img_00000043.jpg,18,test,data/raw/deepfashion/img/Boxy_Scoop_Neck_Tee/img_00000043.jpg,top
img/Big_Apples_Tee/img_00000060.jpg,18,test,data/raw/deepfashion/img/Big_Apples_Tee/img_00000060.jpg,top
img/In_Love_Tank/img_00000027.jpg,17,test,data/raw/deepfashion/img/In_Love_Tank/img_00000027.jpg,top
img/Grateful_Dead_Muscle_Tee/img_00000058.jpg,18,test,data/raw/deepfashion/img/Grateful_Dead_Muscle_Tee/img_00000058.jpg,top
img/Abstract_Floral_Print_Top/img_00000011.jpg,19,test,data/raw/deepfashion/img/Abstract_Floral_Print_Top/img_00000011.jpg,top
img/Lace_Sleeve_Tee/img_00000066.jpg,18,test,data/raw/deepfashion/img/Lace_Sleeve_Tee/img_00000066.jpg,top
img/Get_Over_Graphic_Tee/img_00000042.jpg,18,test,data/raw/deepfashion/img/Get_Over_Graphic_Tee/img_00000042.jpg,top
img/Tie-Front_Striped_Tee/img_00000027.jpg,18,test,data/raw/deepfashion/img/Tie-Front_Striped_Tee/img_00000027.jpg,top
img/Kurt_Cobain_Graphic_Tee/img_00000011.jpg,18,test,data/raw/deepfashion/img/Kurt_Cobain_Graphic_Tee/img_00000011.jpg,top
img/Pocket_Shirt_Jacket/img_00000039.jpg,11,test,data/raw/deepfashion/img/Pocket_Shirt_Jacket/img_00000039.jpg,top
img/Boyz_II_Men_Muscle_Tee/img_00000007.jpg,18,test,data/raw/deepfashion/img/Boyz_II_Men_Muscle_Tee/img_00000007.jpg,top
img/Ribbed_Crop_Tee/img_00000066.jpg,18,test,data/raw/deepfashion/img/Ribbed_Crop_Tee/img_00000066.jpg,top
img/Faux_Fur_Bomber_Jacket/img_00000073.jpg,11,test,data/raw/deepfashion/img/Faux_Fur_Bomber_Jacket/img_00000073.jpg,top
img/Lace_Swing_Tank/img_00000029.jpg,17,test,data/raw/deepfashion/img/Lace_Swing_Tank/img_00000029.jpg,top
img/Snoopy_Graphic_Baseball_Tee/img_00000060.jpg,18,test,data/raw/deepfashion/img/Snoopy_Graphic_Baseball_Tee/img_00000060.jpg,top
img/Cali_State_of_Mind_Tank/img_00000011.jpg,17,test,data/raw/deepfashion/img/Cali_State_of_Mind_Tank/img_00000011.jpg,top
img/Quilted_Faux_Leather_Bomber/img_00000061.jpg,4,test,data/raw/deepfashion/img/Quilted_Faux_Leather_Bomber/img_00000061.jpg,top
img/Cloud_Wash_Tee/img_00000063.jpg,18,test,data/raw/deepfashion/img/Cloud_Wash_Tee/img_00000063.jpg,top
img/Waffle_Knit_Cardigan/img_00000041.jpg,6,test,data/raw/deepfashion/img/Waffle_Knit_Cardigan/img_00000041.jpg,top
img/Basic_V-Neck_Tee/img_00000040.jpg,18,test,data/raw/deepfashion/img/Basic_V-Neck_Tee/img_00000040.jpg,top
img/Bengal_Stripe_Tee/img_00000032.jpg,18,test,data/raw/deepfashion/img/Bengal_Stripe_Tee/img_00000032.jpg,top
img/Open-Knit_Shawl_Collar_Cardigan/img_00000007.jpg,6,test,data/raw/deepfashion/img/Open-Knit_Shawl_Collar_Cardigan/img_00000007.jpg,top
img/Striped_Slub_Knit_Tank/img_00000007.jpg,17,test,data/raw/deepfashion/img/Striped_Slub_Knit_Tank/img_00000007.jpg,top
img/Reason_Baroque_Graphic_Tee/img_00000009.jpg,18,test,data/raw/deepfashion/img/Reason_Baroque_Graphic_Tee/img_00000009.jpg,top
img/Abstract_Geo_Print_Top/img_00000019.jpg,19,test,data/raw/deepfashion/img/Abstract_Geo_Print_Top/img_00000019.jpg,top
img/Abstract_Print_Bustier_Top/img_00000038.jpg,19,test,data/raw/deepfashion/img/Abstract_Print_Bustier_Top/img_00000038.jpg,top
img/Striped_Mandarin_Collar_Blouse/img_00000140.jpg,3,test,data/raw/deepfashion/img/Striped_Mandarin_Collar_Blouse/img_00000140.jpg,top
img/Beaded_Paisley-Embroidered_Top/img_00000020.jpg,19,test,data/raw/deepfashion/img/Beaded_Paisley-Embroidered_Top/img_00000020.jpg,top
img/Stitch_Mineral_Wash_Tee/img_00000036.jpg,18,test,data/raw/deepfashion/img/Stitch_Mineral_Wash_Tee/img_00000036.jpg,top
img/Open-Front_Longline_Jacket/img_00000007.jpg,11,test,data/raw/deepfashion/img/Open-Front_Longline_Jacket/img_00000007.jpg,top
img/Striped_Open-Front_Cardigan/img_00000009.jpg,6,test,data/raw/deepfashion/img/Striped_Open-Front_Cardigan/img_00000009.jpg,top
img/Ornate_Floral_Print_Jacket/img_00000021.jpg,11,test,data/raw/deepfashion/img/Ornate_Floral_Print_Jacket/img_00000021.jpg,top
img/Classic_Cotton_Tee/img_00000026.jpg,18,test,data/raw/deepfashion/img/Classic_Cotton_Tee/img_00000026.jpg,top
img/Striped-Sleeve_Tee/img_00000067.jpg,18,test,data/raw/deepfashion/img/Striped-Sleeve_Tee/img_00000067.jpg,top
img/Boat_Neck_Knit_Top/img_00000066.jpg,19,test,data/raw/deepfashion/img/Boat_Neck_Knit_Top/img_00000066.jpg,top
img/Classic_Open-Front_Cardigan/img_00000019.jpg,6,test,data/raw/deepfashion/img/Classic_Open-Front_Cardigan/img_00000019.jpg,top
img/Art_Nouveau_Floral_Print_Top/img_00000020.jpg,19,test,data/raw/deepfashion/img/Art_Nouveau_Floral_Print_Top/img_00000020.jpg,top
img/Asymmetrical_Loose_Knit_Top/img_00000003.jpg,19,test,data/raw/deepfashion/img/Asymmetrical_Loose_Knit_Top/img_00000003.jpg,top
img/Scalloped_Lace_Cardigan/img_00000026.jpg,6,test,data/raw/deepfashion/img/Scalloped_Lace_Cardigan/img_00000026.jpg,top
img/Striped_Mandarin_Collar_Blouse/img_00000103.jpg,3,test,data/raw/deepfashion/img/Striped_Mandarin_Collar_Blouse/img_00000103.jpg,top
img/Ribbed_Shawl_Cardigan/img_00000070.jpg,6,test,data/raw/deepfashion/img/Ribbed_Shawl_Cardigan/img_00000070.jpg,top
img/Easy_Open-Knit_Cardigan/img_00000011.jpg,6,test,data/raw/deepfashion/img/Easy_Open-Knit_Cardigan/img_00000011.jpg,top
img/Sleek_Woven_Pocket_Blouse/img_00000049.jpg,3,test,data/raw/deepfashion/img/Sleek_Woven_Pocket_Blouse/img_00000049.jpg,top
img/Cable_Knit_Fringe_Cardigan/img_00000022.jpg,6,test,data/raw/deepfashion/img/Cable_Knit_Fringe_Cardigan/img_00000022.jpg,top
img/Flutter_Sleeve_Blouse/img_00000005.jpg,3,test,data/raw/deepfashion/img/Flutter_Sleeve_Blouse/img_00000005.jpg,top
img/Mascot_Graphic_Tee/img_00000007.jpg,18,test,data/raw/deepfashion/img/Mascot_Graphic_Tee/img_00000007.jpg,top
img/Striped_Fringe_Cardigan/img_00000060.jpg,6,test,data/raw/deepfashion/img/Striped_Fringe_Cardigan/img_00000060.jpg,top
img/Sleeveless_Classic_Woven_Blouse/img_00000103.jpg,3,test,data/raw/deepfashion/img/Sleeveless_Classic_Woven_Blouse/img_00000103.jpg,top
img/Sleek_Woven_Pocket_Blouse/img_00000015.jpg,3,test,data/raw/deepfashion/img/Sleek_Woven_Pocket_Blouse/img_00000015.jpg,top
img/Distressed_Scoop_Neck_Tee/img_00000027.jpg,18,test,data/raw/deepfashion/img/Distressed_Scoop_Neck_Tee/img_00000027.jpg,top
img/Southwestern_Burnout_Tee/img_00000004.jpg,18,test,data/raw/deepfashion/img/Southwestern_Burnout_Tee/img_00000004.jpg,top
img/Please_Donut_Graphic_Tee/img_00000010.jpg,18,test,data/raw/deepfashion/img/Please_Donut_Graphic_Tee/img_00000010.jpg,top
img/Textured_Knit_Shawl_Cardigan/img_00000015.jpg,6,test,data/raw/deepfashion/img/Textured_Knit_Shawl_Cardigan/img_00000015.jpg,top
img/Sorry_Im_Late_Ringer_Tee/img_00000012.jpg,18,test,data/raw/deepfashion/img/Sorry_Im_Late_Ringer_Tee/img_00000012.jpg,top
img/Buttoned_Collarless_Blouse/img_00000037.jpg,3,test,data/raw/deepfashion/img/Buttoned_Collarless_Blouse/img_00000037.jpg,top
img/Drape-Front_Marled_Cardigan/img_00000033.jpg,6,test,data/raw/deepfashion/img/Drape-Front_Marled_Cardigan/img_00000033.jpg,top
img/Burnout_Pocket_Tee/img_00000061.jpg,18,test,data/raw/deepfashion/img/Burnout_Pocket_Tee/img_00000061.jpg,top
img/Pink_Floyd_Crochet_Trim_Tee/img_00000023.jpg,18,test,data/raw/deepfashion/img/Pink_Floyd_Crochet_Trim_Tee/img_00000023.jpg,top
img/Dolphin_Hem_Blouse/img_00000015.jpg,3,test,data/raw/deepfashion/img/Dolphin_Hem_Blouse/img_00000015.jpg,top
img/Varsity_Stripe_Tee/img_00000032.jpg,18,test,data/raw/deepfashion/img/Varsity_Stripe_Tee/img_00000032.jpg,top
img/Wave_Print_Tee/img_00000050.jpg,18,test,data/raw/deepfashion/img/Wave_Print_Tee/img_00000050.jpg,top
img/Classic_Cotton_Tank/img_00000053.jpg,17,test,data/raw/deepfashion/img/Classic_Cotton_Tank/img_00000053.jpg,top
img/Sheer_Woven_Blouse/img_00000005.jpg,3,test,data/raw/deepfashion/img/Sheer_Woven_Blouse/img_00000005.jpg,top
img/Boho_Suite_Peasant_Top/img_00000014.jpg,19,test,data/raw/deepfashion/img/Boho_Suite_Peasant_Top/img_00000014.jpg,top
img/In_Love_Tank/img_00000057.jpg,17,test,data/raw/deepfashion/img/In_Love_Tank/img_00000057.jpg,top
img/Embroidered_Pintucked_Blouse/img_00000097.jpg,3,test,data/raw/deepfashion/img/Embroidered_Pintucked_Blouse/img_00000097.jpg,top
img/Designer_Bags_Graphic_Tee/img_00000008.jpg,18,test,data/raw/deepfashion/img/Designer_Bags_Graphic_Tee/img_00000008.jpg,top
img/Striped_Slub_Knit_Tee/img_00000016.jpg,18,test,data/raw/deepfashion/img/Striped_Slub_Knit_Tee/img_00000016.jpg,top
img/Classic_Plaid_Flannel/img_00000028.jpg,7,test,data/raw/deepfashion/img/Classic_Plaid_Flannel/img_00000028.jpg,top
img/Crochet_Cover-Up_Tank/img_00000035.jpg,17,test,data/raw/deepfashion/img/Crochet_Cover-Up_Tank/img_00000035.jpg,top
img/Crochet-Back_Tank/img_00000029.jpg,17,test,data/raw/deepfashion/img/Crochet-Back_Tank/img_00000029.jpg,top
img/Embroidered_Peasant_Tank/img_00000033.jpg,17,test,data/raw/deepfashion/img/Embroidered_Peasant_Tank/img_00000033.jpg,top
img/Abstract_Grid_Print_Top/img_00000025.jpg,19,test,data/raw/deepfashion/img/Abstract_Grid_Print_Top/img_00000025.jpg,top
img/Side-Slit_Collared_Blouse/img_00000085.jpg,3,test,data/raw/deepfashion/img/Side-Slit_Collared_Blouse/img_00000085.jpg,top
img/Curved_Hem_Raglan_Tee/img_00000012.jpg,18,test,data/raw/deepfashion/img/Curved_Hem_Raglan_Tee/img_00000012.jpg,top
img/Embroidered_Floral_Pattern_Blouse/img_00000002.jpg,3,test,data/raw/deepfashion/img/Embroidered_Floral_Pattern_Blouse/img_00000002.jpg,top
img/Iguana_Print_Tee/img_00000060.jpg,18,test,data/raw/deepfashion/img/Iguana_Print_Tee/img_00000060.jpg,top
img/France_Graphic_Longline_Tee/img_00000019.jpg,18,test,data/raw/deepfashion/img/France_Graphic_Longline_Tee/img_00000019.jpg,top
img/Los_Angeles_Graphic_Muscle_Tee/img_00000016.jpg,18,test,data/raw/deepfashion/img/Los_Angeles_Graphic_Muscle_Tee/img_00000016.jpg,top
img/Draped_V-Neck_Speckled_Tee/img_00000017.jpg,18,test,data/raw/deepfashion/img/Draped_V-Neck_Speckled_Tee/img_00000017.jpg,top
img/Burnout_Knit_Tee/img_00000020.jpg,18,test,data/raw/deepfashion/img/Burnout_Knit_Tee/img_00000020.jpg,top
img/Retro_Floral_Blouse/img_00000038.jpg,3,test,data/raw/deepfashion/img/Retro_Floral_Blouse/img_00000038.jpg,top
img/But_Not_Really_Muscle_Tee/img_00000006.jpg,18,test,data/raw/deepfashion/img/But_Not_Really_Muscle_Tee/img_00000006.jpg,top
img/Embellished_Boxy_Tee/img_00000033.jpg,18,test,data/raw/deepfashion/img/Embellished_Boxy_Tee/img_00000033.jpg,top
img/Boyz_II_Men_Muscle_Tee/img_00000019.jpg,18,test,data/raw/deepfashion/img/Boyz_II_Men_Muscle_Tee/img_00000019.jpg,top
img/Snake_Print_Racerback_Tank/img_00000054.jpg,17,test,data/raw/deepfashion/img/Snake_Print_Racerback_Tank/img_00000054.jpg,top
img/Boxy_Utility_Jacket/img_00000007.jpg,11,test,data/raw/deepfashion/img/Boxy_Utility_Jacket/img_00000007.jpg,top
img/Astronaut_Print_Tank/img_00000042.jpg,17,test,data/raw/deepfashion/img/Astronaut_Print_Tank/img_00000042.jpg,top
img/Southwestern_Print_Cardigan/img_00000005.jpg,6,test,data/raw/deepfashion/img/Southwestern_Print_Cardigan/img_00000005.jpg,top
img/Striped_Tulip_Back_Tee/img_00000009.jpg,18,test,data/raw/deepfashion/img/Striped_Tulip_Back_Tee/img_00000009.jpg,top
img/Woven_Open-Back_Blouse/img_00000018.jpg,3,test,data/raw/deepfashion/img/Woven_Open-Back_Blouse/img_00000018.jpg,top
img/Textured_Collarless_Jacket/img_00000022.jpg,11,test,data/raw/deepfashion/img/Textured_Collarless_Jacket/img_00000022.jpg,top
img/Zippered_Tartan_Plaid_Flannel/img_00000016.jpg,7,test,data/raw/deepfashion/img/Zippered_Tartan_Plaid_Flannel/img_00000016.jpg,top
img/City_Print_Dolman_Top/img_00000016.jpg,19,test,data/raw/deepfashion/img/City_Print_Dolman_Top/img_00000016.jpg,top
img/Barbie_Tank_Top/img_00000033.jpg,19,test,data/raw/deepfashion/img/Barbie_Tank_Top/img_00000033.jpg,top
img/Buttoned_Eyelet_Tank/img_00000039.jpg,17,test,data/raw/deepfashion/img/Buttoned_Eyelet_Tank/img_00000039.jpg,top
img/Open-Front_Shawl_Cardigan/img_00000005.jpg,6,test,data/raw/deepfashion/img/Open-Front_Shawl_Cardigan/img_00000005.jpg,top
img/Floral_Printed_Side-Tie_Blouse/img_00000064.jpg,3,test,data/raw/deepfashion/img/Floral_Printed_Side-Tie_Blouse/img_00000064.jpg,top
img/Diamond_Pattern_Cardigan/img_00000001.jpg,6,test,data/raw/deepfashion/img/Diamond_Pattern_Cardigan/img_00000001.jpg,top
img/Paisley_Floral_Print_Blouse/img_00000004.jpg,3,test,data/raw/deepfashion/img/Paisley_Floral_Print_Blouse/img_00000004.jpg,top
img/Woven_Open-Back_Blouse/img_00000095.jpg,3,test,data/raw/deepfashion/img/Woven_Open-Back_Blouse/img_00000095.jpg,top
img/Ruffle-Trimmed_Blouse/img_00000012.jpg,3,test,data/raw/deepfashion/img/Ruffle-Trimmed_Blouse/img_00000012.jpg,top
img/Clashist_Oil_Slick_Print_Tee/img_00000002.jpg,18,test,data/raw/deepfashion/img/Clashist_Oil_Slick_Print_Tee/img_00000002.jpg,top
img/V-Neck_Button-Down_Cardigan/img_00000028.jpg,6,test,data/raw/deepfashion/img/V-Neck_Button-Down_Cardigan/img_00000028.jpg,top
img/California_Graphic_Tank/img_00000024.jpg,17,test,data/raw/deepfashion/img/California_Graphic_Tank/img_00000024.jpg,top
img/ET_Graphic_Muscle_Tee/img_00000023.jpg,18,test,data/raw/deepfashion/img/ET_Graphic_Muscle_Tee/img_00000023.jpg,top
img/Bout_That_Graphic_Crop_Top/img_00000023.jpg,19,test,data/raw/deepfashion/img/Bout_That_Graphic_Crop_Top/img_00000023.jpg,top
img/Twisted-Hem_Plaid_Blouse/img_00000002.jpg,3,test,data/raw/deepfashion/img/Twisted-Hem_Plaid_Blouse/img_00000002.jpg,top
img/Bandana_Print_Crop_Top/img_00000017.jpg,19,test,data/raw/deepfashion/img/Bandana_Print_Crop_Top/img_00000017.jpg,top
img/Medallion_Print_Blouse/img_00000037.jpg,3,test,data/raw/deepfashion/img/Medallion_Print_Blouse/img_00000037.jpg,top
img/Oh_Graphic_Tank/img_00000015.jpg,17,test,data/raw/deepfashion/img/Oh_Graphic_Tank/img_00000015.jpg,top
img/Diamond_Open-Knit_Cardigan/img_00000049.jpg,6,test,data/raw/deepfashion/img/Diamond_Open-Knit_Cardigan/img_00000049.jpg,top
img/Abstract_Grid-Patterned_Top/img_00000008.jpg,19,test,data/raw/deepfashion/img/Abstract_Grid-Patterned_Top/img_00000008.jpg,top
img/Cheetah_Print_High-Neck_Blouse/img_00000094.jpg,3,test,data/raw/deepfashion/img/Cheetah_Print_High-Neck_Blouse/img_00000094.jpg,top
img/Stretch_Knit_Tank/img_00000016.jpg,17,test,data/raw/deepfashion/img/Stretch_Knit_Tank/img_00000016.jpg,top
img/City-Chic_NYC_Cropped_Tee/img_00000026.jpg,18,test,data/raw/deepfashion/img/City-Chic_NYC_Cropped_Tee/img_00000026.jpg,top
img/Star_Print_Tank/img_00000026.jpg,17,test,data/raw/deepfashion/img/Star_Print_Tank/img_00000026.jpg,top
img/Waffle_Knit_Cardigan/img_00000055.jpg,6,test,data/raw/deepfashion/img/Waffle_Knit_Cardigan/img_00000055.jpg,top
img/Crepe_Henley_Blouse/img_00000131.jpg,3,test,data/raw/deepfashion/img/Crepe_Henley_Blouse/img_00000131.jpg,top
img/Faux_Leather_Biker_Jacket/img_00000054.jpg,11,test,data/raw/deepfashion/img/Faux_Leather_Biker_Jacket/img_00000054.jpg,top
img/Side-Slit_Striped_Blouse/img_00000059.jpg,3,test,data/raw/deepfashion/img/Side-Slit_Striped_Blouse/img_00000059.jpg,top
img/Textured_Crochet_Lace_Tank/img_00000021.jpg,17,test,data/raw/deepfashion/img/Textured_Crochet_Lace_Tank/img_00000021.jpg,top
img/Gorgeous_10_Graphic_Tee/img_00000030.jpg,18,test,data/raw/deepfashion/img/Gorgeous_10_Graphic_Tee/img_00000030.jpg,top
img/Dotted_Ruffle_Blouse/img_00000118.jpg,3,test,data/raw/deepfashion/img/Dotted_Ruffle_Blouse/img_00000118.jpg,top
img/Open-Front_Cardigan/img_00000051.jpg,6,test,data/raw/deepfashion/img/Open-Front_Cardigan/img_00000051.jpg,top
img/Stretchy_Button-Front_Denim_Jacket/img_00000041.jpg,11,test,data/raw/deepfashion/img/Stretchy_Button-Front_Denim_Jacket/img_00000041.jpg,top
img/Happiness_Graphic_Tee/img_00000043.jpg,18,test,data/raw/deepfashion/img/Happiness_Graphic_Tee/img_00000043.jpg,top
img/Homies_Graphic_Tee/img_00000051.jpg,18,test,data/raw/deepfashion/img/Homies_Graphic_Tee/img_00000051.jpg,top
img/Pintucked_Eyelash_Lace_Blouse/img_00000029.jpg,3,test,data/raw/deepfashion/img/Pintucked_Eyelash_Lace_Blouse/img_00000029.jpg,top
img/Striped_V-Neck_Jersey_Tee/img_00000021.jpg,18,test,data/raw/deepfashion/img/Striped_V-Neck_Jersey_Tee/img_00000021.jpg,top
img/Marled_Back-Pleated_Tank/img_00000026.jpg,17,test,data/raw/deepfashion/img/Marled_Back-Pleated_Tank/img_00000026.jpg,top
img/Oversized_Shawl_Cardigan/img_00000023.jpg,6,test,data/raw/deepfashion/img/Oversized_Shawl_Cardigan/img_00000023.jpg,top
img/Sheer_Embroidered_Tank/img_00000055.jpg,17,test,data/raw/deepfashion/img/Sheer_Embroidered_Tank/img_00000055.jpg,top
img/Striped_Chiffon_Blouse/img_00000144.jpg,3,test,data/raw/deepfashion/img/Striped_Chiffon_Blouse/img_00000144.jpg,top
img/Heathered_Curved-Hem_Tank/img_00000012.jpg,17,test,data/raw/deepfashion/img/Heathered_Curved-Hem_Tank/img_00000012.jpg,top
img/Perfect_is_Boring_Graphic_Tee/img_00000015.jpg,18,test,data/raw/deepfashion/img/Perfect_is_Boring_Graphic_Tee/img_00000015.jpg,top
img/Easy_Camo_Jacket/img_00000015.jpg,11,test,data/raw/deepfashion/img/Easy_Camo_Jacket/img_00000015.jpg,top
img/High-Neck_Sheer_Blouse/img_00000057.jpg,3,test,data/raw/deepfashion/img/High-Neck_Sheer_Blouse/img_00000057.jpg,top
img/Abstract_Print_Bustier_Top/img_00000040.jpg,19,test,data/raw/deepfashion/img/Abstract_Print_Bustier_Top/img_00000040.jpg,top
img/Embroidered_Mesh_Bomber_Jacket/img_00000020.jpg,11,test,data/raw/deepfashion/img/Embroidered_Mesh_Bomber_Jacket/img_00000020.jpg,top
img/Pintucked_Rose_Print_Blouse/img_00000049.jpg,3,test,data/raw/deepfashion/img/Pintucked_Rose_Print_Blouse/img_00000049.jpg,top
img/Faux_Suede_Fringe_Jacket/img_00000007.jpg,11,test,data/raw/deepfashion/img/Faux_Suede_Fringe_Jacket/img_00000007.jpg,top
img/Boxy_Faux_Fur_Jacket/img_00000016.jpg,11,test,data/raw/deepfashion/img/Boxy_Faux_Fur_Jacket/img_00000016.jpg,top
img/Boxy_Faux_Fur_Jacket/img_00000024.jpg,11,test,data/raw/deepfashion/img/Boxy_Faux_Fur_Jacket/img_00000024.jpg,top
img/Collarless_Woven_Jacket/img_00000014.jpg,11,test,data/raw/deepfashion/img/Collarless_Woven_Jacket/img_00000014.jpg,top
img/Sheer_Organza_Varsity_Jacket/img_00000044.jpg,11,test,data/raw/deepfashion/img/Sheer_Organza_Varsity_Jacket/img_00000044.jpg,top
img/Colorblocked_Raglan_Baseball_Tee/img_00000029.jpg,18,test,data/raw/deepfashion/img/Colorblocked_Raglan_Baseball_Tee/img_00000029.jpg,top
img/Draped-Collar_Snap_Button_Jacket/img_00000046.jpg,11,test,data/raw/deepfashion/img/Draped-Collar_Snap_Button_Jacket/img_00000046.jpg,top
img/Striped_Muscle_Tee/img_00000016.jpg,18,test,data/raw/deepfashion/img/Striped_Muscle_Tee/img_00000016.jpg,top
img/Floral_Lace_Blouse/img_00000022.jpg,3,test,data/raw/deepfashion/img/Floral_Lace_Blouse/img_00000022.jpg,top
img/Boxy_Beaded_Crepe_Top/img_00000016.jpg,19,test,data/raw/deepfashion/img/Boxy_Beaded_Crepe_Top/img_00000016.jpg,top
img/Star_Print_Tank/img_00000060.jpg,17,test,data/raw/deepfashion/img/Star_Print_Tank/img_00000060.jpg,top
img/BAE_Graphic_Tee/img_00000019.jpg,18,test,data/raw/deepfashion/img/BAE_Graphic_Tee/img_00000019.jpg,top
img/Slouchy_Twill_Utility_Jacket/img_00000044.jpg,11,test,data/raw/deepfashion/img/Slouchy_Twill_Utility_Jacket/img_00000044.jpg,top
img/Tropical_Print_Pocket_Tank/img_00000036.jpg,17,test,data/raw/deepfashion/img/Tropical_Print_Pocket_Tank/img_00000036.jpg,top
img/Faux_Leather_Moto_Jacket/img_00000062.jpg,11,test,data/raw/deepfashion/img/Faux_Leather_Moto_Jacket/img_00000062.jpg,top
img/Side-Slit_Longline_Tee/img_00000039.jpg,18,test,data/raw/deepfashion/img/Side-Slit_Longline_Tee/img_00000039.jpg,top
img/Open-Knit_Longline_Cardigan/img_00000002.jpg,6,test,data/raw/deepfashion/img/Open-Knit_Longline_Cardigan/img_00000002.jpg,top
img/Draped_V-Neck_Speckled_Tee/img_00000018.jpg,18,test,data/raw/deepfashion/img/Draped_V-Neck_Speckled_Tee/img_00000018.jpg,top
img/Floral_Printed_Side-Tie_Blouse/img_00000041.jpg,3,test,data/raw/deepfashion/img/Floral_Printed_Side-Tie_Blouse/img_00000041.jpg,top
img/Basic_V-Neck_Tee/img_00000017.jpg,18,test,data/raw/deepfashion/img/Basic_V-Neck_Tee/img_00000017.jpg,top
img/Round_Collar_Chiffon_Blouse/img_00000082.jpg,3,test,data/raw/deepfashion/img/Round_Collar_Chiffon_Blouse/img_00000082.jpg,top
img/Floral_Crochet-Trimmed_Tank/img_00000030.jpg,17,test,data/raw/deepfashion/img/Floral_Crochet-Trimmed_Tank/img_00000030.jpg,top
img/Collarless_Sequined_Jacket/img_00000001.jpg,11,test,data/raw/deepfashion/img/Collarless_Sequined_Jacket/img_00000001.jpg,top
img/Georgette_Tulip_Back_Blouse/img_00000050.jpg,3,test,data/raw/deepfashion/img/Georgette_Tulip_Back_Blouse/img_00000050.jpg,top
img/West_Coast_Mesh_Tank/img_00000020.jpg,17,test,data/raw/deepfashion/img/West_Coast_Mesh_Tank/img_00000020.jpg,top
img/Boxy_Cutout_Top/img_00000034.jpg,19,test,data/raw/deepfashion/img/Boxy_Cutout_Top/img_00000034.jpg,top
img/Split-Back_Pleated_Blouse/img_00000071.jpg,3,test,data/raw/deepfashion/img/Split-Back_Pleated_Blouse/img_00000071.jpg,top
img/Grumpy_Cat_Graphic_Tee/img_00000040.jpg,18,test,data/raw/deepfashion/img/Grumpy_Cat_Graphic_Tee/img_00000040.jpg,top
img/Southwestern_Print_Racerback_Tank/img_00000025.jpg,17,test,data/raw/deepfashion/img/Southwestern_Print_Racerback_Tank/img_00000025.jpg,top
img/Mock_Neck_Tee/img_00000002.jpg,18,test,data/raw/deepfashion/img/Mock_Neck_Tee/img_00000002.jpg,top
img/Embroidered_Bead_Keyhole_Blouse/img_00000001.jpg,3,test,data/raw/deepfashion/img/Embroidered_Bead_Keyhole_Blouse/img_00000001.jpg,top
img/Neon_Pocket_Tee/img_00000043.jpg,18,test,data/raw/deepfashion/img/Neon_Pocket_Tee/img_00000043.jpg,top
img/Mixed_Knit_Cardigan/img_00000038.jpg,6,test,data/raw/deepfashion/img/Mixed_Knit_Cardigan/img_00000038.jpg,top
img/High-Neck_Sheer_Blouse/img_00000032.jpg,3,test,data/raw/deepfashion/img/High-Neck_Sheer_Blouse/img_00000032.jpg,top
img/Heathered_Open-Front_Cardigan/img_00000015.jpg,6,test,data/raw/deepfashion/img/Heathered_Open-Front_Cardigan/img_00000015.jpg,top
img/Buttoned_Lace_Panel_Top/img_00000014.jpg,19,test,data/raw/deepfashion/img/Buttoned_Lace_Panel_Top/img_00000014.jpg,top
img/Ruffled_Floral_Blouse/img_00000005.jpg,3,test,data/raw/deepfashion/img/Ruffled_Floral_Blouse/img_00000005.jpg,top
img/Distressed_Pocket_Tee/img_00000053.jpg,18,test,data/raw/deepfashion/img/Distressed_Pocket_Tee/img_00000053.jpg,top
img/Zippered_Mesh-Paneled_Jacket/img_00000015.jpg,11,test,data/raw/deepfashion/img/Zippered_Mesh-Paneled_Jacket/img_00000015.jpg,top
img/Abstract_Print_Lace-Paneled_Blouse/img_00000037.jpg,3,test,data/raw/deepfashion/img/Abstract_Print_Lace-Paneled_Blouse/img_00000037.jpg,top
img/High-Slit_Longline_Flannel/img_00000001.jpg,7,test,data/raw/deepfashion/img/High-Slit_Longline_Flannel/img_00000001.jpg,top
img/Boxy_Cutout_Top/img_00000029.jpg,19,test,data/raw/deepfashion/img/Boxy_Cutout_Top/img_00000029.jpg,top
img/Textured_High-Neck_Blouse/img_00000095.jpg,3,test,data/raw/deepfashion/img/Textured_High-Neck_Blouse/img_00000095.jpg,top
img/Boxy_Embroidered_Top/img_00000007.jpg,19,test,data/raw/deepfashion/img/Boxy_Embroidered_Top/img_00000007.jpg,top
img/Pocket_Shirt_Jacket/img_00000016.jpg,11,test,data/raw/deepfashion/img/Pocket_Shirt_Jacket/img_00000016.jpg,top
img/Dip-Dyed_Sweater_Tank/img_00000031.jpg,17,test,data/raw/deepfashion/img/Dip-Dyed_Sweater_Tank/img_00000031.jpg,top
img/Woven_Open-Back_Blouse/img_00000064.jpg,3,test,data/raw/deepfashion/img/Woven_Open-Back_Blouse/img_00000064.jpg,top
img/Daisy_Print_Blouse/img_00000010.jpg,3,test,data/raw/deepfashion/img/Daisy_Print_Blouse/img_00000010.jpg,top
img/Scuba_Knit_Peplum_Jacket/img_00000030.jpg,11,test,data/raw/deepfashion/img/Scuba_Knit_Peplum_Jacket/img_00000030.jpg,top
img/Southwestern_Print_Muscle_Tee/img_00000027.jpg,18,test,data/raw/deepfashion/img/Southwestern_Print_Muscle_Tee/img_00000027.jpg,top
img/Semi-Sheer_Linen_Tee/img_00000037.jpg,18,test,data/raw/deepfashion/img/Semi-Sheer_Linen_Tee/img_00000037.jpg,top
img/Classic_Faded_Denim_Jacket/img_00000053.jpg,11,test,data/raw/deepfashion/img/Classic_Faded_Denim_Jacket/img_00000053.jpg,top
img/Boxy_Split-Neck_Blouse/img_00000077.jpg,3,test,data/raw/deepfashion/img/Boxy_Split-Neck_Blouse/img_00000077.jpg,top
img/Crochet_Racerback_Tank/img_00000003.jpg,17,test,data/raw/deepfashion/img/Crochet_Racerback_Tank/img_00000003.jpg,top
img/Baroque_Print_Blouse/img_00000108.jpg,3,test,data/raw/deepfashion/img/Baroque_Print_Blouse/img_00000108.jpg,top
img/Mandarin_Collar_Blouse/img_00000138.jpg,3,test,data/raw/deepfashion/img/Mandarin_Collar_Blouse/img_00000138.jpg,top
img/Duo-Stripe_Tee/img_00000020.jpg,18,test,data/raw/deepfashion/img/Duo-Stripe_Tee/img_00000020.jpg,top
img/Crepe_Henley_Blouse/img_00000102.jpg,3,test,data/raw/deepfashion/img/Crepe_Henley_Blouse/img_00000102.jpg,top
img/Angular_Colorblock_Blouse/img_00000077.jpg,3,test,data/raw/deepfashion/img/Angular_Colorblock_Blouse/img_00000077.jpg,top
img/Woven_Flounce_Tank/img_00000009.jpg,17,test,data/raw/deepfashion/img/Woven_Flounce_Tank/img_00000009.jpg,top
img/Athletic-Striped_Racerback_Crop_Top/img_00000037.jpg,19,test,data/raw/deepfashion/img/Athletic-Striped_Racerback_Crop_Top/img_00000037.jpg,top
img/Ikat_Print_Chiffon_Blouse/img_00000091.jpg,3,test,data/raw/deepfashion/img/Ikat_Print_Chiffon_Blouse/img_00000091.jpg,top
img/Classic_Scoop_Neck_Top/img_00000070.jpg,19,test,data/raw/deepfashion/img/Classic_Scoop_Neck_Top/img_00000070.jpg,top
img/Boxy_Pocket_Tee/img_00000046.jpg,18,test,data/raw/deepfashion/img/Boxy_Pocket_Tee/img_00000046.jpg,top
img/Je_Suis_Linen_Tank/img_00000008.jpg,17,test,data/raw/deepfashion/img/Je_Suis_Linen_Tank/img_00000008.jpg,top
img/Perforated_Faux_Leather_Tank/img_00000044.jpg,17,test,data/raw/deepfashion/img/Perforated_Faux_Leather_Tank/img_00000044.jpg,top
img/Beaded_Paisley-Embroidered_Top/img_00000033.jpg,19,test,data/raw/deepfashion/img/Beaded_Paisley-Embroidered_Top/img_00000033.jpg,top
img/Tie-Dye_Boxy_Tee/img_00000014.jpg,18,test,data/raw/deepfashion/img/Tie-Dye_Boxy_Tee/img_00000014.jpg,top
img/Boxy_Knit_Top/img_00000004.jpg,19,test,data/raw/deepfashion/img/Boxy_Knit_Top/img_00000004.jpg,top
img/Heathered_Box_Pleat_Tee/img_00000013.jpg,18,test,data/raw/deepfashion/img/Heathered_Box_Pleat_Tee/img_00000013.jpg,top
img/Civil_Longline_Mesh_Tee/img_00000025.jpg,18,test,data/raw/deepfashion/img/Civil_Longline_Mesh_Tee/img_00000025.jpg,top
img/Follow_Your_Heart_Tee/img_00000027.jpg,18,test,data/raw/deepfashion/img/Follow_Your_Heart_Tee/img_00000027.jpg,top
img/Pin_Dot_Suit_Jacket/img_00000035.jpg,11,test,data/raw/deepfashion/img/Pin_Dot_Suit_Jacket/img_00000035.jpg,top
img/Chunky_Longline_Cardigan/img_00000011.jpg,6,test,data/raw/deepfashion/img/Chunky_Longline_Cardigan/img_00000011.jpg,top
img/Ruffle-Trimmed_Blouse/img_00000060.jpg,3,test,data/raw/deepfashion/img/Ruffle-Trimmed_Blouse/img_00000060.jpg,top
img/Layered_Chiffon_Blouse/img_00000043.jpg,3,test,data/raw/deepfashion/img/Layered_Chiffon_Blouse/img_00000043.jpg,top
img/Tartan_Plaid_Chiffon_Blouse/img_00000038.jpg,3,test,data/raw/deepfashion/img/Tartan_Plaid_Chiffon_Blouse/img_00000038.jpg,top
img/Faded_Denim_Jacket/img_00000073.jpg,11,test,data/raw/deepfashion/img/Faded_Denim_Jacket/img_00000073.jpg,top
img/SpongeBob_x_Mina_Kwon_Metallic_Graphic_Tee/img_00000007.jpg,18,test,data/raw/deepfashion/img/SpongeBob_x_Mina_Kwon_Metallic_Graphic_Tee/img_00000007.jpg,top
img/Sun_Graphic_Racerback_Tank/img_00000053.jpg,17,test,data/raw/deepfashion/img/Sun_Graphic_Racerback_Tank/img_00000053.jpg,top
img/Ribbed_Racer_Tank/img_00000028.jpg,17,test,data/raw/deepfashion/img/Ribbed_Racer_Tank/img_00000028.jpg,top
img/Striped_V-Neck_Jersey_Tee/img_00000048.jpg,18,test,data/raw/deepfashion/img/Striped_V-Neck_Jersey_Tee/img_00000048.jpg,top
img/Boxy_Woven_Moto_Jacket/img_00000001.jpg,11,test,data/raw/deepfashion/img/Boxy_Woven_Moto_Jacket/img_00000001.jpg,top
img/Bow-Back_Abstract_Print_Top/img_00000019.jpg,19,test,data/raw/deepfashion/img/Bow-Back_Abstract_Print_Top/img_00000019.jpg,top
img/Destroyed_Linen_Tee/img_00000014.jpg,18,test,data/raw/deepfashion/img/Destroyed_Linen_Tee/img_00000014.jpg,top
img/Seamless_Workout_Tank/img_00000023.jpg,17,test,data/raw/deepfashion/img/Seamless_Workout_Tank/img_00000023.jpg,top
img/Open-Front_Fringed_Cardigan/img_00000007.jpg,6,test,data/raw/deepfashion/img/Open-Front_Fringed_Cardigan/img_00000007.jpg,top
img/Paris_Graphic_Tee/img_00000064.jpg,18,test,data/raw/deepfashion/img/Paris_Graphic_Tee/img_00000064.jpg,top
img/Tasseled_Open-Front_Cardigan/img_00000046.jpg,6,test,data/raw/deepfashion/img/Tasseled_Open-Front_Cardigan/img_00000046.jpg,top
img/Classic_Cardigan/img_00000067.jpg,6,test,data/raw/deepfashion/img/Classic_Cardigan/img_00000067.jpg,top
img/Be_Cool_Crop_Top/img_00000074.jpg,19,test,data/raw/deepfashion/img/Be_Cool_Crop_Top/img_00000074.jpg,top
img/Cute_Black_Tee/img_00000005.jpg,18,test,data/raw/deepfashion/img/Cute_Black_Tee/img_00000005.jpg,top
img/Pintucked_Pleat-Hem_Blouse/img_00000004.jpg,3,test,data/raw/deepfashion/img/Pintucked_Pleat-Hem_Blouse/img_00000004.jpg,top
img/Longline_Denim_Jacket/img_00000005.jpg,11,test,data/raw/deepfashion/img/Longline_Denim_Jacket/img_00000005.jpg,top
img/Poetic_Dream_Crochet_Blouse/img_00000063.jpg,3,test,data/raw/deepfashion/img/Poetic_Dream_Crochet_Blouse/img_00000063.jpg,top
img/Destroyed_Linen_Tee/img_00000005.jpg,18,test,data/raw/deepfashion/img/Destroyed_Linen_Tee/img_00000005.jpg,top
img/Beaded_Lace_Crop_Top/img_00000019.jpg,19,test,data/raw/deepfashion/img/Beaded_Lace_Crop_Top/img_00000019.jpg,top
img/Textured_Open-Front_Cardigan/img_00000002.jpg,6,test,data/raw/deepfashion/img/Textured_Open-Front_Cardigan/img_00000002.jpg,top
img/Mesh-Back_Tank/img_00000002.jpg,17,test,data/raw/deepfashion/img/Mesh-Back_Tank/img_00000002.jpg,top
img/Embroidered_Self-Tie_Blouse/img_00000070.jpg,3,test,data/raw/deepfashion/img/Embroidered_Self-Tie_Blouse/img_00000070.jpg,top
img/La_Vie_Mesh_Jersey_Tee/img_00000018.jpg,18,test,data/raw/deepfashion/img/La_Vie_Mesh_Jersey_Tee/img_00000018.jpg,top
img/Abstract_Pattern_Cardigan/img_00000037.jpg,6,test,data/raw/deepfashion/img/Abstract_Pattern_Cardigan/img_00000037.jpg,top
img/Marled_Drop-Sleeved_Cardigan/img_00000011.jpg,6,test,data/raw/deepfashion/img/Marled_Drop-Sleeved_Cardigan/img_00000011.jpg,top
img/Shop_At_Forever_21_Tee/img_00000036.jpg,18,test,data/raw/deepfashion/img/Shop_At_Forever_21_Tee/img_00000036.jpg,top
img/Boxy_Polka_Dot_Top/img_00000038.jpg,19,test,data/raw/deepfashion/img/Boxy_Polka_Dot_Top/img_00000038.jpg,top
img/Side-Slit_Muscle_Tee/img_00000024.jpg,18,test,data/raw/deepfashion/img/Side-Slit_Muscle_Tee/img_00000024.jpg,top
img/Linen_Chiffon_Tee/img_00000001.jpg,18,test,data/raw/deepfashion/img/Linen_Chiffon_Tee/img_00000001.jpg,top
img/Cozy_Abstract_Cardigan/img_00000033.jpg,6,test,data/raw/deepfashion/img/Cozy_Abstract_Cardigan/img_00000033.jpg,top
img/Baseball_Muscle_Tee/img_00000036.jpg,18,test,data/raw/deepfashion/img/Baseball_Muscle_Tee/img_00000036.jpg,top
img/Collared_Surplice_Blouse/img_00000011.jpg,3,test,data/raw/deepfashion/img/Collared_Surplice_Blouse/img_00000011.jpg,top
img/Flutter_Self-Tie_Blouse/img_00000021.jpg,3,test,data/raw/deepfashion/img/Flutter_Self-Tie_Blouse/img_00000021.jpg,top
img/Ombr&eacute;_Dolman_Button-Down_Blouse/img_00000007.jpg,3,test,data/raw/deepfashion/img/Ombr&eacute;_Dolman_Button-Down_Blouse/img_00000007.jpg,top
img/No_New_Friends_Tee/img_00000047.jpg,18,test,data/raw/deepfashion/img/No_New_Friends_Tee/img_00000047.jpg,top
img/Tribal_Pattern_Cardigan/img_00000078.jpg,6,test,data/raw/deepfashion/img/Tribal_Pattern_Cardigan/img_00000078.jpg,top
img/Island_Pineapple_Knit_Tee/img_00000033.jpg,18,test,data/raw/deepfashion/img/Island_Pineapple_Knit_Tee/img_00000033.jpg,top
img/Ribbed_Side_Zipper_Tank/img_00000013.jpg,17,test,data/raw/deepfashion/img/Ribbed_Side_Zipper_Tank/img_00000013.jpg,top
img/But_First_Coffee_Tank/img_00000006.jpg,17,test,data/raw/deepfashion/img/But_First_Coffee_Tank/img_00000006.jpg,top
img/Basquiat_Graphic_Tee/img_00000065.jpg,18,test,data/raw/deepfashion/img/Basquiat_Graphic_Tee/img_00000065.jpg,top
img/Longline_Crepe_Blouse/img_00000064.jpg,3,test,data/raw/deepfashion/img/Longline_Crepe_Blouse/img_00000064.jpg,top
img/Chiffon-Back_Heathered_Top/img_00000007.jpg,19,test,data/raw/deepfashion/img/Chiffon-Back_Heathered_Top/img_00000007.jpg,top
img/Upside-Down_Eiffel_Tower_Tee/img_00000006.jpg,18,test,data/raw/deepfashion/img/Upside-Down_Eiffel_Tower_Tee/img_00000006.jpg,top
img/Classic_Racerback_Tank/img_00000052.jpg,17,test,data/raw/deepfashion/img/Classic_Racerback_Tank/img_00000052.jpg,top
img/Married_To_The_Mob_Next_Tee/img_00000048.jpg,18,test,data/raw/deepfashion/img/Married_To_The_Mob_Next_Tee/img_00000048.jpg,top
img/Boyfriend_Graphic_Tee/img_00000014.jpg,18,test,data/raw/deepfashion/img/Boyfriend_Graphic_Tee/img_00000014.jpg,top
img/Pleated_Chiffon_Blouse/img_00000122.jpg,3,test,data/raw/deepfashion/img/Pleated_Chiffon_Blouse/img_00000122.jpg,top
img/Longline_Linen-Blend_Tee/img_00000021.jpg,18,test,data/raw/deepfashion/img/Longline_Linen-Blend_Tee/img_00000021.jpg,top
img/Shirred_Floral-Embroidered_Blouse/img_00000066.jpg,3,test,data/raw/deepfashion/img/Shirred_Floral-Embroidered_Blouse/img_00000066.jpg,top
img/Cable_Knit_Fringe_Cardigan/img_00000027.jpg,6,test,data/raw/deepfashion/img/Cable_Knit_Fringe_Cardigan/img_00000027.jpg,top
img/Tupac_Muscle_Tee/img_00000026.jpg,18,test,data/raw/deepfashion/img/Tupac_Muscle_Tee/img_00000026.jpg,top
img/Faux_Leather_Peplum_Jacket/img_00000053.jpg,11,test,data/raw/deepfashion/img/Faux_Leather_Peplum_Jacket/img_00000053.jpg,top
img/Weekend_Lover_Muscle_Tee/img_00000013.jpg,18,test,data/raw/deepfashion/img/Weekend_Lover_Muscle_Tee/img_00000013.jpg,top
img/Dropped_Hem_Muscle_Tee/img_00000024.jpg,18,test,data/raw/deepfashion/img/Dropped_Hem_Muscle_Tee/img_00000024.jpg,top
img/Astronaut_Print_Tank/img_00000018.jpg,17,test,data/raw/deepfashion/img/Astronaut_Print_Tank/img_00000018.jpg,top
img/Boxy_Tank_Top/img_00000046.jpg,19,test,data/raw/deepfashion/img/Boxy_Tank_Top/img_00000046.jpg,top
img/Angel-Sleeved_Top/img_00000020.jpg,19,test,data/raw/deepfashion/img/Angel-Sleeved_Top/img_00000020.jpg,top
img/Quilted_Floral_Bomber_Jacket/img_00000005.jpg,11,test,data/raw/deepfashion/img/Quilted_Floral_Bomber_Jacket/img_00000005.jpg,top
img/Pleated_Front_Blouse/img_00000029.jpg,3,test,data/raw/deepfashion/img/Pleated_Front_Blouse/img_00000029.jpg,top
img/Abstract_Print_Zipper_Blouse/img_00000039.jpg,3,test,data/raw/deepfashion/img/Abstract_Print_Zipper_Blouse/img_00000039.jpg,top
img/Open-Back_Blouse/img_00000113.jpg,3,test,data/raw/deepfashion/img/Open-Back_Blouse/img_00000113.jpg,top
img/Cable_Knit_Varsity_Cardigan/img_00000010.jpg,6,test,data/raw/deepfashion/img/Cable_Knit_Varsity_Cardigan/img_00000010.jpg,top
img/Hooded_Drape_Cardigan/img_00000013.jpg,6,test,data/raw/deepfashion/img/Hooded_Drape_Cardigan/img_00000013.jpg,top
img/Crochet_Lace-Paneled_Blouse/img_00000068.jpg,3,test,data/raw/deepfashion/img/Crochet_Lace-Paneled_Blouse/img_00000068.jpg,top
img/Daisy_Crochet_Cardigan/img_00000038.jpg,6,test,data/raw/deepfashion/img/Daisy_Crochet_Cardigan/img_00000038.jpg,top
img/Floral_Paisley_Crochet_Jacket/img_00000004.jpg,11,test,data/raw/deepfashion/img/Floral_Paisley_Crochet_Jacket/img_00000004.jpg,top
img/Tropical_Curved-Hem_Tee/img_00000022.jpg,18,test,data/raw/deepfashion/img/Tropical_Curved-Hem_Tee/img_00000022.jpg,top
img/Hooded_Varsity_Stripe_Jacket/img_00000007.jpg,11,test,data/raw/deepfashion/img/Hooded_Varsity_Stripe_Jacket/img_00000007.jpg,top
img/Seamless_Workout_Tank/img_00000007.jpg,17,test,data/raw/deepfashion/img/Seamless_Workout_Tank/img_00000007.jpg,top
img/Striped_Longline_Baseball_Tee/img_00000016.jpg,18,test,data/raw/deepfashion/img/Striped_Longline_Baseball_Tee/img_00000016.jpg,top
img/Purl_Knit_Cardigan/img_00000023.jpg,6,test,data/raw/deepfashion/img/Purl_Knit_Cardigan/img_00000023.jpg,top
img/Quilted_Faux_Leather_Jacket/img_00000011.jpg,11,test,data/raw/deepfashion/img/Quilted_Faux_Leather_Jacket/img_00000011.jpg,top
img/Boxy_Striped_Crop_Top/img_00000057.jpg,19,test,data/raw/deepfashion/img/Boxy_Striped_Crop_Top/img_00000057.jpg,top
img/Fringed_Tribal_Pattern_Cardigan/img_00000017.jpg,6,test,data/raw/deepfashion/img/Fringed_Tribal_Pattern_Cardigan/img_00000017.jpg,top
img/Abstract_Asymmetrical_Hem_Top/img_00000048.jpg,19,test,data/raw/deepfashion/img/Abstract_Asymmetrical_Hem_Top/img_00000048.jpg,top
img/Varsity-Striped_Baseball_Jacket/img_00000049.jpg,11,test,data/raw/deepfashion/img/Varsity-Striped_Baseball_Jacket/img_00000049.jpg,top
img/Bow-Back_Cutout_Top/img_00000012.jpg,19,test,data/raw/deepfashion/img/Bow-Back_Cutout_Top/img_00000012.jpg,top
img/Classic_Trapeze_Tank/img_00000003.jpg,17,test,data/raw/deepfashion/img/Classic_Trapeze_Tank/img_00000003.jpg,top
img/Striped_Floral_Blouse/img_00000078.jpg,3,test,data/raw/deepfashion/img/Striped_Floral_Blouse/img_00000078.jpg,top
img/Sheer_Back_Tee/img_00000038.jpg,18,test,data/raw/deepfashion/img/Sheer_Back_Tee/img_00000038.jpg,top
img/Abstract_Print_Zipper_Blouse/img_00000079.jpg,3,test,data/raw/deepfashion/img/Abstract_Print_Zipper_Blouse/img_00000079.jpg,top
img/Elephant_Printed_Tank/img_00000032.jpg,17,test,data/raw/deepfashion/img/Elephant_Printed_Tank/img_00000032.jpg,top
img/Coca-Cola_Muscle_Tee/img_00000007.jpg,18,test,data/raw/deepfashion/img/Coca-Cola_Muscle_Tee/img_00000007.jpg,top
img/Arrow-Printed_Tee/img_00000013.jpg,18,test,data/raw/deepfashion/img/Arrow-Printed_Tee/img_00000013.jpg,top
img/Buttoned_Pocket_Blouse/img_00000028.jpg,3,test,data/raw/deepfashion/img/Buttoned_Pocket_Blouse/img_00000028.jpg,top
img/Distressed_Slub_Knit_Tank/img_00000002.jpg,17,test,data/raw/deepfashion/img/Distressed_Slub_Knit_Tank/img_00000002.jpg,top
img/Crepe_Woven_Sleeveless_Blouse/img_00000038.jpg,3,test,data/raw/deepfashion/img/Crepe_Woven_Sleeveless_Blouse/img_00000038.jpg,top
img/Abstract_Geo_Print_Blouse/img_00000084.jpg,3,test,data/raw/deepfashion/img/Abstract_Geo_Print_Blouse/img_00000084.jpg,top
img/Collarless_Multi-Knit_Jacket/img_00000040.jpg,11,test,data/raw/deepfashion/img/Collarless_Multi-Knit_Jacket/img_00000040.jpg,top
img/Daisy_Print_Blouse/img_00000099.jpg,3,test,data/raw/deepfashion/img/Daisy_Print_Blouse/img_00000099.jpg,top
img/Abstract_Paint_Splatter_Blouse/img_00000021.jpg,3,test,data/raw/deepfashion/img/Abstract_Paint_Splatter_Blouse/img_00000021.jpg,top
img/Floral_Lace_Maxi_Cardigan/img_00000038.jpg,6,test,data/raw/deepfashion/img/Floral_Lace_Maxi_Cardigan/img_00000038.jpg,top
img/Trimmed_Pocket_Tank/img_00000015.jpg,17,test,data/raw/deepfashion/img/Trimmed_Pocket_Tank/img_00000015.jpg,top
img/Serious_Graphic_Muscle_Tee/img_00000002.jpg,18,test,data/raw/deepfashion/img/Serious_Graphic_Muscle_Tee/img_00000002.jpg,top
img/Diamond_Print_Pocket_Tank/img_00000027.jpg,17,test,data/raw/deepfashion/img/Diamond_Print_Pocket_Tank/img_00000027.jpg,top
img/Textured_Shawl_Collar_Cardigan/img_00000008.jpg,6,test,data/raw/deepfashion/img/Textured_Shawl_Collar_Cardigan/img_00000008.jpg,top
img/Boat_Neck_Top/img_00000033.jpg,19,test,data/raw/deepfashion/img/Boat_Neck_Top/img_00000033.jpg,top
img/Bonjour_Au_Revoir_Tee/img_00000016.jpg,18,test,data/raw/deepfashion/img/Bonjour_Au_Revoir_Tee/img_00000016.jpg,top
img/Woven_Open-Back_Blouse/img_00000067.jpg,3,test,data/raw/deepfashion/img/Woven_Open-Back_Blouse/img_00000067.jpg,top
img/Lace_Open-Knit_Cardigan/img_00000037.jpg,6,test,data/raw/deepfashion/img/Lace_Open-Knit_Cardigan/img_00000037.jpg,top
img/Ornate_Print_Peasant_Tank/img_00000003.jpg,17,test,data/raw/deepfashion/img/Ornate_Print_Peasant_Tank/img_00000003.jpg,top
img/Beaded_Laser-Cut_Blouse/img_00000056.jpg,3,test,data/raw/deepfashion/img/Beaded_Laser-Cut_Blouse/img_00000056.jpg,top
img/Fuzzy_Hooded_Toggle_Cardigan/img_00000013.jpg,6,test,data/raw/deepfashion/img/Fuzzy_Hooded_Toggle_Cardigan/img_00000013.jpg,top
img/Boxy_Giraffe_Print_Tank/img_00000021.jpg,17,test,data/raw/deepfashion/img/Boxy_Giraffe_Print_Tank/img_00000021.jpg,top
img/Bell_Sleeve_Georgette_Blouse/img_00000059.jpg,3,test,data/raw/deepfashion/img/Bell_Sleeve_Georgette_Blouse/img_00000059.jpg,top
img/Tartan_Plaid_Blouse/img_00000043.jpg,3,test,data/raw/deepfashion/img/Tartan_Plaid_Blouse/img_00000043.jpg,top
img/Malibu_Beach_Muscle_Tee/img_00000036.jpg,18,test,data/raw/deepfashion/img/Malibu_Beach_Muscle_Tee/img_00000036.jpg,top
img/Dotted_Lace-Paneled_Blouse/img_00000002.jpg,3,test,data/raw/deepfashion/img/Dotted_Lace-Paneled_Blouse/img_00000002.jpg,top
img/Embroidered_Chiffon_Blouse/img_00000101.jpg,3,test,data/raw/deepfashion/img/Embroidered_Chiffon_Blouse/img_00000101.jpg,top
img/Drop-Sleeve_Heathered_Tee/img_00000004.jpg,18,test,data/raw/deepfashion/img/Drop-Sleeve_Heathered_Tee/img_00000004.jpg,top
img/Stripe-Pocket_Tank/img_00000073.jpg,17,test,data/raw/deepfashion/img/Stripe-Pocket_Tank/img_00000073.jpg,top
img/Asymmetric_Zipper_Cardigan/img_00000040.jpg,6,test,data/raw/deepfashion/img/Asymmetric_Zipper_Cardigan/img_00000040.jpg,top
img/Longline_Draped_Open-Front_Jacket/img_00000013.jpg,11,test,data/raw/deepfashion/img/Longline_Draped_Open-Front_Jacket/img_00000013.jpg,top
img/Easy_Going_Muscle_Tee/img_00000019.jpg,18,test,data/raw/deepfashion/img/Easy_Going_Muscle_Tee/img_00000019.jpg,top
img/Chambray-Sleeved_Tee/img_00000067.jpg,18,test,data/raw/deepfashion/img/Chambray-Sleeved_Tee/img_00000067.jpg,top
img/Marled_Loose-Knit_Tee/img_00000022.jpg,18,test,data/raw/deepfashion/img/Marled_Loose-Knit_Tee/img_00000022.jpg,top
img/Suede_Fringe_Jacket/img_00000047.jpg,11,test,data/raw/deepfashion/img/Suede_Fringe_Jacket/img_00000047.jpg,top
img/Heathered_Baseball_Stripe_Tee/img_00000029.jpg,18,test,data/raw/deepfashion/img/Heathered_Baseball_Stripe_Tee/img_00000029.jpg,top
img/Colorblocked_Raglan_Baseball_Tee/img_00000045.jpg,18,test,data/raw/deepfashion/img/Colorblocked_Raglan_Baseball_Tee/img_00000045.jpg,top
img/Cuffed-Sleeve_Pocket_Tee/img_00000010.jpg,18,test,data/raw/deepfashion/img/Cuffed-Sleeve_Pocket_Tee/img_00000010.jpg,top
img/Distressed_Crew_Neck_Tee/img_00000062.jpg,18,test,data/raw/deepfashion/img/Distressed_Crew_Neck_Tee/img_00000062.jpg,top
img/High-Neck_Blouse/img_00000021.jpg,3,test,data/raw/deepfashion/img/High-Neck_Blouse/img_00000021.jpg,top
img/Linen_Crew_Neck_Tee/img_00000045.jpg,18,test,data/raw/deepfashion/img/Linen_Crew_Neck_Tee/img_00000045.jpg,top
img/Vegan_Leather-Sleeved_Bomber_Jacket/img_00000057.jpg,11,test,data/raw/deepfashion/img/Vegan_Leather-Sleeved_Bomber_Jacket/img_00000057.jpg,top
img/Chiffon_Curved_Hem_Blouse/img_00000116.jpg,3,test,data/raw/deepfashion/img/Chiffon_Curved_Hem_Blouse/img_00000116.jpg,top
img/Give_Up_Shopping_Muscle_Tee/img_00000015.jpg,18,test,data/raw/deepfashion/img/Give_Up_Shopping_Muscle_Tee/img_00000015.jpg,top
img/Kiss_Me_Raglan_Tee/img_00000019.jpg,18,test,data/raw/deepfashion/img/Kiss_Me_Raglan_Tee/img_00000019.jpg,top
img/Big_City_Tee/img_00000020.jpg,18,test,data/raw/deepfashion/img/Big_City_Tee/img_00000020.jpg,top
img/Abstract_Paisley_Button-Down_Top/img_00000033.jpg,19,test,data/raw/deepfashion/img/Abstract_Paisley_Button-Down_Top/img_00000033.jpg,top
img/Stripe_Slub_Knit_Tee/img_00000022.jpg,18,test,data/raw/deepfashion/img/Stripe_Slub_Knit_Tee/img_00000022.jpg,top
img/Crisp_Woven_Suit_Jacket/img_00000013.jpg,11,test,data/raw/deepfashion/img/Crisp_Woven_Suit_Jacket/img_00000013.jpg,top
img/Boxy_Texture-Striped_Tee/img_00000029.jpg,18,test,data/raw/deepfashion/img/Boxy_Texture-Striped_Tee/img_00000029.jpg,top
img/Floral_Lace-Paneled_Cardigan/img_00000025.jpg,6,test,data/raw/deepfashion/img/Floral_Lace-Paneled_Cardigan/img_00000025.jpg,top
img/Burnout_Cutout-Back_Tank/img_00000010.jpg,17,test,data/raw/deepfashion/img/Burnout_Cutout-Back_Tank/img_00000010.jpg,top
img/Classic_Crocheted_Lace_Blouse/img_00000046.jpg,3,test,data/raw/deepfashion/img/Classic_Crocheted_Lace_Blouse/img_00000046.jpg,top
img/Transformers_Muscle_Tee/img_00000003.jpg,18,test,data/raw/deepfashion/img/Transformers_Muscle_Tee/img_00000003.jpg,top
img/Crinkled_Stretch_Knit_Blouse/img_00000090.jpg,3,test,data/raw/deepfashion/img/Crinkled_Stretch_Knit_Blouse/img_00000090.jpg,top
img/Out_West_Knit_Tank/img_00000028.jpg,17,test,data/raw/deepfashion/img/Out_West_Knit_Tank/img_00000028.jpg,top
img/Boxy_Heathered_Crop_Top/img_00000011.jpg,19,test,data/raw/deepfashion/img/Boxy_Heathered_Crop_Top/img_00000011.jpg,top
img/Beaded-Trim_Mandala_Print_Blouse/img_00000017.jpg,3,test,data/raw/deepfashion/img/Beaded-Trim_Mandala_Print_Blouse/img_00000017.jpg,top
img/Whale_Print_Tee/img_00000008.jpg,18,test,data/raw/deepfashion/img/Whale_Print_Tee/img_00000008.jpg,top
img/Pretty_in_Grunge_Tee/img_00000055.jpg,18,test,data/raw/deepfashion/img/Pretty_in_Grunge_Tee/img_00000055.jpg,top
img/Collarless_Moto_Jacket/img_00000024.jpg,11,test,data/raw/deepfashion/img/Collarless_Moto_Jacket/img_00000024.jpg,top
img/Boxy_Mixed_Stripe_Blouse/img_00000094.jpg,3,test,data/raw/deepfashion/img/Boxy_Mixed_Stripe_Blouse/img_00000094.jpg,top
img/Micro-Striped_Suit_Jacket/img_00000003.jpg,11,test,data/raw/deepfashion/img/Micro-Striped_Suit_Jacket/img_00000003.jpg,top
img/Ornate_Print_Tank/img_00000006.jpg,17,test,data/raw/deepfashion/img/Ornate_Print_Tank/img_00000006.jpg,top
img/EPTM._Slub_Knit_Longline_Tee/img_00000015.jpg,18,test,data/raw/deepfashion/img/EPTM._Slub_Knit_Longline_Tee/img_00000015.jpg,top
img/Dotted_Ruffle_Blouse/img_00000027.jpg,3,test,data/raw/deepfashion/img/Dotted_Ruffle_Blouse/img_00000027.jpg,top
img/Striped_Tribal_Print_Blouse/img_00000058.jpg,3,test,data/raw/deepfashion/img/Striped_Tribal_Print_Blouse/img_00000058.jpg,top
img/Ribbed_Side_Zipper_Tank/img_00000031.jpg,17,test,data/raw/deepfashion/img/Ribbed_Side_Zipper_Tank/img_00000031.jpg,top
img/Checkered_Print_Chiffon_Blouse/img_00000050.jpg,3,test,data/raw/deepfashion/img/Checkered_Print_Chiffon_Blouse/img_00000050.jpg,top
img/Diamond_Patterned_Cardigan/img_00000004.jpg,6,test,data/raw/deepfashion/img/Diamond_Patterned_Cardigan/img_00000004.jpg,top
img/Classic_Striped_Tee/img_00000003.jpg,18,test,data/raw/deepfashion/img/Classic_Striped_Tee/img_00000003.jpg,top
img/Abstract_Striped_Muscle_Tee/img_00000021.jpg,18,test,data/raw/deepfashion/img/Abstract_Striped_Muscle_Tee/img_00000021.jpg,top
img/Petal-Sleeved_Blouse/img_00000123.jpg,3,test,data/raw/deepfashion/img/Petal-Sleeved_Blouse/img_00000123.jpg,top
img/Fringe_Muscle_Tee/img_00000006.jpg,18,test,data/raw/deepfashion/img/Fringe_Muscle_Tee/img_00000006.jpg,top
img/Classic_Crocheted_Lace_Blouse/img_00000032.jpg,3,test,data/raw/deepfashion/img/Classic_Crocheted_Lace_Blouse/img_00000032.jpg,top
img/Chiffon-Paneled_Linen_Tee/img_00000011.jpg,18,test,data/raw/deepfashion/img/Chiffon-Paneled_Linen_Tee/img_00000011.jpg,top
img/Mineral_Wash_Utility_Jacket/img_00000009.jpg,11,test,data/raw/deepfashion/img/Mineral_Wash_Utility_Jacket/img_00000009.jpg,top
img/Cropped_Faux_Fur_Jacket/img_00000053.jpg,11,test,data/raw/deepfashion/img/Cropped_Faux_Fur_Jacket/img_00000053.jpg,top
img/Classic_Baseball_Tee/img_00000038.jpg,18,test,data/raw/deepfashion/img/Classic_Baseball_Tee/img_00000038.jpg,top
img/Deep-V_Draped_Blouse/img_00000072.jpg,3,test,data/raw/deepfashion/img/Deep-V_Draped_Blouse/img_00000072.jpg,top
img/Epic_Weekend_Muscle_Tee/img_00000026.jpg,18,test,data/raw/deepfashion/img/Epic_Weekend_Muscle_Tee/img_00000026.jpg,top
img/Tasseled_Open-Knit_Cardigan/img_00000005.jpg,6,test,data/raw/deepfashion/img/Tasseled_Open-Knit_Cardigan/img_00000005.jpg,top
img/Cute_Guys_French_Fries_Tee/img_00000017.jpg,18,test,data/raw/deepfashion/img/Cute_Guys_French_Fries_Tee/img_00000017.jpg,top
img/Faux_Leather_Peplum_Jacket/img_00000007.jpg,11,test,data/raw/deepfashion/img/Faux_Leather_Peplum_Jacket/img_00000007.jpg,top
img/Lace-Paneled_Chiffon_Tank/img_00000012.jpg,17,test,data/raw/deepfashion/img/Lace-Paneled_Chiffon_Tank/img_00000012.jpg,top
img/Ombr&eacute;_Heart_Muscle_Tee/img_00000008.jpg,18,test,data/raw/deepfashion/img/Ombr&eacute;_Heart_Muscle_Tee/img_00000008.jpg,top
img/Marble_Print_Tee/img_00000031.jpg,18,test,data/raw/deepfashion/img/Marble_Print_Tee/img_00000031.jpg,top
img/Seamless_Zip-Up_Track_Jacket/img_00000027.jpg,11,test,data/raw/deepfashion/img/Seamless_Zip-Up_Track_Jacket/img_00000027.jpg,top
img/Seamless_Athletic_Tank/img_00000037.jpg,17,test,data/raw/deepfashion/img/Seamless_Athletic_Tank/img_00000037.jpg,top
img/Stripe_Fuzzy_Cardigan/img_00000020.jpg,6,test,data/raw/deepfashion/img/Stripe_Fuzzy_Cardigan/img_00000020.jpg,top
img/Two-Tone_Knit_Cardigan/img_00000010.jpg,6,test,data/raw/deepfashion/img/Two-Tone_Knit_Cardigan/img_00000010.jpg,top
img/Amour_Peplum_Top/img_00000052.jpg,19,test,data/raw/deepfashion/img/Amour_Peplum_Top/img_00000052.jpg,top
img/V-Neck_Burnout_Tee/img_00000016.jpg,18,test,data/raw/deepfashion/img/V-Neck_Burnout_Tee/img_00000016.jpg,top
img/Side-Knot_Muscle_Tee/img_00000053.jpg,18,test,data/raw/deepfashion/img/Side-Knot_Muscle_Tee/img_00000053.jpg,top
img/Hooded_Open-Front_Cardigan/img_00000013.jpg,6,test,data/raw/deepfashion/img/Hooded_Open-Front_Cardigan/img_00000013.jpg,top
img/The_Rolling_Stones_Graphic_Tee/img_00000032.jpg,18,test,data/raw/deepfashion/img/The_Rolling_Stones_Graphic_Tee/img_00000032.jpg,top
img/Striped_Linen_Ringer_Tee/img_00000022.jpg,18,test,data/raw/deepfashion/img/Striped_Linen_Ringer_Tee/img_00000022.jpg,top
img/Life_in_Progress_Denim_Jacket/img_00000042.jpg,11,test,data/raw/deepfashion/img/Life_in_Progress_Denim_Jacket/img_00000042.jpg,top
img/Be_the_Light_Top/img_00000027.jpg,19,test,data/raw/deepfashion/img/Be_the_Light_Top/img_00000027.jpg,top
img/Quilted_Bomber_Jacket/img_00000041.jpg,11,test,data/raw/deepfashion/img/Quilted_Bomber_Jacket/img_00000041.jpg,top
img/Diamond_Tapestry_Print_Tee/img_00000002.jpg,18,test,data/raw/deepfashion/img/Diamond_Tapestry_Print_Tee/img_00000002.jpg,top
img/Boxy_Crochet-Paneled_Blouse/img_00000030.jpg,3,test,data/raw/deepfashion/img/Boxy_Crochet-Paneled_Blouse/img_00000030.jpg,top
img/Sleeveless_Classic_Woven_Blouse/img_00000102.jpg,3,test,data/raw/deepfashion/img/Sleeveless_Classic_Woven_Blouse/img_00000102.jpg,top
img/Tie-Dye_Longline_Cardigan/img_00000058.jpg,6,test,data/raw/deepfashion/img/Tie-Dye_Longline_Cardigan/img_00000058.jpg,top
img/Cities_Graphic_Trapeze_Top/img_00000016.jpg,19,test,data/raw/deepfashion/img/Cities_Graphic_Trapeze_Top/img_00000016.jpg,top
img/California_Muscle_Tee/img_00000056.jpg,18,test,data/raw/deepfashion/img/California_Muscle_Tee/img_00000056.jpg,top
img/Metallic_Polka_Dot_Blouse/img_00000076.jpg,3,test,data/raw/deepfashion/img/Metallic_Polka_Dot_Blouse/img_00000076.jpg,top
img/Dotted_Chiffon_Blouse/img_00000095.jpg,3,test,data/raw/deepfashion/img/Dotted_Chiffon_Blouse/img_00000095.jpg,top
img/Basic_Crew_Neck_Tee/img_00000017.jpg,18,test,data/raw/deepfashion/img/Basic_Crew_Neck_Tee/img_00000017.jpg,top
img/Chiffon_Button-Front_Top/img_00000011.jpg,19,test,data/raw/deepfashion/img/Chiffon_Button-Front_Top/img_00000011.jpg,top
img/Textured_Bow-Front_Blouse/img_00000008.jpg,3,test,data/raw/deepfashion/img/Textured_Bow-Front_Blouse/img_00000008.jpg,top
img/Bow-Front_Pintucked_Blouse/img_00000071.jpg,3,test,data/raw/deepfashion/img/Bow-Front_Pintucked_Blouse/img_00000071.jpg,top
img/Heathered_Colorblock_Pocket_Tank/img_00000033.jpg,17,test,data/raw/deepfashion/img/Heathered_Colorblock_Pocket_Tank/img_00000033.jpg,top
img/Chiffon_V-Neck_Blouse/img_00000152.jpg,3,test,data/raw/deepfashion/img/Chiffon_V-Neck_Blouse/img_00000152.jpg,top
img/Windowpane_Floral_Crochet_Blouse/img_00000047.jpg,3,test,data/raw/deepfashion/img/Windowpane_Floral_Crochet_Blouse/img_00000047.jpg,top
img/Big_Apples_Tee/img_00000055.jpg,18,test,data/raw/deepfashion/img/Big_Apples_Tee/img_00000055.jpg,top
img/Nailed_It_Graphic_Tee/img_00000023.jpg,18,test,data/raw/deepfashion/img/Nailed_It_Graphic_Tee/img_00000023.jpg,top
img/Classic_Long_Sleeve_Top/img_00000056.jpg,19,test,data/raw/deepfashion/img/Classic_Long_Sleeve_Top/img_00000056.jpg,top
img/Tasseled_Neckline_Floral_Blouse/img_00000018.jpg,3,test,data/raw/deepfashion/img/Tasseled_Neckline_Floral_Blouse/img_00000018.jpg,top
img/Crochet_Mesh_Tank/img_00000009.jpg,17,test,data/raw/deepfashion/img/Crochet_Mesh_Tank/img_00000009.jpg,top
img/Slub_Knit_V-Neck_Tee/img_00000054.jpg,18,test,data/raw/deepfashion/img/Slub_Knit_V-Neck_Tee/img_00000054.jpg,top
img/Ribbed_Open-Front_Cardigan/img_00000012.jpg,6,test,data/raw/deepfashion/img/Ribbed_Open-Front_Cardigan/img_00000012.jpg,top
img/Southwestern_Print_Racerback_Tank/img_00000009.jpg,17,test,data/raw/deepfashion/img/Southwestern_Print_Racerback_Tank/img_00000009.jpg,top
img/Striped_Twist-Front_Blouse/img_00000084.jpg,3,test,data/raw/deepfashion/img/Striped_Twist-Front_Blouse/img_00000084.jpg,top
img/Palm_Tree_Varsity-Striped_Tank/img_00000008.jpg,17,test,data/raw/deepfashion/img/Palm_Tree_Varsity-Striped_Tank/img_00000008.jpg,top
img/Brushed_Knit_Fringe_Top/img_00000014.jpg,19,test,data/raw/deepfashion/img/Brushed_Knit_Fringe_Top/img_00000014.jpg,top
img/Boxy_Knit_Top/img_00000025.jpg,19,test,data/raw/deepfashion/img/Boxy_Knit_Top/img_00000025.jpg,top
img/Flutter_Sleeve_Blouse/img_00000033.jpg,3,test,data/raw/deepfashion/img/Flutter_Sleeve_Blouse/img_00000033.jpg,top
img/Dotted_Bow_Blouse/img_00000069.jpg,3,test,data/raw/deepfashion/img/Dotted_Bow_Blouse/img_00000069.jpg,top
img/Classic_Ribbed_Top/img_00000015.jpg,19,test,data/raw/deepfashion/img/Classic_Ribbed_Top/img_00000015.jpg,top
img/High-Collar_Faux_Fur_Jacket/img_00000004.jpg,11,test,data/raw/deepfashion/img/High-Collar_Faux_Fur_Jacket/img_00000004.jpg,top
img/On_the_Run_Muscle_Tee/img_00000006.jpg,18,test,data/raw/deepfashion/img/On_the_Run_Muscle_Tee/img_00000006.jpg,top
img/Architecture_Print_Tee/img_00000047.jpg,18,test,data/raw/deepfashion/img/Architecture_Print_Tee/img_00000047.jpg,top
img/Quilted_Faux_Leather_Jacket/img_00000024.jpg,11,test,data/raw/deepfashion/img/Quilted_Faux_Leather_Jacket/img_00000024.jpg,top
img/Los_Angeles_Pocket_Tee/img_00000053.jpg,18,test,data/raw/deepfashion/img/Los_Angeles_Pocket_Tee/img_00000053.jpg,top
img/For_You_Graphic_Tee/img_00000026.jpg,18,test,data/raw/deepfashion/img/For_You_Graphic_Tee/img_00000026.jpg,top
img/New_Clothes_Tee/img_00000048.jpg,18,test,data/raw/deepfashion/img/New_Clothes_Tee/img_00000048.jpg,top
img/Braided_Halter_Top/img_00000027.jpg,19,test,data/raw/deepfashion/img/Braided_Halter_Top/img_00000027.jpg,top
img/Boxy_Pocket_Tee/img_00000033.jpg,18,test,data/raw/deepfashion/img/Boxy_Pocket_Tee/img_00000033.jpg,top
img/Life_Coordinates_Tee/img_00000016.jpg,18,test,data/raw/deepfashion/img/Life_Coordinates_Tee/img_00000016.jpg,top
img/Abstract_Plaid_Printed_Tee/img_00000036.jpg,18,test,data/raw/deepfashion/img/Abstract_Plaid_Printed_Tee/img_00000036.jpg,top
img/Striped_Linen_Ringer_Tee/img_00000019.jpg,18,test,data/raw/deepfashion/img/Striped_Linen_Ringer_Tee/img_00000019.jpg,top
img/Boxy_Pocket_Top/img_00000013.jpg,19,test,data/raw/deepfashion/img/Boxy_Pocket_Top/img_00000013.jpg,top
img/Los_Angeles_Graphic_Muscle_Tee/img_00000015.jpg,18,test,data/raw/deepfashion/img/Los_Angeles_Graphic_Muscle_Tee/img_00000015.jpg,top
img/Audrey_Hepburn_Tank_Top/img_00000030.jpg,19,test,data/raw/deepfashion/img/Audrey_Hepburn_Tank_Top/img_00000030.jpg,top
img/Ribbed_Asymmetrical_Zipper_Cardigan/img_00000014.jpg,6,test,data/raw/deepfashion/img/Ribbed_Asymmetrical_Zipper_Cardigan/img_00000014.jpg,top
img/Abstract_Floral_Print_Top/img_00000032.jpg,19,test,data/raw/deepfashion/img/Abstract_Floral_Print_Top/img_00000032.jpg,top
img/Notorious_B.I.G._Graphic_Tee/img_00000011.jpg,18,test,data/raw/deepfashion/img/Notorious_B.I.G._Graphic_Tee/img_00000011.jpg,top
img/Mesh_Paneled_Sequined_Varsity_Tee/img_00000013.jpg,18,test,data/raw/deepfashion/img/Mesh_Paneled_Sequined_Varsity_Tee/img_00000013.jpg,top
img/Ribbed_Knit_Cardigan/img_00000057.jpg,6,test,data/raw/deepfashion/img/Ribbed_Knit_Cardigan/img_00000057.jpg,top
img/Venice_Cityscape_Muscle_Tee/img_00000009.jpg,18,test,data/raw/deepfashion/img/Venice_Cityscape_Muscle_Tee/img_00000009.jpg,top
img/Tulip_Sleeve_Satin_Blouse/img_00000003.jpg,3,test,data/raw/deepfashion/img/Tulip_Sleeve_Satin_Blouse/img_00000003.jpg,top
img/Blah_Blah_Blah_Tee/img_00000002.jpg,18,test,data/raw/deepfashion/img/Blah_Blah_Blah_Tee/img_00000002.jpg,top
img/Asymmetrical_Twist-Front_Top/img_00000056.jpg,19,test,data/raw/deepfashion/img/Asymmetrical_Twist-Front_Top/img_00000056.jpg,top
img/Cuffed-Sleeve_Heathered_Tee/img_00000026.jpg,18,test,data/raw/deepfashion/img/Cuffed-Sleeve_Heathered_Tee/img_00000026.jpg,top
img/Get_Over_Graphic_Tee/img_00000027.jpg,18,test,data/raw/deepfashion/img/Get_Over_Graphic_Tee/img_00000027.jpg,top
img/Contrast-Trim_Pocket_Tee/img_00000011.jpg,18,test,data/raw/deepfashion/img/Contrast-Trim_Pocket_Tee/img_00000011.jpg,top
img/Varsity-Striped_Dolphin_Tee/img_00000003.jpg,18,test,data/raw/deepfashion/img/Varsity-Striped_Dolphin_Tee/img_00000003.jpg,top
img/Striped_Open-Front_Cardigan/img_00000018.jpg,6,test,data/raw/deepfashion/img/Striped_Open-Front_Cardigan/img_00000018.jpg,top
img/Basic_Athletic_Racerback_Tank/img_00000005.jpg,17,test,data/raw/deepfashion/img/Basic_Athletic_Racerback_Tank/img_00000005.jpg,top
img/Buttoned_Pocket_Blouse/img_00000061.jpg,3,test,data/raw/deepfashion/img/Buttoned_Pocket_Blouse/img_00000061.jpg,top
img/Faded_Tank/img_00000016.jpg,17,test,data/raw/deepfashion/img/Faded_Tank/img_00000016.jpg,top
img/Ribbed_Racer_Tank/img_00000006.jpg,17,test,data/raw/deepfashion/img/Ribbed_Racer_Tank/img_00000006.jpg,top
img/Floral_Print_Tie-Front_Blouse/img_00000013.jpg,3,test,data/raw/deepfashion/img/Floral_Print_Tie-Front_Blouse/img_00000013.jpg,top
img/Reason_Woke_Up_Like_This_Tee/img_00000008.jpg,18,test,data/raw/deepfashion/img/Reason_Woke_Up_Like_This_Tee/img_00000008.jpg,top
img/Heathered_Knit_Cardigan/img_00000010.jpg,6,test,data/raw/deepfashion/img/Heathered_Knit_Cardigan/img_00000010.jpg,top
img/V-Neck_Pocket_Tee/img_00000068.jpg,18,test,data/raw/deepfashion/img/V-Neck_Pocket_Tee/img_00000068.jpg,top
img/Faded_Tank/img_00000052.jpg,17,test,data/raw/deepfashion/img/Faded_Tank/img_00000052.jpg,top
img/Leopard_Print-Pocket_Tank/img_00000021.jpg,17,test,data/raw/deepfashion/img/Leopard_Print-Pocket_Tank/img_00000021.jpg,top
img/Striped_Cutout-Back_Tank/img_00000004.jpg,17,test,data/raw/deepfashion/img/Striped_Cutout-Back_Tank/img_00000004.jpg,top
img/Crochet-Paneled_Collared_Blouse/img_00000024.jpg,3,test,data/raw/deepfashion/img/Crochet-Paneled_Collared_Blouse/img_00000024.jpg,top
img/Embroidered_Floral_Pattern_Blouse/img_00000012.jpg,3,test,data/raw/deepfashion/img/Embroidered_Floral_Pattern_Blouse/img_00000012.jpg,top
img/Baroque_Floral_Surplice_Top/img_00000023.jpg,19,test,data/raw/deepfashion/img/Baroque_Floral_Surplice_Top/img_00000023.jpg,top
img/Classic_Striped_Top/img_00000056.jpg,19,test,data/raw/deepfashion/img/Classic_Striped_Top/img_00000056.jpg,top
img/Braided_Halter_Top/img_00000018.jpg,19,test,data/raw/deepfashion/img/Braided_Halter_Top/img_00000018.jpg,top
img/Simba_Muscle_Tee/img_00000034.jpg,18,test,data/raw/deepfashion/img/Simba_Muscle_Tee/img_00000034.jpg,top
img/Slub_Knit_V-Neck_Tee/img_00000049.jpg,18,test,data/raw/deepfashion/img/Slub_Knit_V-Neck_Tee/img_00000049.jpg,top
img/Checked_Dolman_Jacket/img_00000024.jpg,11,test,data/raw/deepfashion/img/Checked_Dolman_Jacket/img_00000024.jpg,top
img/Self-Tie_Neck_Blouse/img_00000013.jpg,3,test,data/raw/deepfashion/img/Self-Tie_Neck_Blouse/img_00000013.jpg,top
img/Floral_Print_Racerback_Tank/img_00000005.jpg,17,test,data/raw/deepfashion/img/Floral_Print_Racerback_Tank/img_00000005.jpg,top
img/Rose_Print_Skater_Skirt/img_00000046.jpg,33,train,data/raw/deepfashion/img/Rose_Print_Skater_Skirt/img_00000046.jpg,dress
img/Zippered_Denim_Shorts/img_00000040.jpg,32,train,data/raw/deepfashion/img/Zippered_Denim_Shorts/img_00000040.jpg,dress
img/Control_Sector_Drawstring_Harem_Joggers/img_00000026.jpg,29,train,data/raw/deepfashion/img/Control_Sector_Drawstring_Harem_Joggers/img_00000026.jpg,dress
img/Striped_A-Line_Skirt/img_00000057.jpg,33,train,data/raw/deepfashion/img/Striped_A-Line_Skirt/img_00000057.jpg,dress
img/Smocked_Drawstring_Woven_Shorts/img_00000001.jpg,32,train,data/raw/deepfashion/img/Smocked_Drawstring_Woven_Shorts/img_00000001.jpg,dress
img/Kangaroo_Pocket_Drawstring_Shorts/img_00000033.jpg,32,train,data/raw/deepfashion/img/Kangaroo_Pocket_Drawstring_Shorts/img_00000033.jpg,dress
img/Longline_Sleeveless_Sweater/img_00000032.jpg,16,train,data/raw/deepfashion/img/Longline_Sleeveless_Sweater/img_00000032.jpg,dress
img/Checkered_Leggings/img_00000083.jpg,30,train,data/raw/deepfashion/img/Checkered_Leggings/img_00000083.jpg,dress
img/Ruffled_Floral_Print_Shorts/img_00000032.jpg,32,train,data/raw/deepfashion/img/Ruffled_Floral_Print_Shorts/img_00000032.jpg,dress
img/Solid_Raglan_Sweater/img_00000050.jpg,16,train,data/raw/deepfashion/img/Solid_Raglan_Sweater/img_00000050.jpg,dress
img/Palm_Camo_Chino_Joggers/img_00000022.jpg,29,train,data/raw/deepfashion/img/Palm_Camo_Chino_Joggers/img_00000022.jpg,dress
img/Zippered_Faux_Leather_Shorts/img_00000059.jpg,32,train,data/raw/deepfashion/img/Zippered_Faux_Leather_Shorts/img_00000059.jpg,dress
img/Tile_Print_Drawstring_Caftan/img_00000033.jpg,37,train,data/raw/deepfashion/img/Tile_Print_Drawstring_Caftan/img_00000033.jpg,dress
img/Tribal_Print_Knit_Leggings/img_00000020.jpg,30,train,data/raw/deepfashion/img/Tribal_Print_Knit_Leggings/img_00000020.jpg,dress
img/Crochet-Hem_Shorts/img_00000032.jpg,32,train,data/raw/deepfashion/img/Crochet-Hem_Shorts/img_00000032.jpg,dress
img/Fold-Over_Capri_Leggings/img_00000048.jpg,30,train,data/raw/deepfashion/img/Fold-Over_Capri_Leggings/img_00000048.jpg,dress
img/Semi-Sheer_Striped_Sweater/img_00000045.jpg,16,train,data/raw/deepfashion/img/Semi-Sheer_Striped_Sweater/img_00000045.jpg,dress
img/Cowl_Neck_Tunic_Sweater/img_00000001.jpg,16,train,data/raw/deepfashion/img/Cowl_Neck_Tunic_Sweater/img_00000001.jpg,dress
img/Classic_Toggle_Coat/img_00000051.jpg,39,train,data/raw/deepfashion/img/Classic_Toggle_Coat/img_00000051.jpg,dress
img/Faux_Leather_Midi_Pencil_Skirt/img_00000055.jpg,33,train,data/raw/deepfashion/img/Faux_Leather_Midi_Pencil_Skirt/img_00000055.jpg,dress
img/Heathered_Snoopy_Sweatpants/img_00000017.jpg,34,train,data/raw/deepfashion/img/Heathered_Snoopy_Sweatpants/img_00000017.jpg,dress
img/Abstract_Windowpane-Patterned_Skirt/img_00000020.jpg,33,train,data/raw/deepfashion/img/Abstract_Windowpane-Patterned_Skirt/img_00000020.jpg,dress
img/Funnel-Pocket_Drawstring_Sweatpants/img_00000026.jpg,34,train,data/raw/deepfashion/img/Funnel-Pocket_Drawstring_Sweatpants/img_00000026.jpg,dress
img/Pleated_Floral_Chiffon_Skirt/img_00000081.jpg,33,train,data/raw/deepfashion/img/Pleated_Floral_Chiffon_Skirt/img_00000081.jpg,dress
img/Belted_Wrap_Coat/img_00000036.jpg,39,train,data/raw/deepfashion/img/Belted_Wrap_Coat/img_00000036.jpg,dress
img/Baroque_Print_Shorts/img_00000032.jpg,32,train,data/raw/deepfashion/img/Baroque_Print_Shorts/img_00000032.jpg,dress
img/Colored_Denim_Shorts/img_00000079.jpg,32,train,data/raw/deepfashion/img/Colored_Denim_Shorts/img_00000079.jpg,dress
img/Ombre_Denim_Shorts/img_00000047.jpg,32,train,data/raw/deepfashion/img/Ombre_Denim_Shorts/img_00000047.jpg,dress
img/Crochet-Trimmed_Dolphin_Shorts/img_00000023.jpg,32,train,data/raw/deepfashion/img/Crochet-Trimmed_Dolphin_Shorts/img_00000023.jpg,dress
img/Cropped_Open-Knit_Sweater/img_00000049.jpg,16,train,data/raw/deepfashion/img/Cropped_Open-Knit_Sweater/img_00000049.jpg,dress
img/Layered_Lace_Crew_Neck_Sweater/img_00000028.jpg,16,train,data/raw/deepfashion/img/Layered_Lace_Crew_Neck_Sweater/img_00000028.jpg,dress
img/Buttoned_Denim_Skirt/img_00000035.jpg,33,train,data/raw/deepfashion/img/Buttoned_Denim_Skirt/img_00000035.jpg,dress
img/Cutout_Workout_Leggings/img_00000014.jpg,30,train,data/raw/deepfashion/img/Cutout_Workout_Leggings/img_00000014.jpg,dress
img/Colorblock_Performance_Shorts/img_00000035.jpg,32,train,data/raw/deepfashion/img/Colorblock_Performance_Shorts/img_00000035.jpg,dress
img/Mineral_Wash_Drawstring_Shorts/img_00000021.jpg,32,train,data/raw/deepfashion/img/Mineral_Wash_Drawstring_Shorts/img_00000021.jpg,dress
img/Heathered_Running_Seam_Capri_Leggings/img_00000026.jpg,30,train,data/raw/deepfashion/img/Heathered_Running_Seam_Capri_Leggings/img_00000026.jpg,dress
img/Cuffed_High-Waisted_Denim_Shorts/img_00000017.jpg,32,train,data/raw/deepfashion/img/Cuffed_High-Waisted_Denim_Shorts/img_00000017.jpg,dress
img/Floral_Print_Skater_Skirt/img_00000030.jpg,33,train,data/raw/deepfashion/img/Floral_Print_Skater_Skirt/img_00000030.jpg,dress
img/Beaded_Tuxedo_Stripe_Skirt/img_00000030.jpg,33,train,data/raw/deepfashion/img/Beaded_Tuxedo_Stripe_Skirt/img_00000030.jpg,dress
img/Giraffe_Print_Shorts/img_00000024.jpg,32,train,data/raw/deepfashion/img/Giraffe_Print_Shorts/img_00000024.jpg,dress
img/Mesh_Patch-Pocket_Sweatpants/img_00000037.jpg,34,train,data/raw/deepfashion/img/Mesh_Patch-Pocket_Sweatpants/img_00000037.jpg,dress
img/American_Flag_Sweater/img_00000007.jpg,16,train,data/raw/deepfashion/img/American_Flag_Sweater/img_00000007.jpg,dress
img/Belted_Wrap_Coat/img_00000014.jpg,39,train,data/raw/deepfashion/img/Belted_Wrap_Coat/img_00000014.jpg,dress
img/Woven_Trench_Coat/img_00000064.jpg,39,train,data/raw/deepfashion/img/Woven_Trench_Coat/img_00000064.jpg,dress
img/Tie-Dye_Woven_Shorts/img_00000035.jpg,32,train,data/raw/deepfashion/img/Tie-Dye_Woven_Shorts/img_00000035.jpg,dress
img/Patterned_Knit_Sweater/img_00000047.jpg,16,train,data/raw/deepfashion/img/Patterned_Knit_Sweater/img_00000047.jpg,dress
img/Zip_Pocket_Sweatpants/img_00000008.jpg,34,train,data/raw/deepfashion/img/Zip_Pocket_Sweatpants/img_00000008.jpg,dress
img/Cuffed_Chino_Shorts/img_00000014.jpg,32,train,data/raw/deepfashion/img/Cuffed_Chino_Shorts/img_00000014.jpg,dress
img/Abstract_Print_Shorts/img_00000017.jpg,32,train,data/raw/deepfashion/img/Abstract_Print_Shorts/img_00000017.jpg,dress
img/Oversized_High-Neck_Sweater/img_00000044.jpg,16,train,data/raw/deepfashion/img/Oversized_High-Neck_Sweater/img_00000044.jpg,dress
img/Two-Tone_Denim_Shorts/img_00000012.jpg,32,train,data/raw/deepfashion/img/Two-Tone_Denim_Shorts/img_00000012.jpg,dress
img/Mesh-Paneled_Colorblock_Capri_Leggings/img_00000018.jpg,30,train,data/raw/deepfashion/img/Mesh-Paneled_Colorblock_Capri_Leggings/img_00000018.jpg,dress
img/Ribbed_Knit_Sweater/img_00000006.jpg,16,train,data/raw/deepfashion/img/Ribbed_Knit_Sweater/img_00000006.jpg,dress
img/Textured_Open-Knit_Sweater/img_00000049.jpg,16,train,data/raw/deepfashion/img/Textured_Open-Knit_Sweater/img_00000049.jpg,dress
img/Neon_Dreams_Bandage_Skirt/img_00000023.jpg,33,train,data/raw/deepfashion/img/Neon_Dreams_Bandage_Skirt/img_00000023.jpg,dress
img/Striped_A-Line_Skirt/img_00000037.jpg,33,train,data/raw/deepfashion/img/Striped_A-Line_Skirt/img_00000037.jpg,dress
img/Southwestern_Pattern_Drawstring_Shorts/img_00000009.jpg,32,train,data/raw/deepfashion/img/Southwestern_Pattern_Drawstring_Shorts/img_00000009.jpg,dress
img/Cable-Knit_Pencil_Skirt/img_00000052.jpg,33,train,data/raw/deepfashion/img/Cable-Knit_Pencil_Skirt/img_00000052.jpg,dress
img/Woven_Running_Shorts/img_00000022.jpg,32,train,data/raw/deepfashion/img/Woven_Running_Shorts/img_00000022.jpg,dress
img/Brooklyn_Nets_Athletic_Shorts/img_00000004.jpg,32,train,data/raw/deepfashion/img/Brooklyn_Nets_Athletic_Shorts/img_00000004.jpg,dress
img/High-Waist_Denim_Shorts/img_00000013.jpg,32,train,data/raw/deepfashion/img/High-Waist_Denim_Shorts/img_00000013.jpg,dress
img/High-Waisted_Lounge_Leggings/img_00000043.jpg,30,train,data/raw/deepfashion/img/High-Waisted_Lounge_Leggings/img_00000043.jpg,dress
img/Colorblocked_Yoga_Capri_Leggings/img_00000013.jpg,30,train,data/raw/deepfashion/img/Colorblocked_Yoga_Capri_Leggings/img_00000013.jpg,dress
img/Stripe_Pencil_Skirt/img_00000004.jpg,33,train,data/raw/deepfashion/img/Stripe_Pencil_Skirt/img_00000004.jpg,dress
img/Polka_Dot_Denim_Shorts/img_00000002.jpg,32,train,data/raw/deepfashion/img/Polka_Dot_Denim_Shorts/img_00000002.jpg,dress
img/Textured_Stripe_Knit_Skirt/img_00000018.jpg,33,train,data/raw/deepfashion/img/Textured_Stripe_Knit_Skirt/img_00000018.jpg,dress
img/Mid-Rise_Denim_Shorts/img_00000007.jpg,32,train,data/raw/deepfashion/img/Mid-Rise_Denim_Shorts/img_00000007.jpg,dress
img/Inverted_Seam_Knit_Sweater/img_00000005.jpg,16,train,data/raw/deepfashion/img/Inverted_Seam_Knit_Sweater/img_00000005.jpg,dress
img/Classic_Knit_Leggings/img_00000020.jpg,30,train,data/raw/deepfashion/img/Classic_Knit_Leggings/img_00000020.jpg,dress
img/Metallic_Knit_Sweater/img_00000039.jpg,16,train,data/raw/deepfashion/img/Metallic_Knit_Sweater/img_00000039.jpg,dress
img/Lace_Patterned_Sweater/img_00000055.jpg,16,train,data/raw/deepfashion/img/Lace_Patterned_Sweater/img_00000055.jpg,dress
img/Colorblocked_Paris_Graphic_Sweatpants/img_00000002.jpg,34,train,data/raw/deepfashion/img/Colorblocked_Paris_Graphic_Sweatpants/img_00000002.jpg,dress
img/Waffle_Knit_Turtleneck_Sweater/img_00000062.jpg,16,train,data/raw/deepfashion/img/Waffle_Knit_Turtleneck_Sweater/img_00000062.jpg,dress
img/Pleated_A-Line_Mini_Skirt/img_00000004.jpg,33,train,data/raw/deepfashion/img/Pleated_A-Line_Mini_Skirt/img_00000004.jpg,dress
img/Belted_Stripe_Print_Shorts/img_00000021.jpg,32,train,data/raw/deepfashion/img/Belted_Stripe_Print_Shorts/img_00000021.jpg,dress
img/Windowpane_Print_Skater_Skirt/img_00000020.jpg,33,train,data/raw/deepfashion/img/Windowpane_Print_Skater_Skirt/img_00000020.jpg,dress
img/Denim_A-Line_Skirt/img_00000041.jpg,33,train,data/raw/deepfashion/img/Denim_A-Line_Skirt/img_00000041.jpg,dress
img/Classic_Cable_Knit_Sweater/img_00000061.jpg,16,train,data/raw/deepfashion/img/Classic_Cable_Knit_Sweater/img_00000061.jpg,dress
img/Striped_Swim_Trunks/img_00000083.jpg,36,train,data/raw/deepfashion/img/Striped_Swim_Trunks/img_00000083.jpg,dress
img/Faux_Fur_Collar_Coat/img_00000051.jpg,39,train,data/raw/deepfashion/img/Faux_Fur_Collar_Coat/img_00000051.jpg,dress
img/Button-Front_Pocket_Skirt/img_00000027.jpg,33,train,data/raw/deepfashion/img/Button-Front_Pocket_Skirt/img_00000027.jpg,dress
img/Velvet_Floral_Sweatpants/img_00000005.jpg,34,train,data/raw/deepfashion/img/Velvet_Floral_Sweatpants/img_00000005.jpg,dress
img/Western-Inspired_Denim_Shorts/img_00000035.jpg,32,train,data/raw/deepfashion/img/Western-Inspired_Denim_Shorts/img_00000035.jpg,dress
img/Ornate_Print_Sweatshorts/img_00000001.jpg,35,train,data/raw/deepfashion/img/Ornate_Print_Sweatshorts/img_00000001.jpg,dress
img/Floral_Scuba_Knit_Skirt/img_00000013.jpg,33,train,data/raw/deepfashion/img/Floral_Scuba_Knit_Skirt/img_00000013.jpg,dress
img/Marled_Open-Front_Coat/img_00000008.jpg,39,train,data/raw/deepfashion/img/Marled_Open-Front_Coat/img_00000008.jpg,dress
img/Athletic_Marled_Knit_Joggers/img_00000005.jpg,29,train,data/raw/deepfashion/img/Athletic_Marled_Knit_Joggers/img_00000005.jpg,dress
img/Colorblocked_Raglan_Sweater/img_00000038.jpg,16,train,data/raw/deepfashion/img/Colorblocked_Raglan_Sweater/img_00000038.jpg,dress
img/Marled_Knit_Pencil_Skirt/img_00000038.jpg,33,train,data/raw/deepfashion/img/Marled_Knit_Pencil_Skirt/img_00000038.jpg,dress
img/Two-Tone_Sweatshorts/img_00000032.jpg,35,train,data/raw/deepfashion/img/Two-Tone_Sweatshorts/img_00000032.jpg,dress
img/Striped_Eyelash-Knit_Sweater/img_00000027.jpg,16,train,data/raw/deepfashion/img/Striped_Eyelash-Knit_Sweater/img_00000027.jpg,dress
img/Clean_Wash_High-Waisted_Shorts/img_00000018.jpg,32,train,data/raw/deepfashion/img/Clean_Wash_High-Waisted_Shorts/img_00000018.jpg,dress
img/Two-Tone_Sweatshorts/img_00000025.jpg,35,train,data/raw/deepfashion/img/Two-Tone_Sweatshorts/img_00000025.jpg,dress
img/Rope-Drawstring_Swim_Trunks/img_00000020.jpg,36,train,data/raw/deepfashion/img/Rope-Drawstring_Swim_Trunks/img_00000020.jpg,dress
img/Open_Knit_Raglan_Sweater/img_00000015.jpg,16,train,data/raw/deepfashion/img/Open_Knit_Raglan_Sweater/img_00000015.jpg,dress
img/Daisy-Embroidered_Denim_Shorts/img_00000034.jpg,32,train,data/raw/deepfashion/img/Daisy-Embroidered_Denim_Shorts/img_00000034.jpg,dress
img/Cuffed_Colorblock_Sweatpants/img_00000008.jpg,34,train,data/raw/deepfashion/img/Cuffed_Colorblock_Sweatpants/img_00000008.jpg,dress
img/Belted_Tropical_Shorts/img_00000011.jpg,32,train,data/raw/deepfashion/img/Belted_Tropical_Shorts/img_00000011.jpg,dress
img/Internet_Graphic_Sweater/img_00000047.jpg,16,train,data/raw/deepfashion/img/Internet_Graphic_Sweater/img_00000047.jpg,dress
img/Colorblock_Performance_Leggings/img_00000047.jpg,30,train,data/raw/deepfashion/img/Colorblock_Performance_Leggings/img_00000047.jpg,dress
img/Zipper-Front_Shorts/img_00000027.jpg,32,train,data/raw/deepfashion/img/Zipper-Front_Shorts/img_00000027.jpg,dress
img/Ombre_Denim_Shorts/img_00000068.jpg,32,train,data/raw/deepfashion/img/Ombre_Denim_Shorts/img_00000068.jpg,dress
img/Tie-Dye_Woven_Shorts/img_00000004.jpg,32,train,data/raw/deepfashion/img/Tie-Dye_Woven_Shorts/img_00000004.jpg,dress
img/EPTM._Quilted_Shorts/img_00000022.jpg,32,train,data/raw/deepfashion/img/EPTM._Quilted_Shorts/img_00000022.jpg,dress
img/Knit_Bandage_Skirt/img_00000001.jpg,33,train,data/raw/deepfashion/img/Knit_Bandage_Skirt/img_00000001.jpg,dress
img/Buttoned_Knee-Length_Skirt/img_00000042.jpg,33,train,data/raw/deepfashion/img/Buttoned_Knee-Length_Skirt/img_00000042.jpg,dress
img/Lace-Paneled_PJ_Shorts/img_00000002.jpg,32,train,data/raw/deepfashion/img/Lace-Paneled_PJ_Shorts/img_00000002.jpg,dress
img/Internet_Graphic_Sweater/img_00000049.jpg,16,train,data/raw/deepfashion/img/Internet_Graphic_Sweater/img_00000049.jpg,dress
img/Cozy_Cropped_Sweater/img_00000003.jpg,16,train,data/raw/deepfashion/img/Cozy_Cropped_Sweater/img_00000003.jpg,dress
img/Mixed_Paisley_Print_Maxi_Skirt/img_00000044.jpg,33,train,data/raw/deepfashion/img/Mixed_Paisley_Print_Maxi_Skirt/img_00000044.jpg,dress
img/Faux_Leather_Flared_Skirt/img_00000024.jpg,33,train,data/raw/deepfashion/img/Faux_Leather_Flared_Skirt/img_00000024.jpg,dress
img/Chunky_Knit_Sweater/img_00000036.jpg,16,train,data/raw/deepfashion/img/Chunky_Knit_Sweater/img_00000036.jpg,dress
img/Sky_Culture_Star_Print_Sweatpants/img_00000008.jpg,34,train,data/raw/deepfashion/img/Sky_Culture_Star_Print_Sweatpants/img_00000008.jpg,dress
img/Cowl_Neck_Tunic_Sweater/img_00000020.jpg,16,train,data/raw/deepfashion/img/Cowl_Neck_Tunic_Sweater/img_00000020.jpg,dress
img/Woven_Bermuda_Shorts/img_00000052.jpg,32,train,data/raw/deepfashion/img/Woven_Bermuda_Shorts/img_00000052.jpg,dress
img/Faux_Leather_Trimmed_Joggers/img_00000050.jpg,29,train,data/raw/deepfashion/img/Faux_Leather_Trimmed_Joggers/img_00000050.jpg,dress
img/Ombre_Denim_Shorts/img_00000008.jpg,32,train,data/raw/deepfashion/img/Ombre_Denim_Shorts/img_00000008.jpg,dress
img/Heathered_High-Waisted_Shorts/img_00000043.jpg,32,train,data/raw/deepfashion/img/Heathered_High-Waisted_Shorts/img_00000043.jpg,dress
img/Striped_Seersucker_Shorts/img_00000048.jpg,32,train,data/raw/deepfashion/img/Striped_Seersucker_Shorts/img_00000048.jpg,dress
img/Rugby_Stripe_Sweater/img_00000015.jpg,16,train,data/raw/deepfashion/img/Rugby_Stripe_Sweater/img_00000015.jpg,dress
img/Faux_Leather_Zippered_Skirt/img_00000021.jpg,33,train,data/raw/deepfashion/img/Faux_Leather_Zippered_Skirt/img_00000021.jpg,dress
img/Marled_Open-Front_Coat/img_00000013.jpg,39,train,data/raw/deepfashion/img/Marled_Open-Front_Coat/img_00000013.jpg,dress
img/Abstract_Geo_Knee-Length_Skirt/img_00000004.jpg,33,train,data/raw/deepfashion/img/Abstract_Geo_Knee-Length_Skirt/img_00000004.jpg,dress
img/Woven_Suit_Joggers/img_00000009.jpg,29,train,data/raw/deepfashion/img/Woven_Suit_Joggers/img_00000009.jpg,dress
img/Ruffle_Drawstring_Shorts/img_00000009.jpg,32,train,data/raw/deepfashion/img/Ruffle_Drawstring_Shorts/img_00000009.jpg,dress
img/Colorblock_Performance_Shorts/img_00000041.jpg,32,train,data/raw/deepfashion/img/Colorblock_Performance_Shorts/img_00000041.jpg,dress
img/Denim_Pencil_Skirt/img_00000062.jpg,33,train,data/raw/deepfashion/img/Denim_Pencil_Skirt/img_00000062.jpg,dress
img/Cozy_Chunky_Knit_Sweater/img_00000004.jpg,16,train,data/raw/deepfashion/img/Cozy_Chunky_Knit_Sweater/img_00000004.jpg,dress
img/Classic_Drawstring_Sweatpants/img_00000022.jpg,34,train,data/raw/deepfashion/img/Classic_Drawstring_Sweatpants/img_00000022.jpg,dress
img/Rose_Print_Leggings/img_00000021.jpg,30,train,data/raw/deepfashion/img/Rose_Print_Leggings/img_00000021.jpg,dress
img/Mixed_Print_Sweatpants/img_00000036.jpg,34,train,data/raw/deepfashion/img/Mixed_Print_Sweatpants/img_00000036.jpg,dress
img/Pleated_Midi_Skirt/img_00000019.jpg,33,train,data/raw/deepfashion/img/Pleated_Midi_Skirt/img_00000019.jpg,dress
img/Tribal-Inspired_Chino_Shorts/img_00000005.jpg,32,train,data/raw/deepfashion/img/Tribal-Inspired_Chino_Shorts/img_00000005.jpg,dress
img/Abstract-Printed_Capri_Leggings/img_00000020.jpg,30,train,data/raw/deepfashion/img/Abstract-Printed_Capri_Leggings/img_00000020.jpg,dress
img/Ruffled_Floral_Print_Shorts/img_00000042.jpg,32,train,data/raw/deepfashion/img/Ruffled_Floral_Print_Shorts/img_00000042.jpg,dress
img/Crocheted_Tie-Dye_Maxi_Skirt/img_00000016.jpg,33,train,data/raw/deepfashion/img/Crocheted_Tie-Dye_Maxi_Skirt/img_00000016.jpg,dress
img/Pleated_Floral_Print_Shorts/img_00000049.jpg,32,train,data/raw/deepfashion/img/Pleated_Floral_Print_Shorts/img_00000049.jpg,dress
img/Faux_Leather_Trim_Coat/img_00000011.jpg,39,train,data/raw/deepfashion/img/Faux_Leather_Trim_Coat/img_00000011.jpg,dress
img/Zippered_Faux_Leather_Mini_Skirt/img_00000022.jpg,33,train,data/raw/deepfashion/img/Zippered_Faux_Leather_Mini_Skirt/img_00000022.jpg,dress
img/Striped_Topstitched_Drop-Sleeve_Sweater/img_00000032.jpg,16,train,data/raw/deepfashion/img/Striped_Topstitched_Drop-Sleeve_Sweater/img_00000032.jpg,dress
img/Floral_Scuba_Knit_Skirt/img_00000046.jpg,33,train,data/raw/deepfashion/img/Floral_Scuba_Knit_Skirt/img_00000046.jpg,dress
img/Side-Cutout_Heathered_Shorts/img_00000003.jpg,32,train,data/raw/deepfashion/img/Side-Cutout_Heathered_Shorts/img_00000003.jpg,dress
img/Zippered_Faux_Leather_Mini_Skirt/img_00000052.jpg,33,train,data/raw/deepfashion/img/Zippered_Faux_Leather_Mini_Skirt/img_00000052.jpg,dress
img/Box-Pleated_Gingham_Skirt/img_00000040.jpg,33,train,data/raw/deepfashion/img/Box-Pleated_Gingham_Skirt/img_00000040.jpg,dress
img/Tie-Dye_Sweatshorts/img_00000038.jpg,35,train,data/raw/deepfashion/img/Tie-Dye_Sweatshorts/img_00000038.jpg,dress
img/Striped_Eyelash-Knit_Sweater/img_00000010.jpg,16,train,data/raw/deepfashion/img/Striped_Eyelash-Knit_Sweater/img_00000010.jpg,dress
img/Favorite_Mini_Skirt/img_00000032.jpg,33,train,data/raw/deepfashion/img/Favorite_Mini_Skirt/img_00000032.jpg,dress
img/Diamond-Stitched_Shorts/img_00000042.jpg,32,train,data/raw/deepfashion/img/Diamond-Stitched_Shorts/img_00000042.jpg,dress
img/Quilted_Sweater/img_00000044.jpg,16,train,data/raw/deepfashion/img/Quilted_Sweater/img_00000044.jpg,dress
img/Cable-Knit_Pencil_Skirt/img_00000054.jpg,33,train,data/raw/deepfashion/img/Cable-Knit_Pencil_Skirt/img_00000054.jpg,dress
img/Mickey_Mouse_PJ_Shorts/img_00000010.jpg,32,train,data/raw/deepfashion/img/Mickey_Mouse_PJ_Shorts/img_00000010.jpg,dress
img/Zig_Zag-Patterned_Shorts/img_00000014.jpg,32,train,data/raw/deepfashion/img/Zig_Zag-Patterned_Shorts/img_00000014.jpg,dress
img/Ribbed_Knit_Sweater/img_00000023.jpg,16,train,data/raw/deepfashion/img/Ribbed_Knit_Sweater/img_00000023.jpg,dress
img/Floral_Crochet_Shorts/img_00000005.jpg,32,train,data/raw/deepfashion/img/Floral_Crochet_Shorts/img_00000005.jpg,dress
img/Pocketed_Leggings/img_00000012.jpg,30,train,data/raw/deepfashion/img/Pocketed_Leggings/img_00000012.jpg,dress
img/Pleated_Paisley_Print_Skirt/img_00000029.jpg,33,train,data/raw/deepfashion/img/Pleated_Paisley_Print_Skirt/img_00000029.jpg,dress
img/Boho_Doll_Paisley_Joggers/img_00000026.jpg,29,train,data/raw/deepfashion/img/Boho_Doll_Paisley_Joggers/img_00000026.jpg,dress
img/Paneled_Knit_Leggings/img_00000014.jpg,30,train,data/raw/deepfashion/img/Paneled_Knit_Leggings/img_00000014.jpg,dress
img/Floral_A-Line_Midi_Skirt/img_00000027.jpg,33,train,data/raw/deepfashion/img/Floral_A-Line_Midi_Skirt/img_00000027.jpg,dress
img/Voyager_Shorts/img_00000009.jpg,32,train,data/raw/deepfashion/img/Voyager_Shorts/img_00000009.jpg,dress
img/Safari_Animal_Print_Shorts/img_00000062.jpg,32,train,data/raw/deepfashion/img/Safari_Animal_Print_Shorts/img_00000062.jpg,dress
img/Mineral_Wash_Drawstring_Sweatpants/img_00000034.jpg,34,train,data/raw/deepfashion/img/Mineral_Wash_Drawstring_Sweatpants/img_00000034.jpg,dress
img/Abstract_Windowpane-Patterned_Skirt/img_00000014.jpg,33,train,data/raw/deepfashion/img/Abstract_Windowpane-Patterned_Skirt/img_00000014.jpg,dress
img/Sheer_Floral_PJ_Shorts/img_00000018.jpg,32,train,data/raw/deepfashion/img/Sheer_Floral_PJ_Shorts/img_00000018.jpg,dress
img/Run_Graphic_Workout_Shorts/img_00000009.jpg,32,train,data/raw/deepfashion/img/Run_Graphic_Workout_Shorts/img_00000009.jpg,dress
img/Tile_Print_Pencil_Skirt/img_00000036.jpg,33,train,data/raw/deepfashion/img/Tile_Print_Pencil_Skirt/img_00000036.jpg,dress
img/Polka_Dot_Chino_Shorts/img_00000024.jpg,32,train,data/raw/deepfashion/img/Polka_Dot_Chino_Shorts/img_00000024.jpg,dress
img/Kangaroo_Pocket_Sweatpants/img_00000019.jpg,34,train,data/raw/deepfashion/img/Kangaroo_Pocket_Sweatpants/img_00000019.jpg,dress
img/Blue_Jeans_Acid_Wash_Shorts/img_00000035.jpg,32,train,data/raw/deepfashion/img/Blue_Jeans_Acid_Wash_Shorts/img_00000035.jpg,dress
img/Ornate_Woven_Shorts/img_00000024.jpg,32,train,data/raw/deepfashion/img/Ornate_Woven_Shorts/img_00000024.jpg,dress
img/Striped_Denim_Shorts/img_00000008.jpg,32,train,data/raw/deepfashion/img/Striped_Denim_Shorts/img_00000008.jpg,dress
img/Classic_Waffle_Knit_Sweater/img_00000017.jpg,16,train,data/raw/deepfashion/img/Classic_Waffle_Knit_Sweater/img_00000017.jpg,dress
img/Abstract_Print_Tulip-Front_Shorts/img_00000030.jpg,32,train,data/raw/deepfashion/img/Abstract_Print_Tulip-Front_Shorts/img_00000030.jpg,dress
img/Pocketed_Leggings/img_00000011.jpg,30,train,data/raw/deepfashion/img/Pocketed_Leggings/img_00000011.jpg,dress
img/Tulip-Front_Maxi_Skirt/img_00000027.jpg,33,train,data/raw/deepfashion/img/Tulip-Front_Maxi_Skirt/img_00000027.jpg,dress
img/Classic_Cropped_Sweater/img_00000003.jpg,16,train,data/raw/deepfashion/img/Classic_Cropped_Sweater/img_00000003.jpg,dress
img/Rainbow_Print_Workout_Leggings/img_00000021.jpg,30,train,data/raw/deepfashion/img/Rainbow_Print_Workout_Leggings/img_00000021.jpg,dress
img/Pleated_A-Line_Skirt/img_00000048.jpg,33,train,data/raw/deepfashion/img/Pleated_A-Line_Skirt/img_00000048.jpg,dress
img/Heathered_Performance_Capri_Leggings/img_00000012.jpg,30,train,data/raw/deepfashion/img/Heathered_Performance_Capri_Leggings/img_00000012.jpg,dress
img/Velveteen_Damask-Patterned_Leggings/img_00000020.jpg,30,train,data/raw/deepfashion/img/Velveteen_Damask-Patterned_Leggings/img_00000020.jpg,dress
img/Floral_Stripe_Midi_Skirt/img_00000030.jpg,33,train,data/raw/deepfashion/img/Floral_Stripe_Midi_Skirt/img_00000030.jpg,dress
img/Clean_Wash_Distressed_Denim_Shorts/img_00000008.jpg,32,train,data/raw/deepfashion/img/Clean_Wash_Distressed_Denim_Shorts/img_00000008.jpg,dress
img/Ripped_Denim_Shorts/img_00000059.jpg,32,train,data/raw/deepfashion/img/Ripped_Denim_Shorts/img_00000059.jpg,dress
img/Striped_Drawstring_Shorts/img_00000015.jpg,32,train,data/raw/deepfashion/img/Striped_Drawstring_Shorts/img_00000015.jpg,dress
img/Tropical_Print_Sweatpants/img_00000015.jpg,34,train,data/raw/deepfashion/img/Tropical_Print_Sweatpants/img_00000015.jpg,dress
img/Crochet-Paneled_Crepe_Maxi_Skirt/img_00000004.jpg,33,train,data/raw/deepfashion/img/Crochet-Paneled_Crepe_Maxi_Skirt/img_00000004.jpg,dress
img/Daisy_Print_Maxi_Skirt/img_00000055.jpg,33,train,data/raw/deepfashion/img/Daisy_Print_Maxi_Skirt/img_00000055.jpg,dress
img/Lace-Trimmed_Floral_Shorts/img_00000050.jpg,32,train,data/raw/deepfashion/img/Lace-Trimmed_Floral_Shorts/img_00000050.jpg,dress
img/Faux_Leather_Flared_Skirt/img_00000008.jpg,33,train,data/raw/deepfashion/img/Faux_Leather_Flared_Skirt/img_00000008.jpg,dress
img/Trouble_Graphic_Sweater/img_00000012.jpg,16,train,data/raw/deepfashion/img/Trouble_Graphic_Sweater/img_00000012.jpg,dress
img/Pleated_Baroque_Shorts/img_00000007.jpg,32,train,data/raw/deepfashion/img/Pleated_Baroque_Shorts/img_00000007.jpg,dress
img/Space_Dye_Yoga_Leggings/img_00000070.jpg,30,train,data/raw/deepfashion/img/Space_Dye_Yoga_Leggings/img_00000070.jpg,dress
img/Shark_Print_Oxford_Shorts/img_00000015.jpg,32,train,data/raw/deepfashion/img/Shark_Print_Oxford_Shorts/img_00000015.jpg,dress
img/Faux_Leather_Flared_Skirt/img_00000026.jpg,33,train,data/raw/deepfashion/img/Faux_Leather_Flared_Skirt/img_00000026.jpg,dress
img/Classic_Striped_Sweater/img_00000039.jpg,16,train,data/raw/deepfashion/img/Classic_Striped_Sweater/img_00000039.jpg,dress
img/Waffle_Knit_Crew_Neck_Sweater/img_00000025.jpg,16,train,data/raw/deepfashion/img/Waffle_Knit_Crew_Neck_Sweater/img_00000025.jpg,dress
img/Striped_Faux_Leather_Shorts/img_00000051.jpg,32,train,data/raw/deepfashion/img/Striped_Faux_Leather_Shorts/img_00000051.jpg,dress
img/Baroque_Print_Shorts/img_00000012.jpg,32,train,data/raw/deepfashion/img/Baroque_Print_Shorts/img_00000012.jpg,dress
img/Polka_Dot_Matelot_Shorts/img_00000019.jpg,32,train,data/raw/deepfashion/img/Polka_Dot_Matelot_Shorts/img_00000019.jpg,dress
img/Fuzzy_Knit_Sweater/img_00000005.jpg,16,train,data/raw/deepfashion/img/Fuzzy_Knit_Sweater/img_00000005.jpg,dress
img/Trouble_Graphic_Sweater/img_00000077.jpg,16,train,data/raw/deepfashion/img/Trouble_Graphic_Sweater/img_00000077.jpg,dress
img/Metallic_Knit_Shorts/img_00000007.jpg,32,train,data/raw/deepfashion/img/Metallic_Knit_Shorts/img_00000007.jpg,dress
img/High-Waisted_Lounge_Shorts/img_00000016.jpg,32,train,data/raw/deepfashion/img/High-Waisted_Lounge_Shorts/img_00000016.jpg,dress
img/Diamond-Knit_Sweater/img_00000002.jpg,16,train,data/raw/deepfashion/img/Diamond-Knit_Sweater/img_00000002.jpg,dress
img/Linen-Blend_Drawstring_Shorts/img_00000048.jpg,32,train,data/raw/deepfashion/img/Linen-Blend_Drawstring_Shorts/img_00000048.jpg,dress
img/Mixed_Paisley_Print_Maxi_Skirt/img_00000029.jpg,33,train,data/raw/deepfashion/img/Mixed_Paisley_Print_Maxi_Skirt/img_00000029.jpg,dress
img/Heathered_Raglan_Sweater/img_00000020.jpg,16,train,data/raw/deepfashion/img/Heathered_Raglan_Sweater/img_00000020.jpg,dress
img/Classic_Mid-Rise_Shorts/img_00000037.jpg,32,train,data/raw/deepfashion/img/Classic_Mid-Rise_Shorts/img_00000037.jpg,dress
img/Young_Romance_Sweater/img_00000027.jpg,16,train,data/raw/deepfashion/img/Young_Romance_Sweater/img_00000027.jpg,dress
img/Colorblock_Side_Pocket_Leggings/img_00000045.jpg,30,train,data/raw/deepfashion/img/Colorblock_Side_Pocket_Leggings/img_00000045.jpg,dress
img/Zipper-Front_Shorts/img_00000043.jpg,32,train,data/raw/deepfashion/img/Zipper-Front_Shorts/img_00000043.jpg,dress
img/Velveteen_Denim_Shorts/img_00000027.jpg,32,train,data/raw/deepfashion/img/Velveteen_Denim_Shorts/img_00000027.jpg,dress
img/Striped_Waffle_Knit_Sweater/img_00000001.jpg,16,train,data/raw/deepfashion/img/Striped_Waffle_Knit_Sweater/img_00000001.jpg,dress
img/Bold_Baja_Knit_Shorts/img_00000041.jpg,32,train,data/raw/deepfashion/img/Bold_Baja_Knit_Shorts/img_00000041.jpg,dress
img/M-Slit_Knit_Maxi_Skirt/img_00000042.jpg,33,train,data/raw/deepfashion/img/M-Slit_Knit_Maxi_Skirt/img_00000042.jpg,dress
img/Blue_Jeans_Acid_Wash_Shorts/img_00000075.jpg,32,train,data/raw/deepfashion/img/Blue_Jeans_Acid_Wash_Shorts/img_00000075.jpg,dress
img/Easy_Chino_Shorts/img_00000030.jpg,32,train,data/raw/deepfashion/img/Easy_Chino_Shorts/img_00000030.jpg,dress
img/Heathered_Cuffed_Sweatshorts/img_00000021.jpg,35,train,data/raw/deepfashion/img/Heathered_Cuffed_Sweatshorts/img_00000021.jpg,dress
img/High-Waisted_Knit_Shorts/img_00000007.jpg,32,train,data/raw/deepfashion/img/High-Waisted_Knit_Shorts/img_00000007.jpg,dress
img/Destroyed_Denim_Shorts/img_00000050.jpg,32,train,data/raw/deepfashion/img/Destroyed_Denim_Shorts/img_00000050.jpg,dress
img/Striped_Swim_Trunks/img_00000085.jpg,36,train,data/raw/deepfashion/img/Striped_Swim_Trunks/img_00000085.jpg,dress
img/Boxy_Turtleneck_Sweater/img_00000059.jpg,16,train,data/raw/deepfashion/img/Boxy_Turtleneck_Sweater/img_00000059.jpg,dress
img/Marled_Purl-Stitched_Sweater/img_00000014.jpg,16,train,data/raw/deepfashion/img/Marled_Purl-Stitched_Sweater/img_00000014.jpg,dress
img/Floral-Paneled_Mini_Skirt/img_00000023.jpg,33,train,data/raw/deepfashion/img/Floral-Paneled_Mini_Skirt/img_00000023.jpg,dress
img/Cotton_Twill_Trench_Coat/img_00000043.jpg,39,train,data/raw/deepfashion/img/Cotton_Twill_Trench_Coat/img_00000043.jpg,dress
img/Mesh_Overlay_Shorts/img_00000015.jpg,32,train,data/raw/deepfashion/img/Mesh_Overlay_Shorts/img_00000015.jpg,dress
img/Varsity_Stripe_Chino_Joggers/img_00000024.jpg,29,train,data/raw/deepfashion/img/Varsity_Stripe_Chino_Joggers/img_00000024.jpg,dress
img/Reverse_French_Terry_Sweatshorts/img_00000008.jpg,35,train,data/raw/deepfashion/img/Reverse_French_Terry_Sweatshorts/img_00000008.jpg,dress
img/Nautical_Striped_Sweater/img_00000039.jpg,16,train,data/raw/deepfashion/img/Nautical_Striped_Sweater/img_00000039.jpg,dress
img/Cuffed_Drawstring_Denim_Shorts/img_00000014.jpg,32,train,data/raw/deepfashion/img/Cuffed_Drawstring_Denim_Shorts/img_00000014.jpg,dress
img/Two-Tone_Drawstring_Sweatpants/img_00000029.jpg,34,train,data/raw/deepfashion/img/Two-Tone_Drawstring_Sweatpants/img_00000029.jpg,dress
img/Standout_Stripes_Mini_Skirt/img_00000002.jpg,33,train,data/raw/deepfashion/img/Standout_Stripes_Mini_Skirt/img_00000002.jpg,dress
img/Faux_Leather_&_Lace_Shorts/img_00000046.jpg,32,train,data/raw/deepfashion/img/Faux_Leather_&_Lace_Shorts/img_00000046.jpg,dress
img/Fold-Over_Waist_Shorts/img_00000019.jpg,32,train,data/raw/deepfashion/img/Fold-Over_Waist_Shorts/img_00000019.jpg,dress
img/Bold_Baja_Knit_Shorts/img_00000025.jpg,32,train,data/raw/deepfashion/img/Bold_Baja_Knit_Shorts/img_00000025.jpg,dress
img/Tie-Dye_Woven_Shorts/img_00000029.jpg,32,train,data/raw/deepfashion/img/Tie-Dye_Woven_Shorts/img_00000029.jpg,dress
img/Contrast_Knee_Panel_Sweatpants/img_00000016.jpg,34,train,data/raw/deepfashion/img/Contrast_Knee_Panel_Sweatpants/img_00000016.jpg,dress
img/Crepe_Midi_Skirt/img_00000032.jpg,33,train,data/raw/deepfashion/img/Crepe_Midi_Skirt/img_00000032.jpg,dress
img/Boho_Doll_Paisley_Joggers/img_00000043.jpg,29,train,data/raw/deepfashion/img/Boho_Doll_Paisley_Joggers/img_00000043.jpg,dress
img/Rose_Print_Skirt/img_00000045.jpg,33,train,data/raw/deepfashion/img/Rose_Print_Skirt/img_00000045.jpg,dress
img/Faux_Leather_Trimmed_Joggers/img_00000059.jpg,29,train,data/raw/deepfashion/img/Faux_Leather_Trimmed_Joggers/img_00000059.jpg,dress
img/Woven_Trench_Coat/img_00000023.jpg,39,train,data/raw/deepfashion/img/Woven_Trench_Coat/img_00000023.jpg,dress
img/Life_in_Progress_Chambray_Dolphin_Shorts/img_00000017.jpg,32,train,data/raw/deepfashion/img/Life_in_Progress_Chambray_Dolphin_Shorts/img_00000017.jpg,dress
img/Colorblocked_French_Terry_Sweatshorts/img_00000027.jpg,35,train,data/raw/deepfashion/img/Colorblocked_French_Terry_Sweatshorts/img_00000027.jpg,dress
img/Marled_Mixed_Knit_Sweater/img_00000013.jpg,16,train,data/raw/deepfashion/img/Marled_Mixed_Knit_Sweater/img_00000013.jpg,dress
img/Lattice_Knit_Sweater/img_00000011.jpg,16,train,data/raw/deepfashion/img/Lattice_Knit_Sweater/img_00000011.jpg,dress
img/Darling_Dots_Denim_Shorts/img_00000004.jpg,32,train,data/raw/deepfashion/img/Darling_Dots_Denim_Shorts/img_00000004.jpg,dress
img/Floral_Lace_Elasticized_Shorts/img_00000007.jpg,32,train,data/raw/deepfashion/img/Floral_Lace_Elasticized_Shorts/img_00000007.jpg,dress
img/Scuba_Knit_Mini_Skirt/img_00000013.jpg,33,train,data/raw/deepfashion/img/Scuba_Knit_Mini_Skirt/img_00000013.jpg,dress
img/Tribal_Print_Knit_Leggings/img_00000026.jpg,30,train,data/raw/deepfashion/img/Tribal_Print_Knit_Leggings/img_00000026.jpg,dress
img/Crochet_Drawstring_Shorts/img_00000020.jpg,32,train,data/raw/deepfashion/img/Crochet_Drawstring_Shorts/img_00000020.jpg,dress
img/Floral_Crochet_Shorts/img_00000058.jpg,32,train,data/raw/deepfashion/img/Floral_Crochet_Shorts/img_00000058.jpg,dress
img/Classic_Cable_Knit_Sweater/img_00000004.jpg,16,train,data/raw/deepfashion/img/Classic_Cable_Knit_Sweater/img_00000004.jpg,dress
img/Pleated_Metallic_Skirt/img_00000066.jpg,33,train,data/raw/deepfashion/img/Pleated_Metallic_Skirt/img_00000066.jpg,dress
img/Flat-Front_Woven_Shorts/img_00000039.jpg,32,train,data/raw/deepfashion/img/Flat-Front_Woven_Shorts/img_00000039.jpg,dress
img/Texture-Striped_Mini_Skirt/img_00000033.jpg,33,train,data/raw/deepfashion/img/Texture-Striped_Mini_Skirt/img_00000033.jpg,dress
img/EPTM._Quilted_Shorts/img_00000024.jpg,32,train,data/raw/deepfashion/img/EPTM._Quilted_Shorts/img_00000024.jpg,dress
img/Heathered_Colorblocked_Leggings/img_00000003.jpg,30,train,data/raw/deepfashion/img/Heathered_Colorblocked_Leggings/img_00000003.jpg,dress
img/Floral_Print_Tulip-Hem_Shorts/img_00000022.jpg,32,train,data/raw/deepfashion/img/Floral_Print_Tulip-Hem_Shorts/img_00000022.jpg,dress
img/Floral_Stripe_Midi_Skirt/img_00000033.jpg,33,train,data/raw/deepfashion/img/Floral_Stripe_Midi_Skirt/img_00000033.jpg,dress
img/Mixed_Paisley_Print_Maxi_Skirt/img_00000043.jpg,33,train,data/raw/deepfashion/img/Mixed_Paisley_Print_Maxi_Skirt/img_00000043.jpg,dress
img/Shirred_Waist_Mini_Skirt/img_00000030.jpg,33,train,data/raw/deepfashion/img/Shirred_Waist_Mini_Skirt/img_00000030.jpg,dress
img/Boho_Doll_Paisley_Joggers/img_00000002.jpg,29,train,data/raw/deepfashion/img/Boho_Doll_Paisley_Joggers/img_00000002.jpg,dress
img/Cuffed_Denim_Bermuda_Shorts/img_00000020.jpg,32,train,data/raw/deepfashion/img/Cuffed_Denim_Bermuda_Shorts/img_00000020.jpg,dress
img/Funnel-Pocket_Drawstring_Sweatpants/img_00000024.jpg,34,train,data/raw/deepfashion/img/Funnel-Pocket_Drawstring_Sweatpants/img_00000024.jpg,dress
img/Abstract_Print_Capri_Leggings/img_00000071.jpg,30,train,data/raw/deepfashion/img/Abstract_Print_Capri_Leggings/img_00000071.jpg,dress
img/Gone_Boho_Joggers/img_00000030.jpg,29,train,data/raw/deepfashion/img/Gone_Boho_Joggers/img_00000030.jpg,dress
img/Mickey_Mouse_PJ_Shorts/img_00000076.jpg,32,train,data/raw/deepfashion/img/Mickey_Mouse_PJ_Shorts/img_00000076.jpg,dress
img/D-Ring_Collar_Coat/img_00000013.jpg,39,train,data/raw/deepfashion/img/D-Ring_Collar_Coat/img_00000013.jpg,dress
img/Heathered_Yoga_Shorts/img_00000006.jpg,32,train,data/raw/deepfashion/img/Heathered_Yoga_Shorts/img_00000006.jpg,dress
img/Checkered_Leggings/img_00000015.jpg,30,train,data/raw/deepfashion/img/Checkered_Leggings/img_00000015.jpg,dress
img/High-Waisted_Plaid_Shorts/img_00000010.jpg,32,train,data/raw/deepfashion/img/High-Waisted_Plaid_Shorts/img_00000010.jpg,dress
img/Lattice_Knit_Sweater/img_00000029.jpg,16,train,data/raw/deepfashion/img/Lattice_Knit_Sweater/img_00000029.jpg,dress
img/Collarless_Scuba_Knit_Coat/img_00000019.jpg,39,train,data/raw/deepfashion/img/Collarless_Scuba_Knit_Coat/img_00000019.jpg,dress
img/Mixed_Stripe_Print_Shorts/img_00000027.jpg,32,train,data/raw/deepfashion/img/Mixed_Stripe_Print_Shorts/img_00000027.jpg,dress
img/Classic_Fold-Over_Maxi_Skirt/img_00000044.jpg,33,train,data/raw/deepfashion/img/Classic_Fold-Over_Maxi_Skirt/img_00000044.jpg,dress
img/Classic_Hooded_Duffle_Coat/img_00000041.jpg,39,train,data/raw/deepfashion/img/Classic_Hooded_Duffle_Coat/img_00000041.jpg,dress
img/Colorblock_Capri_Leggings/img_00000029.jpg,30,train,data/raw/deepfashion/img/Colorblock_Capri_Leggings/img_00000029.jpg,dress
img/Faux_Leather_Skater_Skirt/img_00000032.jpg,33,train,data/raw/deepfashion/img/Faux_Leather_Skater_Skirt/img_00000032.jpg,dress
img/Drawstring_Dolphin_Shorts/img_00000004.jpg,32,train,data/raw/deepfashion/img/Drawstring_Dolphin_Shorts/img_00000004.jpg,dress
img/Classic_Wash_Denim_Skirt/img_00000039.jpg,33,train,data/raw/deepfashion/img/Classic_Wash_Denim_Skirt/img_00000039.jpg,dress
img/Belted_Trench_Coat/img_00000027.jpg,39,train,data/raw/deepfashion/img/Belted_Trench_Coat/img_00000027.jpg,dress
img/Cotton_Twill_Trench_Coat/img_00000003.jpg,39,train,data/raw/deepfashion/img/Cotton_Twill_Trench_Coat/img_00000003.jpg,dress
img/Houndstooth_Plaid_Shorts/img_00000049.jpg,32,train,data/raw/deepfashion/img/Houndstooth_Plaid_Shorts/img_00000049.jpg,dress
img/Belted_Polka_Dot_Skirt/img_00000048.jpg,33,train,data/raw/deepfashion/img/Belted_Polka_Dot_Skirt/img_00000048.jpg,dress
img/Heathered_Joggers/img_00000014.jpg,29,train,data/raw/deepfashion/img/Heathered_Joggers/img_00000014.jpg,dress
img/Zippered_Denim_Shorts/img_00000021.jpg,32,train,data/raw/deepfashion/img/Zippered_Denim_Shorts/img_00000021.jpg,dress
img/Neon_Dreams_Bandage_Skirt/img_00000038.jpg,33,train,data/raw/deepfashion/img/Neon_Dreams_Bandage_Skirt/img_00000038.jpg,dress
img/Marled_Tuxedo-Stripe_Joggers/img_00000005.jpg,29,train,data/raw/deepfashion/img/Marled_Tuxedo-Stripe_Joggers/img_00000005.jpg,dress
img/Floral_Lace_Elasticized_Shorts/img_00000018.jpg,32,train,data/raw/deepfashion/img/Floral_Lace_Elasticized_Shorts/img_00000018.jpg,dress
img/Collarless_Scuba_Knit_Coat/img_00000009.jpg,39,train,data/raw/deepfashion/img/Collarless_Scuba_Knit_Coat/img_00000009.jpg,dress
img/Floral_Lace_Mini_Skirt/img_00000017.jpg,33,train,data/raw/deepfashion/img/Floral_Lace_Mini_Skirt/img_00000017.jpg,dress
img/Crepe_Pencil_Skirt/img_00000043.jpg,33,train,data/raw/deepfashion/img/Crepe_Pencil_Skirt/img_00000043.jpg,dress
img/Classic_Knit_Skater_Skirt/img_00000039.jpg,33,train,data/raw/deepfashion/img/Classic_Knit_Skater_Skirt/img_00000039.jpg,dress
img/Control_Sector_Drawstring_Harem_Joggers/img_00000017.jpg,29,train,data/raw/deepfashion/img/Control_Sector_Drawstring_Harem_Joggers/img_00000017.jpg,dress
img/Tassel_Fringe_Knit_Sweater/img_00000044.jpg,16,train,data/raw/deepfashion/img/Tassel_Fringe_Knit_Sweater/img_00000044.jpg,dress
img/Hooded_Purl_Knit_Sweater/img_00000029.jpg,16,train,data/raw/deepfashion/img/Hooded_Purl_Knit_Sweater/img_00000029.jpg,dress
img/Minnie_Mouse_Drawstring_Shorts/img_00000030.jpg,32,train,data/raw/deepfashion/img/Minnie_Mouse_Drawstring_Shorts/img_00000030.jpg,dress
img/Floral_Crochet_Shorts/img_00000010.jpg,32,train,data/raw/deepfashion/img/Floral_Crochet_Shorts/img_00000010.jpg,dress
img/Collarless_Boucl&eacute;_Coat/img_00000023.jpg,39,train,data/raw/deepfashion/img/Collarless_Boucl&eacute;_Coat/img_00000023.jpg,dress
img/Shimmering_High-Waist_Leggings/img_00000052.jpg,30,train,data/raw/deepfashion/img/Shimmering_High-Waist_Leggings/img_00000052.jpg,dress
img/Marled_Knit_Sweatpants/img_00000036.jpg,34,train,data/raw/deepfashion/img/Marled_Knit_Sweatpants/img_00000036.jpg,dress
img/Rhinestone_Beaded_Sweater/img_00000024.jpg,16,train,data/raw/deepfashion/img/Rhinestone_Beaded_Sweater/img_00000024.jpg,dress
img/Voyager_Maxi_Skirt/img_00000003.jpg,33,train,data/raw/deepfashion/img/Voyager_Maxi_Skirt/img_00000003.jpg,dress
img/Seamless_Athletic_Capri_Leggings/img_00000030.jpg,30,train,data/raw/deepfashion/img/Seamless_Athletic_Capri_Leggings/img_00000030.jpg,dress
img/Heathered_Paisley_Print_Sweatpants/img_00000025.jpg,34,train,data/raw/deepfashion/img/Heathered_Paisley_Print_Sweatpants/img_00000025.jpg,dress
img/Crepe_Woven_Skater_Skirt/img_00000001.jpg,33,train,data/raw/deepfashion/img/Crepe_Woven_Skater_Skirt/img_00000001.jpg,dress
img/Button_Fly_Denim_Shorts/img_00000009.jpg,32,train,data/raw/deepfashion/img/Button_Fly_Denim_Shorts/img_00000009.jpg,dress
img/Leopard_Print_Joggers/img_00000051.jpg,29,train,data/raw/deepfashion/img/Leopard_Print_Joggers/img_00000051.jpg,dress
img/Varsity_Stripe_Chino_Joggers/img_00000013.jpg,29,train,data/raw/deepfashion/img/Varsity_Stripe_Chino_Joggers/img_00000013.jpg,dress
img/Pleated_Chevron_Matelass&eacute;_Skirt/img_00000007.jpg,33,train,data/raw/deepfashion/img/Pleated_Chevron_Matelass&eacute;_Skirt/img_00000007.jpg,dress
img/Striped_Sailor_Shorts/img_00000059.jpg,32,train,data/raw/deepfashion/img/Striped_Sailor_Shorts/img_00000059.jpg,dress
img/Chevron-Quilted_Sweater/img_00000056.jpg,16,train,data/raw/deepfashion/img/Chevron-Quilted_Sweater/img_00000056.jpg,dress
img/Drawstring_Camo_Shorts/img_00000062.jpg,32,train,data/raw/deepfashion/img/Drawstring_Camo_Shorts/img_00000062.jpg,dress
img/Striped_Joggers/img_00000035.jpg,29,train,data/raw/deepfashion/img/Striped_Joggers/img_00000035.jpg,dress
img/Faux_Leather_Flared_Skirt/img_00000064.jpg,33,train,data/raw/deepfashion/img/Faux_Leather_Flared_Skirt/img_00000064.jpg,dress
img/Pleated_Skater_Skirt/img_00000065.jpg,33,train,data/raw/deepfashion/img/Pleated_Skater_Skirt/img_00000065.jpg,dress
img/Diamond_Print_Shorts/img_00000012.jpg,32,train,data/raw/deepfashion/img/Diamond_Print_Shorts/img_00000012.jpg,dress
img/Striped_Ikat_Drawstring_Shorts/img_00000019.jpg,32,train,data/raw/deepfashion/img/Striped_Ikat_Drawstring_Shorts/img_00000019.jpg,dress
img/Heathered_Varsity-Stripe_Sweatpants/img_00000020.jpg,34,train,data/raw/deepfashion/img/Heathered_Varsity-Stripe_Sweatpants/img_00000020.jpg,dress
img/Chunky_Knit_Sweater/img_00000048.jpg,16,train,data/raw/deepfashion/img/Chunky_Knit_Sweater/img_00000048.jpg,dress
img/Tassel_Fringe_Knit_Sweater/img_00000030.jpg,16,train,data/raw/deepfashion/img/Tassel_Fringe_Knit_Sweater/img_00000030.jpg,dress
img/Painted_Floral_Denim_Shorts/img_00000017.jpg,32,train,data/raw/deepfashion/img/Painted_Floral_Denim_Shorts/img_00000017.jpg,dress
img/Pleated_Textured_Skirt/img_00000027.jpg,33,train,data/raw/deepfashion/img/Pleated_Textured_Skirt/img_00000027.jpg,dress
img/Texture-Striped_Mini_Skirt/img_00000015.jpg,33,train,data/raw/deepfashion/img/Texture-Striped_Mini_Skirt/img_00000015.jpg,dress
img/Box-Pleated_Rose_Print_Skirt/img_00000004.jpg,33,train,data/raw/deepfashion/img/Box-Pleated_Rose_Print_Skirt/img_00000004.jpg,dress
img/Folk_Print_Linen_Skirt/img_00000010.jpg,33,train,data/raw/deepfashion/img/Folk_Print_Linen_Skirt/img_00000010.jpg,dress
img/Pleated-Waist_Shorts/img_00000037.jpg,32,train,data/raw/deepfashion/img/Pleated-Waist_Shorts/img_00000037.jpg,dress
img/Floral-Embroidered_Shorts/img_00000015.jpg,32,train,data/raw/deepfashion/img/Floral-Embroidered_Shorts/img_00000015.jpg,dress
img/Classic_Tunic_Sweater/img_00000001.jpg,16,train,data/raw/deepfashion/img/Classic_Tunic_Sweater/img_00000001.jpg,dress
img/Classic_Toggle_Coat/img_00000002.jpg,39,train,data/raw/deepfashion/img/Classic_Toggle_Coat/img_00000002.jpg,dress
img/Classic_Cuffed_Shorts/img_00000031.jpg,32,train,data/raw/deepfashion/img/Classic_Cuffed_Shorts/img_00000031.jpg,dress
img/Abstract_Print_Workout_Leggings/img_00000034.jpg,30,train,data/raw/deepfashion/img/Abstract_Print_Workout_Leggings/img_00000034.jpg,dress
img/Cap-Sleeved_Turtleneck_Sweater/img_00000026.jpg,16,train,data/raw/deepfashion/img/Cap-Sleeved_Turtleneck_Sweater/img_00000026.jpg,dress
img/Oversized_Braided_Knit_Sweater/img_00000047.jpg,16,train,data/raw/deepfashion/img/Oversized_Braided_Knit_Sweater/img_00000047.jpg,dress
img/Geo_Quilted_Skater_Skirt/img_00000021.jpg,33,train,data/raw/deepfashion/img/Geo_Quilted_Skater_Skirt/img_00000021.jpg,dress
img/Washed_Denim_Trench_Coat/img_00000047.jpg,39,train,data/raw/deepfashion/img/Washed_Denim_Trench_Coat/img_00000047.jpg,dress
img/Tribal_Print_Skater_Skirt/img_00000039.jpg,33,train,data/raw/deepfashion/img/Tribal_Print_Skater_Skirt/img_00000039.jpg,dress
img/Buttoned_Rose_Print_Skirt/img_00000024.jpg,33,train,data/raw/deepfashion/img/Buttoned_Rose_Print_Skirt/img_00000024.jpg,dress
img/Classic_Wash_Denim_Skirt/img_00000008.jpg,33,train,data/raw/deepfashion/img/Classic_Wash_Denim_Skirt/img_00000008.jpg,dress
img/Textured_Two-Tone_Sweatpants/img_00000021.jpg,34,train,data/raw/deepfashion/img/Textured_Two-Tone_Sweatpants/img_00000021.jpg,dress
img/Checkered_Leggings/img_00000049.jpg,30,train,data/raw/deepfashion/img/Checkered_Leggings/img_00000049.jpg,dress
img/Colorblock_Woven_Running_Shorts/img_00000017.jpg,32,train,data/raw/deepfashion/img/Colorblock_Woven_Running_Shorts/img_00000017.jpg,dress
img/Twill_Dolphin_Shorts/img_00000004.jpg,32,train,data/raw/deepfashion/img/Twill_Dolphin_Shorts/img_00000004.jpg,dress
img/Longline_Sleeveless_Sweater/img_00000036.jpg,16,train,data/raw/deepfashion/img/Longline_Sleeveless_Sweater/img_00000036.jpg,dress
img/Knit_Bandage_Skirt/img_00000058.jpg,33,train,data/raw/deepfashion/img/Knit_Bandage_Skirt/img_00000058.jpg,dress
img/Zippered_High-Neck_Sweater/img_00000032.jpg,16,train,data/raw/deepfashion/img/Zippered_High-Neck_Sweater/img_00000032.jpg,dress
img/Belted_Linen-Blend_Shorts/img_00000049.jpg,32,train,data/raw/deepfashion/img/Belted_Linen-Blend_Shorts/img_00000049.jpg,dress
img/Drawstring_Floral_Dolphin_Shorts/img_00000011.jpg,32,train,data/raw/deepfashion/img/Drawstring_Floral_Dolphin_Shorts/img_00000011.jpg,dress
img/Space_Dye_Yoga_Leggings/img_00000052.jpg,30,train,data/raw/deepfashion/img/Space_Dye_Yoga_Leggings/img_00000052.jpg,dress
img/Striped_Textured_Sweater/img_00000021.jpg,16,train,data/raw/deepfashion/img/Striped_Textured_Sweater/img_00000021.jpg,dress
img/Heathered_Open-Knit_Sweater/img_00000016.jpg,16,train,data/raw/deepfashion/img/Heathered_Open-Knit_Sweater/img_00000016.jpg,dress
img/Cotton_&_Linen_Pleated_Shorts/img_00000036.jpg,32,train,data/raw/deepfashion/img/Cotton_&_Linen_Pleated_Shorts/img_00000036.jpg,dress
img/Damask_Matelass&eacute;_Skater_Skirt/img_00000015.jpg,33,train,data/raw/deepfashion/img/Damask_Matelass&eacute;_Skater_Skirt/img_00000015.jpg,dress
img/Cotton_Drawstring_Shorts/img_00000027.jpg,32,train,data/raw/deepfashion/img/Cotton_Drawstring_Shorts/img_00000027.jpg,dress
img/Daisy_Print_Shorts/img_00000051.jpg,32,train,data/raw/deepfashion/img/Daisy_Print_Shorts/img_00000051.jpg,dress
img/Mesh_Patch-Pocket_Sweatpants/img_00000036.jpg,34,train,data/raw/deepfashion/img/Mesh_Patch-Pocket_Sweatpants/img_00000036.jpg,dress
img/Acid_Wash_Denim_Skirt/img_00000007.jpg,33,train,data/raw/deepfashion/img/Acid_Wash_Denim_Skirt/img_00000007.jpg,dress
img/Colorblock_Heathered_Yoga_Shorts/img_00000007.jpg,32,train,data/raw/deepfashion/img/Colorblock_Heathered_Yoga_Shorts/img_00000007.jpg,dress
img/Knit_Crew_Neck_Sweater/img_00000023.jpg,16,train,data/raw/deepfashion/img/Knit_Crew_Neck_Sweater/img_00000023.jpg,dress
img/Scalloped_Lace_Shorts/img_00000055.jpg,32,train,data/raw/deepfashion/img/Scalloped_Lace_Shorts/img_00000055.jpg,dress
img/Cuffed_Low-Rise_Denim_Shorts/img_00000033.jpg,32,train,data/raw/deepfashion/img/Cuffed_Low-Rise_Denim_Shorts/img_00000033.jpg,dress
img/Classic_Wash_Denim_Skirt/img_00000040.jpg,33,train,data/raw/deepfashion/img/Classic_Wash_Denim_Skirt/img_00000040.jpg,dress
img/Textured_Pencil_Skirt/img_00000031.jpg,33,train,data/raw/deepfashion/img/Textured_Pencil_Skirt/img_00000031.jpg,dress
img/Grid_Print_Zippered_Skirt/img_00000045.jpg,33,train,data/raw/deepfashion/img/Grid_Print_Zippered_Skirt/img_00000045.jpg,dress
img/Performance_Capri_Leggings/img_00000052.jpg,30,train,data/raw/deepfashion/img/Performance_Capri_Leggings/img_00000052.jpg,dress
img/Knit_Chambray_Dolphin_Shorts/img_00000018.jpg,32,train,data/raw/deepfashion/img/Knit_Chambray_Dolphin_Shorts/img_00000018.jpg,dress
img/Cable_Knit_Striped_Sweater/img_00000063.jpg,16,train,data/raw/deepfashion/img/Cable_Knit_Striped_Sweater/img_00000063.jpg,dress
img/Cloud_Wash_Cuffed_Shorts/img_00000033.jpg,32,train,data/raw/deepfashion/img/Cloud_Wash_Cuffed_Shorts/img_00000033.jpg,dress
img/Tasseled_Open-Knit_Sweater/img_00000005.jpg,16,train,data/raw/deepfashion/img/Tasseled_Open-Knit_Sweater/img_00000005.jpg,dress
img/Classic_Zippered_Joggers/img_00000006.jpg,29,train,data/raw/deepfashion/img/Classic_Zippered_Joggers/img_00000006.jpg,dress
img/Ribbed_Stripe_A-Line_Skirt/img_00000005.jpg,33,train,data/raw/deepfashion/img/Ribbed_Stripe_A-Line_Skirt/img_00000005.jpg,dress
img/Rose_Print_Skirt/img_00000060.jpg,33,train,data/raw/deepfashion/img/Rose_Print_Skirt/img_00000060.jpg,dress
img/Palm_Camo_Chino_Joggers/img_00000020.jpg,29,train,data/raw/deepfashion/img/Palm_Camo_Chino_Joggers/img_00000020.jpg,dress
img/Striped_Cowl_Neck_Sweater/img_00000071.jpg,16,train,data/raw/deepfashion/img/Striped_Cowl_Neck_Sweater/img_00000071.jpg,dress
img/Heathered_Snoopy_Sweatpants/img_00000007.jpg,34,train,data/raw/deepfashion/img/Heathered_Snoopy_Sweatpants/img_00000007.jpg,dress
img/Floral_Stripe_Midi_Skirt/img_00000059.jpg,33,train,data/raw/deepfashion/img/Floral_Stripe_Midi_Skirt/img_00000059.jpg,dress
img/Drawstring_Crepe_Shorts/img_00000018.jpg,32,train,data/raw/deepfashion/img/Drawstring_Crepe_Shorts/img_00000018.jpg,dress
img/Brooklyn_Nets_Athletic_Shorts/img_00000017.jpg,32,train,data/raw/deepfashion/img/Brooklyn_Nets_Athletic_Shorts/img_00000017.jpg,dress
img/Leaf_Print_Joggers/img_00000063.jpg,29,train,data/raw/deepfashion/img/Leaf_Print_Joggers/img_00000063.jpg,dress
img/Organza_Overlay_Sweater/img_00000044.jpg,16,train,data/raw/deepfashion/img/Organza_Overlay_Sweater/img_00000044.jpg,dress
img/Lace_Print_Skirt/img_00000009.jpg,33,train,data/raw/deepfashion/img/Lace_Print_Skirt/img_00000009.jpg,dress
img/High-Waisted_Rose_Print_Shorts/img_00000037.jpg,32,train,data/raw/deepfashion/img/High-Waisted_Rose_Print_Shorts/img_00000037.jpg,dress
img/Marled_Crochet-Back_Sweater/img_00000004.jpg,16,train,data/raw/deepfashion/img/Marled_Crochet-Back_Sweater/img_00000004.jpg,dress
img/Cuffed_Low-Rise_Denim_Shorts/img_00000005.jpg,32,train,data/raw/deepfashion/img/Cuffed_Low-Rise_Denim_Shorts/img_00000005.jpg,dress
img/Lace-Trimmed_Denim_Shorts/img_00000009.jpg,32,train,data/raw/deepfashion/img/Lace-Trimmed_Denim_Shorts/img_00000009.jpg,dress
img/Faux_Leather_Trimmed_Joggers/img_00000002.jpg,29,train,data/raw/deepfashion/img/Faux_Leather_Trimmed_Joggers/img_00000002.jpg,dress
img/Marled_Cable_Knit_Sweater/img_00000010.jpg,16,train,data/raw/deepfashion/img/Marled_Cable_Knit_Sweater/img_00000010.jpg,dress
img/Hooded_Striped_Sweater/img_00000006.jpg,16,train,data/raw/deepfashion/img/Hooded_Striped_Sweater/img_00000006.jpg,dress
img/Quilted_Sweatpants/img_00000051.jpg,34,train,data/raw/deepfashion/img/Quilted_Sweatpants/img_00000051.jpg,dress
img/Lacy_Pintucked_PJ_Shorts/img_00000007.jpg,32,train,data/raw/deepfashion/img/Lacy_Pintucked_PJ_Shorts/img_00000007.jpg,dress
img/Floral_Print_PJ_Shorts/img_00000052.jpg,32,train,data/raw/deepfashion/img/Floral_Print_PJ_Shorts/img_00000052.jpg,dress
img/Tiered_Crochet_Mini_Skirt/img_00000046.jpg,33,train,data/raw/deepfashion/img/Tiered_Crochet_Mini_Skirt/img_00000046.jpg,dress
img/Crochet-Trimmed_Dolphin_Shorts/img_00000021.jpg,32,train,data/raw/deepfashion/img/Crochet-Trimmed_Dolphin_Shorts/img_00000021.jpg,dress
img/French_Terry_Sweatshorts/img_00000018.jpg,35,train,data/raw/deepfashion/img/French_Terry_Sweatshorts/img_00000018.jpg,dress
img/Abstract_Print_Drawstring_Shorts/img_00000016.jpg,32,train,data/raw/deepfashion/img/Abstract_Print_Drawstring_Shorts/img_00000016.jpg,dress
img/Striped_Fold-Over_Maxi_Skirt/img_00000073.jpg,33,train,data/raw/deepfashion/img/Striped_Fold-Over_Maxi_Skirt/img_00000073.jpg,dress
img/Floral_Lace_Pencil_Skirt/img_00000016.jpg,33,train,data/raw/deepfashion/img/Floral_Lace_Pencil_Skirt/img_00000016.jpg,dress
img/Heathered_High-Waisted_Shorts/img_00000021.jpg,32,train,data/raw/deepfashion/img/Heathered_High-Waisted_Shorts/img_00000021.jpg,dress
img/Velvet_Floral_Sweatpants/img_00000047.jpg,34,train,data/raw/deepfashion/img/Velvet_Floral_Sweatpants/img_00000047.jpg,dress
img/Heathered_Zip_Pocket_Sweatpants/img_00000007.jpg,34,train,data/raw/deepfashion/img/Heathered_Zip_Pocket_Sweatpants/img_00000007.jpg,dress
img/Striped_Crew_Neck_Sweater/img_00000049.jpg,16,train,data/raw/deepfashion/img/Striped_Crew_Neck_Sweater/img_00000049.jpg,dress
img/Textured_Faux_Fur_Coat/img_00000039.jpg,39,train,data/raw/deepfashion/img/Textured_Faux_Fur_Coat/img_00000039.jpg,dress
img/Trouble_Sweater/img_00000037.jpg,16,train,data/raw/deepfashion/img/Trouble_Sweater/img_00000037.jpg,dress
img/Mesh-Pocket_Sweatshorts/img_00000062.jpg,35,train,data/raw/deepfashion/img/Mesh-Pocket_Sweatshorts/img_00000062.jpg,dress
img/Butterfly_Print_PJ_Shorts/img_00000062.jpg,32,train,data/raw/deepfashion/img/Butterfly_Print_PJ_Shorts/img_00000062.jpg,dress
img/Paneled_Grid_Print_Shorts/img_00000017.jpg,32,train,data/raw/deepfashion/img/Paneled_Grid_Print_Shorts/img_00000017.jpg,dress
img/Geo_Stripe_Flat_Front_Shorts/img_00000007.jpg,32,train,data/raw/deepfashion/img/Geo_Stripe_Flat_Front_Shorts/img_00000007.jpg,dress
img/Zippered_High-Neck_Sweater/img_00000059.jpg,16,train,data/raw/deepfashion/img/Zippered_High-Neck_Sweater/img_00000059.jpg,dress
img/Leopard_Print_Cutoff_Sweatshorts/img_00000041.jpg,35,train,data/raw/deepfashion/img/Leopard_Print_Cutoff_Sweatshorts/img_00000041.jpg,dress
img/Windowpane_Print_Skater_Skirt/img_00000027.jpg,33,train,data/raw/deepfashion/img/Windowpane_Print_Skater_Skirt/img_00000027.jpg,dress
img/Heathered_Graphite_Floral_Sweatshorts/img_00000015.jpg,35,train,data/raw/deepfashion/img/Heathered_Graphite_Floral_Sweatshorts/img_00000015.jpg,dress
img/Floral_Raglan_Sweater/img_00000006.jpg,16,train,data/raw/deepfashion/img/Floral_Raglan_Sweater/img_00000006.jpg,dress
img/Peter_Pan_Collar_Sweater/img_00000064.jpg,16,train,data/raw/deepfashion/img/Peter_Pan_Collar_Sweater/img_00000064.jpg,dress
img/Rose_Print_Shorts/img_00000038.jpg,32,train,data/raw/deepfashion/img/Rose_Print_Shorts/img_00000038.jpg,dress
img/Floral_Tapestry_Shorts/img_00000032.jpg,32,train,data/raw/deepfashion/img/Floral_Tapestry_Shorts/img_00000032.jpg,dress
img/Scarf-Print_Pencil_Skirt/img_00000031.jpg,33,train,data/raw/deepfashion/img/Scarf-Print_Pencil_Skirt/img_00000031.jpg,dress
img/Faux_Leather_Shorts/img_00000006.jpg,32,train,data/raw/deepfashion/img/Faux_Leather_Shorts/img_00000006.jpg,dress
img/Ikat_Print_Leggings/img_00000016.jpg,30,train,data/raw/deepfashion/img/Ikat_Print_Leggings/img_00000016.jpg,dress
img/Athletic_Marled_Knit_Joggers/img_00000010.jpg,29,train,data/raw/deepfashion/img/Athletic_Marled_Knit_Joggers/img_00000010.jpg,dress
img/Ditsy_Floral-Patterned_Shorts/img_00000020.jpg,32,train,data/raw/deepfashion/img/Ditsy_Floral-Patterned_Shorts/img_00000020.jpg,dress
img/Chevron_Open-Knit_Sweater/img_00000027.jpg,16,train,data/raw/deepfashion/img/Chevron_Open-Knit_Sweater/img_00000027.jpg,dress
img/Classic_Fold-Over_Maxi_Skirt/img_00000063.jpg,33,train,data/raw/deepfashion/img/Classic_Fold-Over_Maxi_Skirt/img_00000063.jpg,dress
img/Striped_Bodycon_Skirt/img_00000022.jpg,33,train,data/raw/deepfashion/img/Striped_Bodycon_Skirt/img_00000022.jpg,dress
img/Cargo_Joggers/img_00000023.jpg,29,train,data/raw/deepfashion/img/Cargo_Joggers/img_00000023.jpg,dress
img/Southwestern_Pattern_Sweater/img_00000026.jpg,16,train,data/raw/deepfashion/img/Southwestern_Pattern_Sweater/img_00000026.jpg,dress
img/French_Terry_Shorts/img_00000012.jpg,32,train,data/raw/deepfashion/img/French_Terry_Shorts/img_00000012.jpg,dress
img/Voyager_Shorts/img_00000053.jpg,32,train,data/raw/deepfashion/img/Voyager_Shorts/img_00000053.jpg,dress
img/Checkered_Leggings/img_00000085.jpg,30,train,data/raw/deepfashion/img/Checkered_Leggings/img_00000085.jpg,dress
img/Two-Tone_Denim_Shorts/img_00000039.jpg,32,train,data/raw/deepfashion/img/Two-Tone_Denim_Shorts/img_00000039.jpg,dress
img/Belted_Tropical_Shorts/img_00000037.jpg,32,train,data/raw/deepfashion/img/Belted_Tropical_Shorts/img_00000037.jpg,dress
img/Mixed_Knit_Cowl_Neck_Sweater/img_00000015.jpg,16,train,data/raw/deepfashion/img/Mixed_Knit_Cowl_Neck_Sweater/img_00000015.jpg,dress
img/Mineral_Wash_Pencil_Skirt/img_00000032.jpg,33,train,data/raw/deepfashion/img/Mineral_Wash_Pencil_Skirt/img_00000032.jpg,dress
img/Lemon_Print_Shorts/img_00000054.jpg,32,train,data/raw/deepfashion/img/Lemon_Print_Shorts/img_00000054.jpg,dress
img/Cropped_Mock_Neck_Sweater/img_00000063.jpg,16,train,data/raw/deepfashion/img/Cropped_Mock_Neck_Sweater/img_00000063.jpg,dress
img/Structured_Mesh_Skater_Skirt/img_00000004.jpg,33,train,data/raw/deepfashion/img/Structured_Mesh_Skater_Skirt/img_00000004.jpg,dress
img/Kangaroo_Pocket_Harem_Joggers/img_00000005.jpg,29,train,data/raw/deepfashion/img/Kangaroo_Pocket_Harem_Joggers/img_00000005.jpg,dress
img/Lace_Mini_Skirt/img_00000011.jpg,33,train,data/raw/deepfashion/img/Lace_Mini_Skirt/img_00000011.jpg,dress
img/Deep_V-Neck_Sweater/img_00000022.jpg,16,train,data/raw/deepfashion/img/Deep_V-Neck_Sweater/img_00000022.jpg,dress
img/Diagonal_Plaid_Skirt/img_00000036.jpg,33,train,data/raw/deepfashion/img/Diagonal_Plaid_Skirt/img_00000036.jpg,dress
img/Linen-Blend_Cargo_Shorts/img_00000024.jpg,32,train,data/raw/deepfashion/img/Linen-Blend_Cargo_Shorts/img_00000024.jpg,dress
img/Leopard_Print_Knit_Sweatpants/img_00000034.jpg,34,train,data/raw/deepfashion/img/Leopard_Print_Knit_Sweatpants/img_00000034.jpg,dress
img/Floral_Print_Leggings/img_00000081.jpg,30,train,data/raw/deepfashion/img/Floral_Print_Leggings/img_00000081.jpg,dress
img/Southwestern-Patterned_Shorts/img_00000002.jpg,32,train,data/raw/deepfashion/img/Southwestern-Patterned_Shorts/img_00000002.jpg,dress
img/Chenille_&_Metallic_Knit_Skirt/img_00000001.jpg,33,train,data/raw/deepfashion/img/Chenille_&_Metallic_Knit_Skirt/img_00000001.jpg,dress
img/Metallic_Knit_Shorts/img_00000034.jpg,32,train,data/raw/deepfashion/img/Metallic_Knit_Shorts/img_00000034.jpg,dress
img/Double-Breasted_Trench_Coat/img_00000020.jpg,39,train,data/raw/deepfashion/img/Double-Breasted_Trench_Coat/img_00000020.jpg,dress
img/Frond_Print_Pencil_Skirt/img_00000029.jpg,33,train,data/raw/deepfashion/img/Frond_Print_Pencil_Skirt/img_00000029.jpg,dress
img/Front_Slit_Pencil_Skirt/img_00000003.jpg,33,train,data/raw/deepfashion/img/Front_Slit_Pencil_Skirt/img_00000003.jpg,dress
img/Shirred_Waist_Mini_Skirt/img_00000028.jpg,33,train,data/raw/deepfashion/img/Shirred_Waist_Mini_Skirt/img_00000028.jpg,dress
img/Life_in_Progress_Striped_Linen-Blend_Shorts/img_00000020.jpg,32,train,data/raw/deepfashion/img/Life_in_Progress_Striped_Linen-Blend_Shorts/img_00000020.jpg,dress
img/Classic_Boy_Shorts/img_00000004.jpg,32,train,data/raw/deepfashion/img/Classic_Boy_Shorts/img_00000004.jpg,dress
img/Whipstitched_Shorts/img_00000018.jpg,32,train,data/raw/deepfashion/img/Whipstitched_Shorts/img_00000018.jpg,dress
img/Ribbed_Stripe_Mini_Skirt/img_00000003.jpg,33,train,data/raw/deepfashion/img/Ribbed_Stripe_Mini_Skirt/img_00000003.jpg,dress
img/Woven_Trench_Coat/img_00000019.jpg,39,train,data/raw/deepfashion/img/Woven_Trench_Coat/img_00000019.jpg,dress
img/Chiffon-Paneled_Marled_Sweater/img_00000048.jpg,16,train,data/raw/deepfashion/img/Chiffon-Paneled_Marled_Sweater/img_00000048.jpg,dress
img/Diamond-Stitch_Sweatpants/img_00000010.jpg,34,train,data/raw/deepfashion/img/Diamond-Stitch_Sweatpants/img_00000010.jpg,dress
img/Abstract_Print_Workout_Leggings/img_00000054.jpg,30,train,data/raw/deepfashion/img/Abstract_Print_Workout_Leggings/img_00000054.jpg,dress
img/Favorite_Ankle_Leggings/img_00000071.jpg,30,train,data/raw/deepfashion/img/Favorite_Ankle_Leggings/img_00000071.jpg,dress
img/Boxy_Double-Breasted_Coat/img_00000040.jpg,39,train,data/raw/deepfashion/img/Boxy_Double-Breasted_Coat/img_00000040.jpg,dress
img/Rope-Drawstring_Swim_Trunks/img_00000037.jpg,36,train,data/raw/deepfashion/img/Rope-Drawstring_Swim_Trunks/img_00000037.jpg,dress
img/Loose-Knit_Sweater/img_00000024.jpg,16,train,data/raw/deepfashion/img/Loose-Knit_Sweater/img_00000024.jpg,dress
img/Classic_Mid-Rise_Shorts/img_00000024.jpg,32,train,data/raw/deepfashion/img/Classic_Mid-Rise_Shorts/img_00000024.jpg,dress
img/Lacy_Rose_PJ_Shorts/img_00000041.jpg,32,train,data/raw/deepfashion/img/Lacy_Rose_PJ_Shorts/img_00000041.jpg,dress
img/Tasseled_Lace-Up_Sweater/img_00000054.jpg,16,train,data/raw/deepfashion/img/Tasseled_Lace-Up_Sweater/img_00000054.jpg,dress
img/Striped_Tribal_Print_Sweatpants/img_00000026.jpg,34,train,data/raw/deepfashion/img/Striped_Tribal_Print_Sweatpants/img_00000026.jpg,dress
img/Striped_Mixed_Knit_Sweater/img_00000006.jpg,16,train,data/raw/deepfashion/img/Striped_Mixed_Knit_Sweater/img_00000006.jpg,dress
img/Daisy_Cutoff_Shorts/img_00000032.jpg,32,train,data/raw/deepfashion/img/Daisy_Cutoff_Shorts/img_00000032.jpg,dress
img/Floral_Crochet-Paneled_Sweater/img_00000001.jpg,16,train,data/raw/deepfashion/img/Floral_Crochet-Paneled_Sweater/img_00000001.jpg,dress
img/Pleated_Chiffon_Skirt/img_00000013.jpg,33,train,data/raw/deepfashion/img/Pleated_Chiffon_Skirt/img_00000013.jpg,dress
img/Leopard_Print_Skater_Skirt/img_00000053.jpg,33,train,data/raw/deepfashion/img/Leopard_Print_Skater_Skirt/img_00000053.jpg,dress
img/Baroque_Print_Drawstring_Shorts/img_00000018.jpg,32,train,data/raw/deepfashion/img/Baroque_Print_Drawstring_Shorts/img_00000018.jpg,dress
img/Heathered_Colorblocked_Leggings/img_00000007.jpg,30,train,data/raw/deepfashion/img/Heathered_Colorblocked_Leggings/img_00000007.jpg,dress
img/Paisley_Pattern_Pencil_Skirt/img_00000021.jpg,33,train,data/raw/deepfashion/img/Paisley_Pattern_Pencil_Skirt/img_00000021.jpg,dress
img/Striped_Box-Pleated_Skirt/img_00000007.jpg,33,train,data/raw/deepfashion/img/Striped_Box-Pleated_Skirt/img_00000007.jpg,dress
img/Reindeer_Pattern_Sweater/img_00000020.jpg,16,train,data/raw/deepfashion/img/Reindeer_Pattern_Sweater/img_00000020.jpg,dress
img/Creased-Front_Leggings/img_00000015.jpg,30,train,data/raw/deepfashion/img/Creased-Front_Leggings/img_00000015.jpg,dress
img/Leopard_Print_Sweatpants/img_00000013.jpg,34,train,data/raw/deepfashion/img/Leopard_Print_Sweatpants/img_00000013.jpg,dress
img/Abstract_Print-Trimmed_Shorts/img_00000019.jpg,32,train,data/raw/deepfashion/img/Abstract_Print-Trimmed_Shorts/img_00000019.jpg,dress
img/Sequined_Mini_Skirt/img_00000076.jpg,33,train,data/raw/deepfashion/img/Sequined_Mini_Skirt/img_00000076.jpg,dress
img/Marled_Terrycloth_PJ_Sweatpants/img_00000003.jpg,34,train,data/raw/deepfashion/img/Marled_Terrycloth_PJ_Sweatpants/img_00000003.jpg,dress
img/Floral_Lace_Shorts/img_00000029.jpg,32,train,data/raw/deepfashion/img/Floral_Lace_Shorts/img_00000029.jpg,dress
img/High-Waisted_Denim_Skirt/img_00000067.jpg,33,train,data/raw/deepfashion/img/High-Waisted_Denim_Skirt/img_00000067.jpg,dress
img/Easy_Chino_Shorts/img_00000001.jpg,32,train,data/raw/deepfashion/img/Easy_Chino_Shorts/img_00000001.jpg,dress
img/Rose_Print_Pleated_Skirt/img_00000026.jpg,33,train,data/raw/deepfashion/img/Rose_Print_Pleated_Skirt/img_00000026.jpg,dress
img/Ripped_Denim_Shorts/img_00000008.jpg,32,train,data/raw/deepfashion/img/Ripped_Denim_Shorts/img_00000008.jpg,dress
img/Life_in_Progress_Drawstring_Striped_Joggers/img_00000002.jpg,29,train,data/raw/deepfashion/img/Life_in_Progress_Drawstring_Striped_Joggers/img_00000002.jpg,dress
img/Striped_Denim_Shorts/img_00000026.jpg,32,train,data/raw/deepfashion/img/Striped_Denim_Shorts/img_00000026.jpg,dress
img/Paris_Graphic_Sweatpants/img_00000019.jpg,34,train,data/raw/deepfashion/img/Paris_Graphic_Sweatpants/img_00000019.jpg,dress
img/Betty_Boop_PJ_Shorts/img_00000045.jpg,32,train,data/raw/deepfashion/img/Betty_Boop_PJ_Shorts/img_00000045.jpg,dress
img/Colorblock_Heathered_Capri_Leggings/img_00000024.jpg,30,train,data/raw/deepfashion/img/Colorblock_Heathered_Capri_Leggings/img_00000024.jpg,dress
img/Classic_Chino_Shorts/img_00000014.jpg,32,train,data/raw/deepfashion/img/Classic_Chino_Shorts/img_00000014.jpg,dress
img/Waffle-Sleeve_Raglan_Sweater/img_00000017.jpg,16,train,data/raw/deepfashion/img/Waffle-Sleeve_Raglan_Sweater/img_00000017.jpg,dress
img/Mineral_Wash_Mini_Skirt/img_00000019.jpg,33,train,data/raw/deepfashion/img/Mineral_Wash_Mini_Skirt/img_00000019.jpg,dress
img/Zip-Pocket_Woven_Shorts/img_00000006.jpg,32,train,data/raw/deepfashion/img/Zip-Pocket_Woven_Shorts/img_00000006.jpg,dress
img/Tribal_Pattern_Sequin_Shorts/img_00000028.jpg,32,train,data/raw/deepfashion/img/Tribal_Pattern_Sequin_Shorts/img_00000028.jpg,dress
img/Inverted_Seam_Knit_Sweater/img_00000014.jpg,16,train,data/raw/deepfashion/img/Inverted_Seam_Knit_Sweater/img_00000014.jpg,dress
img/Boxy_Knit_Sweater/img_00000015.jpg,16,train,data/raw/deepfashion/img/Boxy_Knit_Sweater/img_00000015.jpg,dress
img/Metallic_Wrap_Skirt/img_00000044.jpg,33,train,data/raw/deepfashion/img/Metallic_Wrap_Skirt/img_00000044.jpg,dress
img/Chevron_Knit_Crewneck_Sweater/img_00000050.jpg,16,train,data/raw/deepfashion/img/Chevron_Knit_Crewneck_Sweater/img_00000050.jpg,dress
img/Chambray_Dolphin_Shorts/img_00000026.jpg,32,train,data/raw/deepfashion/img/Chambray_Dolphin_Shorts/img_00000026.jpg,dress
img/Open-Knit_Fisherman_Sweater/img_00000047.jpg,16,train,data/raw/deepfashion/img/Open-Knit_Fisherman_Sweater/img_00000047.jpg,dress
img/Swan_Print_PJ_Shorts/img_00000019.jpg,32,train,data/raw/deepfashion/img/Swan_Print_PJ_Shorts/img_00000019.jpg,dress
img/Faux_Leather_Trimmed_Joggers/img_00000038.jpg,29,train,data/raw/deepfashion/img/Faux_Leather_Trimmed_Joggers/img_00000038.jpg,dress
img/Classic_Double-Breasted_Trench_Coat/img_00000071.jpg,39,train,data/raw/deepfashion/img/Classic_Double-Breasted_Trench_Coat/img_00000071.jpg,dress
img/Striped_Fold-Over_Maxi_Skirt/img_00000015.jpg,33,train,data/raw/deepfashion/img/Striped_Fold-Over_Maxi_Skirt/img_00000015.jpg,dress
img/Lace-Trimmed_Denim_Shorts/img_00000021.jpg,32,train,data/raw/deepfashion/img/Lace-Trimmed_Denim_Shorts/img_00000021.jpg,dress
img/Cap-Sleeved_Turtleneck_Sweater/img_00000055.jpg,16,train,data/raw/deepfashion/img/Cap-Sleeved_Turtleneck_Sweater/img_00000055.jpg,dress
img/Reason_Faux_Suede_Joggers/img_00000047.jpg,29,train,data/raw/deepfashion/img/Reason_Faux_Suede_Joggers/img_00000047.jpg,dress
img/Fold-Over_Yoga_Leggings/img_00000043.jpg,30,train,data/raw/deepfashion/img/Fold-Over_Yoga_Leggings/img_00000043.jpg,dress
img/Zippered_Ponte_Knit_Leggings/img_00000020.jpg,30,train,data/raw/deepfashion/img/Zippered_Ponte_Knit_Leggings/img_00000020.jpg,dress
img/Crocheted_Tie-Dye_Maxi_Skirt/img_00000015.jpg,33,train,data/raw/deepfashion/img/Crocheted_Tie-Dye_Maxi_Skirt/img_00000015.jpg,dress
img/Zip_Pocket_Sweatpants/img_00000013.jpg,34,train,data/raw/deepfashion/img/Zip_Pocket_Sweatpants/img_00000013.jpg,dress
img/Loose-Knit_Boxy_Sweater/img_00000011.jpg,16,train,data/raw/deepfashion/img/Loose-Knit_Boxy_Sweater/img_00000011.jpg,dress
img/Scuba_Knit_Pencil_Skirt/img_00000038.jpg,33,train,data/raw/deepfashion/img/Scuba_Knit_Pencil_Skirt/img_00000038.jpg,dress
img/Classic_Knit_Skater_Skirt/img_00000007.jpg,33,train,data/raw/deepfashion/img/Classic_Knit_Skater_Skirt/img_00000007.jpg,dress
img/Rolled_V-Neck_Sweater/img_00000039.jpg,16,train,data/raw/deepfashion/img/Rolled_V-Neck_Sweater/img_00000039.jpg,dress
img/Colorblock_Mesh-Paneled_Leggings/img_00000011.jpg,30,train,data/raw/deepfashion/img/Colorblock_Mesh-Paneled_Leggings/img_00000011.jpg,dress
img/Cuffed_Denim_Bermuda_Shorts/img_00000064.jpg,32,train,data/raw/deepfashion/img/Cuffed_Denim_Bermuda_Shorts/img_00000064.jpg,dress
img/Linen_Capri_Joggers/img_00000040.jpg,29,train,data/raw/deepfashion/img/Linen_Capri_Joggers/img_00000040.jpg,dress
img/Destroyed_Denim_Shorts/img_00000025.jpg,32,train,data/raw/deepfashion/img/Destroyed_Denim_Shorts/img_00000025.jpg,dress
img/Zip-Front_Leggings/img_00000001.jpg,30,train,data/raw/deepfashion/img/Zip-Front_Leggings/img_00000001.jpg,dress
img/Asymmetrical_Dolman_Sweater/img_00000025.jpg,16,train,data/raw/deepfashion/img/Asymmetrical_Dolman_Sweater/img_00000025.jpg,dress
img/Favorite_Capri_Leggings/img_00000020.jpg,30,train,data/raw/deepfashion/img/Favorite_Capri_Leggings/img_00000020.jpg,dress
img/Marled_Knit_Raglan_Sweater/img_00000015.jpg,16,train,data/raw/deepfashion/img/Marled_Knit_Raglan_Sweater/img_00000015.jpg,dress
img/Buttoned_Knee-Length_Skirt/img_00000025.jpg,33,train,data/raw/deepfashion/img/Buttoned_Knee-Length_Skirt/img_00000025.jpg,dress
img/Triangle-Patterned_Sequin_Shorts/img_00000023.jpg,32,train,data/raw/deepfashion/img/Triangle-Patterned_Sequin_Shorts/img_00000023.jpg,dress
img/Nautical_Print_Shorts/img_00000056.jpg,32,train,data/raw/deepfashion/img/Nautical_Print_Shorts/img_00000056.jpg,dress
img/Striped_Crew_Neck_Sweater/img_00000075.jpg,16,train,data/raw/deepfashion/img/Striped_Crew_Neck_Sweater/img_00000075.jpg,dress
img/Tartan_Plaid_PJ_Shorts/img_00000010.jpg,32,train,data/raw/deepfashion/img/Tartan_Plaid_PJ_Shorts/img_00000010.jpg,dress
img/Pleated-Waist_Shorts/img_00000072.jpg,32,train,data/raw/deepfashion/img/Pleated-Waist_Shorts/img_00000072.jpg,dress
img/Watercolor_Paneled_Sweater/img_00000008.jpg,16,train,data/raw/deepfashion/img/Watercolor_Paneled_Sweater/img_00000008.jpg,dress
img/Faux_Mohair_Sweater/img_00000015.jpg,16,train,data/raw/deepfashion/img/Faux_Mohair_Sweater/img_00000015.jpg,dress
img/Striped_Boxy_Sweater/img_00000005.jpg,16,train,data/raw/deepfashion/img/Striped_Boxy_Sweater/img_00000005.jpg,dress
img/Run_Graphic_Workout_Shorts/img_00000011.jpg,32,train,data/raw/deepfashion/img/Run_Graphic_Workout_Shorts/img_00000011.jpg,dress
img/Abstract_Chevron_Print_Shorts/img_00000023.jpg,32,train,data/raw/deepfashion/img/Abstract_Chevron_Print_Shorts/img_00000023.jpg,dress
img/Clean_Wash_High-Waisted_Shorts/img_00000033.jpg,32,train,data/raw/deepfashion/img/Clean_Wash_High-Waisted_Shorts/img_00000033.jpg,dress
img/Pleated_Floral_Plaid_Skirt/img_00000002.jpg,33,train,data/raw/deepfashion/img/Pleated_Floral_Plaid_Skirt/img_00000002.jpg,dress
img/Button-Front_Mini_Skirt/img_00000009.jpg,33,train,data/raw/deepfashion/img/Button-Front_Mini_Skirt/img_00000009.jpg,dress
img/Standout_Stripes_Mini_Skirt/img_00000020.jpg,33,train,data/raw/deepfashion/img/Standout_Stripes_Mini_Skirt/img_00000020.jpg,dress
img/Floral_Print_Tulip-Hem_Shorts/img_00000025.jpg,32,train,data/raw/deepfashion/img/Floral_Print_Tulip-Hem_Shorts/img_00000025.jpg,dress
img/Marled_Knit_Joggers/img_00000006.jpg,29,train,data/raw/deepfashion/img/Marled_Knit_Joggers/img_00000006.jpg,dress
img/Contrast-Trimmed_Sweater/img_00000008.jpg,16,train,data/raw/deepfashion/img/Contrast-Trimmed_Sweater/img_00000008.jpg,dress
img/Western-Inspired_Denim_Shorts/img_00000027.jpg,32,train,data/raw/deepfashion/img/Western-Inspired_Denim_Shorts/img_00000027.jpg,dress
img/Linen_Drawstring_Shorts/img_00000066.jpg,32,train,data/raw/deepfashion/img/Linen_Drawstring_Shorts/img_00000066.jpg,dress
img/Pleated_Chiffon_Skirt/img_00000065.jpg,33,train,data/raw/deepfashion/img/Pleated_Chiffon_Skirt/img_00000065.jpg,dress
img/Watercolor_Paneled_Sweater/img_00000020.jpg,16,train,data/raw/deepfashion/img/Watercolor_Paneled_Sweater/img_00000020.jpg,dress
img/Mixed_Print_Sweatpants/img_00000013.jpg,34,train,data/raw/deepfashion/img/Mixed_Print_Sweatpants/img_00000013.jpg,dress
img/Ornate_Woven_Shorts/img_00000021.jpg,32,train,data/raw/deepfashion/img/Ornate_Woven_Shorts/img_00000021.jpg,dress
img/Heathered_Wool_Sweater/img_00000023.jpg,16,train,data/raw/deepfashion/img/Heathered_Wool_Sweater/img_00000023.jpg,dress
img/Loose-Knit_Sweater/img_00000019.jpg,16,train,data/raw/deepfashion/img/Loose-Knit_Sweater/img_00000019.jpg,dress
img/Abstract_Geo-Embroidered_Shorts/img_00000018.jpg,32,train,data/raw/deepfashion/img/Abstract_Geo-Embroidered_Shorts/img_00000018.jpg,dress
img/Leopard_Print_Cutoff_Sweatshorts/img_00000029.jpg,35,train,data/raw/deepfashion/img/Leopard_Print_Cutoff_Sweatshorts/img_00000029.jpg,dress
img/Wildflower_Denim_Shorts/img_00000021.jpg,32,train,data/raw/deepfashion/img/Wildflower_Denim_Shorts/img_00000021.jpg,dress
img/Braided_Crew_Neck_Sweater/img_00000018.jpg,16,train,data/raw/deepfashion/img/Braided_Crew_Neck_Sweater/img_00000018.jpg,dress
img/Boxy_Double-Breasted_Coat/img_00000009.jpg,39,train,data/raw/deepfashion/img/Boxy_Double-Breasted_Coat/img_00000009.jpg,dress
img/Sequined_Tweed_Skirt/img_00000017.jpg,33,train,data/raw/deepfashion/img/Sequined_Tweed_Skirt/img_00000017.jpg,dress
img/Seamless_Athletic_Capri_Leggings/img_00000020.jpg,30,train,data/raw/deepfashion/img/Seamless_Athletic_Capri_Leggings/img_00000020.jpg,dress
img/Boxy_Soft-Knit_Sweater/img_00000032.jpg,16,train,data/raw/deepfashion/img/Boxy_Soft-Knit_Sweater/img_00000032.jpg,dress
img/Contrast-Trimmed_Sweater/img_00000028.jpg,16,train,data/raw/deepfashion/img/Contrast-Trimmed_Sweater/img_00000028.jpg,dress
img/Buttoned-Up_Denim_Shorts/img_00000042.jpg,32,train,data/raw/deepfashion/img/Buttoned-Up_Denim_Shorts/img_00000042.jpg,dress
img/Tropical_Print_Sweatpants/img_00000007.jpg,34,train,data/raw/deepfashion/img/Tropical_Print_Sweatpants/img_00000007.jpg,dress
img/Lace_PJ_Shorts/img_00000059.jpg,32,train,data/raw/deepfashion/img/Lace_PJ_Shorts/img_00000059.jpg,dress
img/Buttoned_Woven_Joggers/img_00000015.jpg,29,train,data/raw/deepfashion/img/Buttoned_Woven_Joggers/img_00000015.jpg,dress
img/Polka_Dot_Woven_Shorts/img_00000037.jpg,32,train,data/raw/deepfashion/img/Polka_Dot_Woven_Shorts/img_00000037.jpg,dress
img/Zigzag_Floral_Print_Skirt/img_00000044.jpg,33,train,data/raw/deepfashion/img/Zigzag_Floral_Print_Skirt/img_00000044.jpg,dress
img/Crossover-Waist_Athletic_Shorts/img_00000016.jpg,32,train,data/raw/deepfashion/img/Crossover-Waist_Athletic_Shorts/img_00000016.jpg,dress
img/Marled_Knit_Joggers/img_00000022.jpg,29,train,data/raw/deepfashion/img/Marled_Knit_Joggers/img_00000022.jpg,dress
img/High-Waisted_Denim_Pencil_Skirt/img_00000006.jpg,33,train,data/raw/deepfashion/img/High-Waisted_Denim_Pencil_Skirt/img_00000006.jpg,dress
img/Mock_Neck_Fuzzy_Sweater/img_00000045.jpg,16,train,data/raw/deepfashion/img/Mock_Neck_Fuzzy_Sweater/img_00000045.jpg,dress
img/Heathered_Performance_Leggings/img_00000005.jpg,30,train,data/raw/deepfashion/img/Heathered_Performance_Leggings/img_00000005.jpg,dress
img/Drawstring_Zippered_Sweatpants/img_00000013.jpg,34,train,data/raw/deepfashion/img/Drawstring_Zippered_Sweatpants/img_00000013.jpg,dress
img/Southwestern_Pattern_Drawstring_Shorts/img_00000002.jpg,32,train,data/raw/deepfashion/img/Southwestern_Pattern_Drawstring_Shorts/img_00000002.jpg,dress
img/Pinstriped_Denim_Shorts/img_00000023.jpg,32,train,data/raw/deepfashion/img/Pinstriped_Denim_Shorts/img_00000023.jpg,dress
img/High-Waisted_Plaid_Shorts/img_00000076.jpg,32,train,data/raw/deepfashion/img/High-Waisted_Plaid_Shorts/img_00000076.jpg,dress
img/Classic_Skater_Skirt/img_00000022.jpg,33,train,data/raw/deepfashion/img/Classic_Skater_Skirt/img_00000022.jpg,dress
img/Linen-Blend_Drawstring_Shorts/img_00000002.jpg,32,train,data/raw/deepfashion/img/Linen-Blend_Drawstring_Shorts/img_00000002.jpg,dress
img/Hooded_Southwestern-Inspired_Sweater/img_00000025.jpg,16,train,data/raw/deepfashion/img/Hooded_Southwestern-Inspired_Sweater/img_00000025.jpg,dress
img/Denim_Joggers/img_00000024.jpg,29,train,data/raw/deepfashion/img/Denim_Joggers/img_00000024.jpg,dress
img/Contrast_Marled_Knit_Sweater/img_00000032.jpg,16,train,data/raw/deepfashion/img/Contrast_Marled_Knit_Sweater/img_00000032.jpg,dress
img/Classic_Waffle_Knit_Sweater/img_00000035.jpg,16,train,data/raw/deepfashion/img/Classic_Waffle_Knit_Sweater/img_00000035.jpg,dress
img/Pleated-Waist_Shorts/img_00000048.jpg,32,train,data/raw/deepfashion/img/Pleated-Waist_Shorts/img_00000048.jpg,dress
img/Slouchy_Marled_Sweater/img_00000034.jpg,16,train,data/raw/deepfashion/img/Slouchy_Marled_Sweater/img_00000034.jpg,dress
img/Love_Graphic_Marled_Sweatpants/img_00000017.jpg,34,train,data/raw/deepfashion/img/Love_Graphic_Marled_Sweatpants/img_00000017.jpg,dress
img/Reverse-Paneled_French_Terry_Sweatpants/img_00000003.jpg,34,train,data/raw/deepfashion/img/Reverse-Paneled_French_Terry_Sweatpants/img_00000003.jpg,dress
img/Cropped_Knit_Sweater/img_00000043.jpg,16,train,data/raw/deepfashion/img/Cropped_Knit_Sweater/img_00000043.jpg,dress
img/Ornate-Embroidered_Denim_Shorts/img_00000009.jpg,32,train,data/raw/deepfashion/img/Ornate-Embroidered_Denim_Shorts/img_00000009.jpg,dress
img/Classic_Wash_Denim_Skirt/img_00000022.jpg,33,train,data/raw/deepfashion/img/Classic_Wash_Denim_Skirt/img_00000022.jpg,dress
img/Waffle_Knit_Sweater/img_00000006.jpg,16,train,data/raw/deepfashion/img/Waffle_Knit_Sweater/img_00000006.jpg,dress
img/Classic_Tunic_Sweater/img_00000039.jpg,16,train,data/raw/deepfashion/img/Classic_Tunic_Sweater/img_00000039.jpg,dress
img/Floral_Print_PJ_Shorts/img_00000044.jpg,32,train,data/raw/deepfashion/img/Floral_Print_PJ_Shorts/img_00000044.jpg,dress
img/Houndstooth_Plaid_Shorts/img_00000061.jpg,32,train,data/raw/deepfashion/img/Houndstooth_Plaid_Shorts/img_00000061.jpg,dress
img/Floral_Print_Shorts/img_00000016.jpg,32,train,data/raw/deepfashion/img/Floral_Print_Shorts/img_00000016.jpg,dress
img/Abstract-Stripe_Fuzzy_Sweater/img_00000003.jpg,16,train,data/raw/deepfashion/img/Abstract-Stripe_Fuzzy_Sweater/img_00000003.jpg,dress
img/Paneled_Knit_Leggings/img_00000016.jpg,30,train,data/raw/deepfashion/img/Paneled_Knit_Leggings/img_00000016.jpg,dress
img/Pleated_High-Waisted_Shorts/img_00000002.jpg,32,train,data/raw/deepfashion/img/Pleated_High-Waisted_Shorts/img_00000002.jpg,dress
img/Blue_Jeans_Acid_Wash_Shorts/img_00000061.jpg,32,train,data/raw/deepfashion/img/Blue_Jeans_Acid_Wash_Shorts/img_00000061.jpg,dress
img/Acid_Wash_Denim_Joggers/img_00000057.jpg,29,train,data/raw/deepfashion/img/Acid_Wash_Denim_Joggers/img_00000057.jpg,dress
img/Lemon_Print_Shorts/img_00000028.jpg,32,train,data/raw/deepfashion/img/Lemon_Print_Shorts/img_00000028.jpg,dress
img/Abstract_Ombre_Capri_Leggings/img_00000014.jpg,30,train,data/raw/deepfashion/img/Abstract_Ombre_Capri_Leggings/img_00000014.jpg,dress
img/Acid_Wash_Mom_Jeans/img_00000067.jpg,26,train,data/raw/deepfashion/img/Acid_Wash_Mom_Jeans/img_00000067.jpg,pants_or_shorts
img/Distressed_Wash_-_Slim_Zippered_Jeans/img_00000016.jpg,26,train,data/raw/deepfashion/img/Distressed_Wash_-_Slim_Zippered_Jeans/img_00000016.jpg,pants_or_shorts
img/High-Rise_Denim_Cutoffs/img_00000019.jpg,24,train,data/raw/deepfashion/img/High-Rise_Denim_Cutoffs/img_00000019.jpg,pants_or_shorts
img/Distressed_Acid_Wash_Cutoffs/img_00000008.jpg,24,train,data/raw/deepfashion/img/Distressed_Acid_Wash_Cutoffs/img_00000008.jpg,pants_or_shorts
img/Polka_Dot_Skinny_Jeans/img_00000065.jpg,26,train,data/raw/deepfashion/img/Polka_Dot_Skinny_Jeans/img_00000065.jpg,pants_or_shorts
img/Acid_Wash_Ankle_Jeans/img_00000060.jpg,26,train,data/raw/deepfashion/img/Acid_Wash_Ankle_Jeans/img_00000060.jpg,pants_or_shorts
img/Bleached_Denim_Cutoffs/img_00000059.jpg,24,train,data/raw/deepfashion/img/Bleached_Denim_Cutoffs/img_00000059.jpg,pants_or_shorts
img/Clean_Wash_High-Rise_Skinny_Jeans/img_00000019.jpg,26,train,data/raw/deepfashion/img/Clean_Wash_High-Rise_Skinny_Jeans/img_00000019.jpg,pants_or_shorts
img/Distressed_Light_Wash_-_Slim_Fit_Jeans/img_00000020.jpg,26,train,data/raw/deepfashion/img/Distressed_Light_Wash_-_Slim_Fit_Jeans/img_00000020.jpg,pants_or_shorts
img/Classic_Slim_Denim_Jeans/img_00000061.jpg,26,train,data/raw/deepfashion/img/Classic_Slim_Denim_Jeans/img_00000061.jpg,pants_or_shorts
img/Kaleidoscope_Print_Culottes/img_00000023.jpg,23,train,data/raw/deepfashion/img/Kaleidoscope_Print_Culottes/img_00000023.jpg,pants_or_shorts
img/Mineral_Wash_High-Rise_Skinny_Jeans/img_00000052.jpg,26,train,data/raw/deepfashion/img/Mineral_Wash_High-Rise_Skinny_Jeans/img_00000052.jpg,pants_or_shorts
img/Distressed_Straight-Leg_Jeans/img_00000009.jpg,26,train,data/raw/deepfashion/img/Distressed_Straight-Leg_Jeans/img_00000009.jpg,pants_or_shorts
img/Polka_Dot_Skinny_Jeans/img_00000064.jpg,26,train,data/raw/deepfashion/img/Polka_Dot_Skinny_Jeans/img_00000064.jpg,pants_or_shorts
img/Cloud_Wash_Jeans/img_00000032.jpg,26,train,data/raw/deepfashion/img/Cloud_Wash_Jeans/img_00000032.jpg,pants_or_shorts
img/Classic_Mom_Jeans/img_00000049.jpg,26,train,data/raw/deepfashion/img/Classic_Mom_Jeans/img_00000049.jpg,pants_or_shorts
img/Buttoned_Distressed_Denim_Cutoffs/img_00000004.jpg,24,train,data/raw/deepfashion/img/Buttoned_Distressed_Denim_Cutoffs/img_00000004.jpg,pants_or_shorts
img/High-Waisted_Distressed_Boyfriend_Jeans/img_00000013.jpg,26,train,data/raw/deepfashion/img/High-Waisted_Distressed_Boyfriend_Jeans/img_00000013.jpg,pants_or_shorts
img/Mineral_Wash_Denim_Cutoffs/img_00000006.jpg,24,train,data/raw/deepfashion/img/Mineral_Wash_Denim_Cutoffs/img_00000006.jpg,pants_or_shorts
img/Destroyed_Slim-Leg_Jeans/img_00000062.jpg,26,train,data/raw/deepfashion/img/Destroyed_Slim-Leg_Jeans/img_00000062.jpg,pants_or_shorts
img/Buttoned_Distressed_Denim_Cutoffs/img_00000007.jpg,24,train,data/raw/deepfashion/img/Buttoned_Distressed_Denim_Cutoffs/img_00000007.jpg,pants_or_shorts
img/Velveteen_Paisley_Skinny_Jeans/img_00000025.jpg,26,train,data/raw/deepfashion/img/Velveteen_Paisley_Skinny_Jeans/img_00000025.jpg,pants_or_shorts
img/Destroyed_Double-Button_Jeans/img_00000061.jpg,26,train,data/raw/deepfashion/img/Destroyed_Double-Button_Jeans/img_00000061.jpg,pants_or_shorts
img/Destroyed_Slim-Leg_Jeans/img_00000013.jpg,26,train,data/raw/deepfashion/img/Destroyed_Slim-Leg_Jeans/img_00000013.jpg,pants_or_shorts
img/Everyday_Skinny_Jeans/img_00000056.jpg,26,train,data/raw/deepfashion/img/Everyday_Skinny_Jeans/img_00000056.jpg,pants_or_shorts
img/Stonewash-_Skinny_Jeans/img_00000058.jpg,26,train,data/raw/deepfashion/img/Stonewash-_Skinny_Jeans/img_00000058.jpg,pants_or_shorts
img/Pleated_Culottes/img_00000022.jpg,23,train,data/raw/deepfashion/img/Pleated_Culottes/img_00000022.jpg,pants_or_shorts
img/Buttoned_High-Waisted_Skinny_Jeans/img_00000046.jpg,26,train,data/raw/deepfashion/img/Buttoned_High-Waisted_Skinny_Jeans/img_00000046.jpg,pants_or_shorts
img/Drawstring_Culottes/img_00000027.jpg,23,train,data/raw/deepfashion/img/Drawstring_Culottes/img_00000027.jpg,pants_or_shorts
img/Mid-Rise_-_Mineral_Wash_Skinny_Jeans/img_00000015.jpg,26,train,data/raw/deepfashion/img/Mid-Rise_-_Mineral_Wash_Skinny_Jeans/img_00000015.jpg,pants_or_shorts
img/Elasticized_Flared_Jeans/img_00000002.jpg,26,train,data/raw/deepfashion/img/Elasticized_Flared_Jeans/img_00000002.jpg,pants_or_shorts
img/Classic_Soft_Jeggings/img_00000061.jpg,27,train,data/raw/deepfashion/img/Classic_Soft_Jeggings/img_00000061.jpg,pants_or_shorts
img/Flared_Jeans/img_00000006.jpg,26,train,data/raw/deepfashion/img/Flared_Jeans/img_00000006.jpg,pants_or_shorts
img/Chic_High-Waisted_Jeggings/img_00000048.jpg,27,train,data/raw/deepfashion/img/Chic_High-Waisted_Jeggings/img_00000048.jpg,pants_or_shorts
img/Distressed_Mid-Rise_Skinny_Jeans/img_00000030.jpg,26,train,data/raw/deepfashion/img/Distressed_Mid-Rise_Skinny_Jeans/img_00000030.jpg,pants_or_shorts
img/High-Waisted_Matelot_Skinny_Jeans/img_00000010.jpg,26,train,data/raw/deepfashion/img/High-Waisted_Matelot_Skinny_Jeans/img_00000010.jpg,pants_or_shorts
img/Pleated_Wide-Leg_Culottes/img_00000008.jpg,23,train,data/raw/deepfashion/img/Pleated_Wide-Leg_Culottes/img_00000008.jpg,pants_or_shorts
img/Clean_Wash_Jeggings/img_00000050.jpg,27,train,data/raw/deepfashion/img/Clean_Wash_Jeggings/img_00000050.jpg,pants_or_shorts
img/Tonal-Topstitched_Skinny_Jeans/img_00000038.jpg,26,train,data/raw/deepfashion/img/Tonal-Topstitched_Skinny_Jeans/img_00000038.jpg,pants_or_shorts
img/Mineral_Wash_Jeggings/img_00000008.jpg,27,train,data/raw/deepfashion/img/Mineral_Wash_Jeggings/img_00000008.jpg,pants_or_shorts
img/Flared_Jeans/img_00000036.jpg,26,train,data/raw/deepfashion/img/Flared_Jeans/img_00000036.jpg,pants_or_shorts
img/Drawstring_Culottes/img_00000003.jpg,23,train,data/raw/deepfashion/img/Drawstring_Culottes/img_00000003.jpg,pants_or_shorts
img/High-Waisted_Matelot_Skinny_Jeans/img_00000017.jpg,26,train,data/raw/deepfashion/img/High-Waisted_Matelot_Skinny_Jeans/img_00000017.jpg,pants_or_shorts
img/Tonal-Topstitched_Skinny_Jeans/img_00000013.jpg,26,train,data/raw/deepfashion/img/Tonal-Topstitched_Skinny_Jeans/img_00000013.jpg,pants_or_shorts
img/Ripped_&_Frayed_Denim_Cutoffs/img_00000021.jpg,24,train,data/raw/deepfashion/img/Ripped_&_Frayed_Denim_Cutoffs/img_00000021.jpg,pants_or_shorts
img/High-Waisted_Distressed_Cutoffs/img_00000016.jpg,24,train,data/raw/deepfashion/img/High-Waisted_Distressed_Cutoffs/img_00000016.jpg,pants_or_shorts
img/High-Rise_Mom_Jeans/img_00000031.jpg,26,train,data/raw/deepfashion/img/High-Rise_Mom_Jeans/img_00000031.jpg,pants_or_shorts
img/Faded_Mid-Rise_Skinny_Jeans/img_00000015.jpg,26,train,data/raw/deepfashion/img/Faded_Mid-Rise_Skinny_Jeans/img_00000015.jpg,pants_or_shorts
img/Mineral_Wash_Jeggings/img_00000045.jpg,27,train,data/raw/deepfashion/img/Mineral_Wash_Jeggings/img_00000045.jpg,pants_or_shorts
img/White_Distressed_Skinny_Jeans/img_00000080.jpg,26,train,data/raw/deepfashion/img/White_Distressed_Skinny_Jeans/img_00000080.jpg,pants_or_shorts
img/Distressed_Cloud_Wash_Cutoffs/img_00000013.jpg,24,train,data/raw/deepfashion/img/Distressed_Cloud_Wash_Cutoffs/img_00000013.jpg,pants_or_shorts
img/High-Waisted_Distressed_Boyfriend_Jeans/img_00000024.jpg,26,train,data/raw/deepfashion/img/High-Waisted_Distressed_Boyfriend_Jeans/img_00000024.jpg,pants_or_shorts
img/Dark_Wash_-_Paneled_Skinny_Jeans/img_00000032.jpg,26,train,data/raw/deepfashion/img/Dark_Wash_-_Paneled_Skinny_Jeans/img_00000032.jpg,pants_or_shorts
img/Faded_Mid-Rise_Skinny_Jeans/img_00000037.jpg,26,train,data/raw/deepfashion/img/Faded_Mid-Rise_Skinny_Jeans/img_00000037.jpg,pants_or_shorts
img/Acid_Wash_-_Skinny_Jeans/img_00000069.jpg,26,train,data/raw/deepfashion/img/Acid_Wash_-_Skinny_Jeans/img_00000069.jpg,pants_or_shorts
img/Sanded_Dark_Wash_-_Skinny_Jeans/img_00000014.jpg,26,train,data/raw/deepfashion/img/Sanded_Dark_Wash_-_Skinny_Jeans/img_00000014.jpg,pants_or_shorts
img/Distressed_Cropped_Jeans/img_00000037.jpg,26,train,data/raw/deepfashion/img/Distressed_Cropped_Jeans/img_00000037.jpg,pants_or_shorts
img/High-Waisted_Mineral_Wash_Jeans/img_00000013.jpg,26,train,data/raw/deepfashion/img/High-Waisted_Mineral_Wash_Jeans/img_00000013.jpg,pants_or_shorts
img/High-Waisted_Matelot_Skinny_Jeans/img_00000003.jpg,26,train,data/raw/deepfashion/img/High-Waisted_Matelot_Skinny_Jeans/img_00000003.jpg,pants_or_shorts
img/Mid-Rise_-_Mineral_Wash_Skinny_Jeans/img_00000020.jpg,26,train,data/raw/deepfashion/img/Mid-Rise_-_Mineral_Wash_Skinny_Jeans/img_00000020.jpg,pants_or_shorts
img/High-Rise_-_Flat_Front_Skinny_Jeans/img_00000040.jpg,26,train,data/raw/deepfashion/img/High-Rise_-_Flat_Front_Skinny_Jeans/img_00000040.jpg,pants_or_shorts
img/Crochet_Daisy-Paneled_Cutoffs/img_00000005.jpg,24,train,data/raw/deepfashion/img/Crochet_Daisy-Paneled_Cutoffs/img_00000005.jpg,pants_or_shorts
img/Mid-Rise_-_Acid_Wash_Skinny_Jeans/img_00000039.jpg,26,train,data/raw/deepfashion/img/Mid-Rise_-_Acid_Wash_Skinny_Jeans/img_00000039.jpg,pants_or_shorts
img/Destroyed_Cropped_Jeans/img_00000032.jpg,26,train,data/raw/deepfashion/img/Destroyed_Cropped_Jeans/img_00000032.jpg,pants_or_shorts
img/Wide-Leg_Jeans/img_00000079.jpg,26,train,data/raw/deepfashion/img/Wide-Leg_Jeans/img_00000079.jpg,pants_or_shorts
img/Acid_Wash_Boyfriend_Jeans/img_00000033.jpg,26,train,data/raw/deepfashion/img/Acid_Wash_Boyfriend_Jeans/img_00000033.jpg,pants_or_shorts
img/Mandala_Print_Culottes/img_00000031.jpg,23,train,data/raw/deepfashion/img/Mandala_Print_Culottes/img_00000031.jpg,pants_or_shorts
img/Clean_Wash_-_Ripped_Slim-Leg_Jeans/img_00000010.jpg,26,train,data/raw/deepfashion/img/Clean_Wash_-_Ripped_Slim-Leg_Jeans/img_00000010.jpg,pants_or_shorts
img/Distressed_Suspender_Jeans/img_00000006.jpg,26,train,data/raw/deepfashion/img/Distressed_Suspender_Jeans/img_00000006.jpg,pants_or_shorts
img/Clean_Wash_Slim-Leg_Jeans/img_00000004.jpg,26,train,data/raw/deepfashion/img/Clean_Wash_Slim-Leg_Jeans/img_00000004.jpg,pants_or_shorts
img/Crochet-Trimmed_Denim_Cutoffs/img_00000041.jpg,24,train,data/raw/deepfashion/img/Crochet-Trimmed_Denim_Cutoffs/img_00000041.jpg,pants_or_shorts
img/High-Rise_Denim_Cutoffs/img_00000034.jpg,24,train,data/raw/deepfashion/img/High-Rise_Denim_Cutoffs/img_00000034.jpg,pants_or_shorts
img/Destroyed_Slim-Leg_Jeans/img_00000001.jpg,26,train,data/raw/deepfashion/img/Destroyed_Slim-Leg_Jeans/img_00000001.jpg,pants_or_shorts
img/High-Rise_Skinny_Jeans/img_00000032.jpg,26,train,data/raw/deepfashion/img/High-Rise_Skinny_Jeans/img_00000032.jpg,pants_or_shorts
img/Mid-Rise_-_Acid_Wash_Skinny_Jeans/img_00000011.jpg,26,train,data/raw/deepfashion/img/Mid-Rise_-_Acid_Wash_Skinny_Jeans/img_00000011.jpg,pants_or_shorts
img/Acid_Wash_-_Skinny_Jeans/img_00000042.jpg,26,train,data/raw/deepfashion/img/Acid_Wash_-_Skinny_Jeans/img_00000042.jpg,pants_or_shorts
img/Acid_Wash_Denim_Cutoffs/img_00000010.jpg,24,train,data/raw/deepfashion/img/Acid_Wash_Denim_Cutoffs/img_00000010.jpg,pants_or_shorts
img/Super-Soft_Skinny_Jeans/img_00000071.jpg,26,train,data/raw/deepfashion/img/Super-Soft_Skinny_Jeans/img_00000071.jpg,pants_or_shorts
img/Classic_High-Waisted_Jeans/img_00000006.jpg,26,train,data/raw/deepfashion/img/Classic_High-Waisted_Jeans/img_00000006.jpg,pants_or_shorts
img/Flared_Jeans/img_00000063.jpg,26,train,data/raw/deepfashion/img/Flared_Jeans/img_00000063.jpg,pants_or_shorts
img/Distressed_Straight-Leg_Jeans/img_00000041.jpg,26,train,data/raw/deepfashion/img/Distressed_Straight-Leg_Jeans/img_00000041.jpg,pants_or_shorts
img/Whiskered_Skinny_Jeans/img_00000008.jpg,26,train,data/raw/deepfashion/img/Whiskered_Skinny_Jeans/img_00000008.jpg,pants_or_shorts
img/Light_Wash_-_Skinny_Jeans/img_00000029.jpg,26,train,data/raw/deepfashion/img/Light_Wash_-_Skinny_Jeans/img_00000029.jpg,pants_or_shorts
img/High-Waisted_Distressed_Cutoffs/img_00000010.jpg,24,train,data/raw/deepfashion/img/High-Waisted_Distressed_Cutoffs/img_00000010.jpg,pants_or_shorts
img/White_Distressed_Skinny_Jeans/img_00000040.jpg,26,train,data/raw/deepfashion/img/White_Distressed_Skinny_Jeans/img_00000040.jpg,pants_or_shorts
img/Buttoned_High-Waisted_Skinny_Jeans/img_00000001.jpg,26,train,data/raw/deepfashion/img/Buttoned_High-Waisted_Skinny_Jeans/img_00000001.jpg,pants_or_shorts
img/Bleached_Denim_Cutoffs/img_00000078.jpg,24,train,data/raw/deepfashion/img/Bleached_Denim_Cutoffs/img_00000078.jpg,pants_or_shorts
img/Cuffed_Denim_Cutoffs/img_00000062.jpg,24,train,data/raw/deepfashion/img/Cuffed_Denim_Cutoffs/img_00000062.jpg,pants_or_shorts
img/Super-Soft_Skinny_Jeans/img_00000062.jpg,26,train,data/raw/deepfashion/img/Super-Soft_Skinny_Jeans/img_00000062.jpg,pants_or_shorts
img/Acid_Wash_Boyfriend_Jeans/img_00000022.jpg,26,train,data/raw/deepfashion/img/Acid_Wash_Boyfriend_Jeans/img_00000022.jpg,pants_or_shorts
img/Destroyed_Slim-Leg_Jeans/img_00000072.jpg,26,train,data/raw/deepfashion/img/Destroyed_Slim-Leg_Jeans/img_00000072.jpg,pants_or_shorts
img/Acid_Wash_Boyfriend_Jeans/img_00000028.jpg,26,train,data/raw/deepfashion/img/Acid_Wash_Boyfriend_Jeans/img_00000028.jpg,pants_or_shorts
img/Mineral_Wash_Jeans/img_00000008.jpg,26,train,data/raw/deepfashion/img/Mineral_Wash_Jeans/img_00000008.jpg,pants_or_shorts
img/Bleached_Skinny_Jeans/img_00000025.jpg,26,train,data/raw/deepfashion/img/Bleached_Skinny_Jeans/img_00000025.jpg,pants_or_shorts
img/Zippered-Ankle_Skinny_Jeans/img_00000035.jpg,26,train,data/raw/deepfashion/img/Zippered-Ankle_Skinny_Jeans/img_00000035.jpg,pants_or_shorts
img/High-Waisted_Skinny_Jeans/img_00000065.jpg,26,train,data/raw/deepfashion/img/High-Waisted_Skinny_Jeans/img_00000065.jpg,pants_or_shorts
img/Medium_Wash_-_Straight-Leg_Jeans/img_00000064.jpg,26,train,data/raw/deepfashion/img/Medium_Wash_-_Straight-Leg_Jeans/img_00000064.jpg,pants_or_shorts
img/Distressed_Mineral_Wash_Boyfriend_Jeans/img_00000018.jpg,26,train,data/raw/deepfashion/img/Distressed_Mineral_Wash_Boyfriend_Jeans/img_00000018.jpg,pants_or_shorts
img/Acid_Wash_Distressed_Cutoffs/img_00000028.jpg,24,train,data/raw/deepfashion/img/Acid_Wash_Distressed_Cutoffs/img_00000028.jpg,pants_or_shorts
img/Classic_Slim-Leg_Jeans/img_00000017.jpg,26,train,data/raw/deepfashion/img/Classic_Slim-Leg_Jeans/img_00000017.jpg,pants_or_shorts
img/Classic_Wash_-_Skinny_Jeans/img_00000031.jpg,26,train,data/raw/deepfashion/img/Classic_Wash_-_Skinny_Jeans/img_00000031.jpg,pants_or_shorts
img/High-Waisted_Matelot_Skinny_Jeans/img_00000044.jpg,26,train,data/raw/deepfashion/img/High-Waisted_Matelot_Skinny_Jeans/img_00000044.jpg,pants_or_shorts
img/Pleated_Culottes/img_00000029.jpg,23,train,data/raw/deepfashion/img/Pleated_Culottes/img_00000029.jpg,pants_or_shorts
img/Buttoned_High-Waisted_Skinny_Jeans/img_00000019.jpg,26,train,data/raw/deepfashion/img/Buttoned_High-Waisted_Skinny_Jeans/img_00000019.jpg,pants_or_shorts
img/Distressed_Straight-Leg_Jeans/img_00000011.jpg,26,train,data/raw/deepfashion/img/Distressed_Straight-Leg_Jeans/img_00000011.jpg,pants_or_shorts
img/Patched_Straight-Leg_Jeans/img_00000043.jpg,26,train,data/raw/deepfashion/img/Patched_Straight-Leg_Jeans/img_00000043.jpg,pants_or_shorts
img/Acid_Wash_-_Skinny_Jeans/img_00000039.jpg,26,train,data/raw/deepfashion/img/Acid_Wash_-_Skinny_Jeans/img_00000039.jpg,pants_or_shorts
img/Cuffed_Denim_Cutoffs/img_00000071.jpg,24,train,data/raw/deepfashion/img/Cuffed_Denim_Cutoffs/img_00000071.jpg,pants_or_shorts
img/Classic_Denim_Cutoffs/img_00000033.jpg,24,train,data/raw/deepfashion/img/Classic_Denim_Cutoffs/img_00000033.jpg,pants_or_shorts
img/Faded_Skinny_Jeans/img_00000012.jpg,26,train,data/raw/deepfashion/img/Faded_Skinny_Jeans/img_00000012.jpg,pants_or_shorts
img/Acid_Wash_Denim_Cutoffs/img_00000045.jpg,24,train,data/raw/deepfashion/img/Acid_Wash_Denim_Cutoffs/img_00000045.jpg,pants_or_shorts
img/High-Waisted_Matelot_Skinny_Jeans/img_00000050.jpg,26,train,data/raw/deepfashion/img/High-Waisted_Matelot_Skinny_Jeans/img_00000050.jpg,pants_or_shorts
img/Mineral_Wash_Cutoffs/img_00000006.jpg,24,train,data/raw/deepfashion/img/Mineral_Wash_Cutoffs/img_00000006.jpg,pants_or_shorts
img/Distressed_Floral_Print_Cutoffs/img_00000043.jpg,24,train,data/raw/deepfashion/img/Distressed_Floral_Print_Cutoffs/img_00000043.jpg,pants_or_shorts
img/Favorite_Petite_Skinny_Jeans/img_00000013.jpg,26,train,data/raw/deepfashion/img/Favorite_Petite_Skinny_Jeans/img_00000013.jpg,pants_or_shorts
img/Light_Wash_-_Skinny_Jeans/img_00000062.jpg,26,train,data/raw/deepfashion/img/Light_Wash_-_Skinny_Jeans/img_00000062.jpg,pants_or_shorts
img/Flat-Front_Skinny_Jeans/img_00000023.jpg,26,train,data/raw/deepfashion/img/Flat-Front_Skinny_Jeans/img_00000023.jpg,pants_or_shorts
img/Favorite_Ankle-Length_Skinny_Jeans/img_00000002.jpg,26,train,data/raw/deepfashion/img/Favorite_Ankle-Length_Skinny_Jeans/img_00000002.jpg,pants_or_shorts
img/Distressed_Denim_Cutoffs/img_00000057.jpg,24,train,data/raw/deepfashion/img/Distressed_Denim_Cutoffs/img_00000057.jpg,pants_or_shorts
img/Mid_Rise-_Destroyed_Straight_Leg_Ankle_Jeans/img_00000043.jpg,26,train,data/raw/deepfashion/img/Mid_Rise-_Destroyed_Straight_Leg_Ankle_Jeans/img_00000043.jpg,pants_or_shorts
img/Favorite_Ankle-Length_Skinny_Jeans/img_00000046.jpg,26,train,data/raw/deepfashion/img/Favorite_Ankle-Length_Skinny_Jeans/img_00000046.jpg,pants_or_shorts
img/Distressed_Skinny_Jeans/img_00000012.jpg,26,train,data/raw/deepfashion/img/Distressed_Skinny_Jeans/img_00000012.jpg,pants_or_shorts
img/Acid_Wash_Mom_Jeans/img_00000054.jpg,26,train,data/raw/deepfashion/img/Acid_Wash_Mom_Jeans/img_00000054.jpg,pants_or_shorts
img/Ripped_Skinny_Jeans/img_00000062.jpg,26,train,data/raw/deepfashion/img/Ripped_Skinny_Jeans/img_00000062.jpg,pants_or_shorts
img/Acid_Wash_Ankle_Jeans/img_00000027.jpg,26,train,data/raw/deepfashion/img/Acid_Wash_Ankle_Jeans/img_00000027.jpg,pants_or_shorts
img/High-Waisted_Matelot_Skinny_Jeans/img_00000052.jpg,26,train,data/raw/deepfashion/img/High-Waisted_Matelot_Skinny_Jeans/img_00000052.jpg,pants_or_shorts
img/Mineral_Wash_Jeans/img_00000017.jpg,26,train,data/raw/deepfashion/img/Mineral_Wash_Jeans/img_00000017.jpg,pants_or_shorts
img/Drawstring_Culottes/img_00000058.jpg,23,train,data/raw/deepfashion/img/Drawstring_Culottes/img_00000058.jpg,pants_or_shorts
img/High-Rise_Skinny_Jeans/img_00000068.jpg,26,train,data/raw/deepfashion/img/High-Rise_Skinny_Jeans/img_00000068.jpg,pants_or_shorts
img/Classic_Soft_Jeggings/img_00000057.jpg,27,train,data/raw/deepfashion/img/Classic_Soft_Jeggings/img_00000057.jpg,pants_or_shorts
img/High-Waist_Acid_Wash_Jeans/img_00000003.jpg,26,train,data/raw/deepfashion/img/High-Waist_Acid_Wash_Jeans/img_00000003.jpg,pants_or_shorts
img/Grunge_Bleached_Denim_Cutoffs/img_00000011.jpg,24,train,data/raw/deepfashion/img/Grunge_Bleached_Denim_Cutoffs/img_00000011.jpg,pants_or_shorts
img/Mid-Rise_-_Distressed_Skinny_Jeans/img_00000030.jpg,26,train,data/raw/deepfashion/img/Mid-Rise_-_Distressed_Skinny_Jeans/img_00000030.jpg,pants_or_shorts
img/Flared_Jeans/img_00000056.jpg,26,train,data/raw/deepfashion/img/Flared_Jeans/img_00000056.jpg,pants_or_shorts
img/Mid-Rise_Skinny_Jeans/img_00000061.jpg,26,train,data/raw/deepfashion/img/Mid-Rise_Skinny_Jeans/img_00000061.jpg,pants_or_shorts
img/Low-Rise_-_Distressed_Skinny_Jeans/img_00000066.jpg,26,train,data/raw/deepfashion/img/Low-Rise_-_Distressed_Skinny_Jeans/img_00000066.jpg,pants_or_shorts
img/Mid-Rise_-_Zippered_Skinny_Jeans/img_00000027.jpg,26,train,data/raw/deepfashion/img/Mid-Rise_-_Zippered_Skinny_Jeans/img_00000027.jpg,pants_or_shorts
img/Bleached_Denim_Cutoffs/img_00000072.jpg,24,train,data/raw/deepfashion/img/Bleached_Denim_Cutoffs/img_00000072.jpg,pants_or_shorts
img/Classic_Soft_Jeggings/img_00000059.jpg,27,train,data/raw/deepfashion/img/Classic_Soft_Jeggings/img_00000059.jpg,pants_or_shorts
img/Distressed_Mid-Rise_Boyfriend_Jeans/img_00000026.jpg,26,train,data/raw/deepfashion/img/Distressed_Mid-Rise_Boyfriend_Jeans/img_00000026.jpg,pants_or_shorts
img/High-Waisted_Flared_Jeans/img_00000038.jpg,26,train,data/raw/deepfashion/img/High-Waisted_Flared_Jeans/img_00000038.jpg,pants_or_shorts
img/Bleached_Skinny_Jeans/img_00000077.jpg,26,train,data/raw/deepfashion/img/Bleached_Skinny_Jeans/img_00000077.jpg,pants_or_shorts
img/Mid_Rise_-_Distressed_Skinny_Jeans/img_00000002.jpg,26,train,data/raw/deepfashion/img/Mid_Rise_-_Distressed_Skinny_Jeans/img_00000002.jpg,pants_or_shorts
img/Medium_Wash_-_Slim_Fit_Jeans/img_00000064.jpg,26,train,data/raw/deepfashion/img/Medium_Wash_-_Slim_Fit_Jeans/img_00000064.jpg,pants_or_shorts
img/Mid-Rise_Skinny_Jeans/img_00000048.jpg,26,train,data/raw/deepfashion/img/Mid-Rise_Skinny_Jeans/img_00000048.jpg,pants_or_shorts
img/Polka_Dot_Skinny_Jeans/img_00000038.jpg,26,train,data/raw/deepfashion/img/Polka_Dot_Skinny_Jeans/img_00000038.jpg,pants_or_shorts
img/Americana_Skinny_Jeans/img_00000034.jpg,26,train,data/raw/deepfashion/img/Americana_Skinny_Jeans/img_00000034.jpg,pants_or_shorts
img/Mid-Rise_-_Acid_Wash_Jeggings/img_00000009.jpg,27,train,data/raw/deepfashion/img/Mid-Rise_-_Acid_Wash_Jeggings/img_00000009.jpg,pants_or_shorts
img/Distressed_Denim_Cutoffs/img_00000032.jpg,24,train,data/raw/deepfashion/img/Distressed_Denim_Cutoffs/img_00000032.jpg,pants_or_shorts
img/Floral_Print_Culottes/img_00000048.jpg,23,train,data/raw/deepfashion/img/Floral_Print_Culottes/img_00000048.jpg,pants_or_shorts
img/Dark_Wash_Jeggings/img_00000010.jpg,27,train,data/raw/deepfashion/img/Dark_Wash_Jeggings/img_00000010.jpg,pants_or_shorts
img/Mineral_Wash_Cutoffs/img_00000021.jpg,24,train,data/raw/deepfashion/img/Mineral_Wash_Cutoffs/img_00000021.jpg,pants_or_shorts
img/Classic_Mom_Jeans/img_00000055.jpg,26,train,data/raw/deepfashion/img/Classic_Mom_Jeans/img_00000055.jpg,pants_or_shorts
img/Mineral_Wash_Skinny_Jeans/img_00000031.jpg,26,train,data/raw/deepfashion/img/Mineral_Wash_Skinny_Jeans/img_00000031.jpg,pants_or_shorts
img/Classic_Solid_Skinny_Jeans/img_00000002.jpg,26,train,data/raw/deepfashion/img/Classic_Solid_Skinny_Jeans/img_00000002.jpg,pants_or_shorts
img/White_Distressed_Skinny_Jeans/img_00000015.jpg,26,train,data/raw/deepfashion/img/White_Distressed_Skinny_Jeans/img_00000015.jpg,pants_or_shorts
img/Skinny_Ankle_Jeans/img_00000060.jpg,26,train,data/raw/deepfashion/img/Skinny_Ankle_Jeans/img_00000060.jpg,pants_or_shorts
img/High-Rise_Skinny_Jeans/img_00000080.jpg,26,train,data/raw/deepfashion/img/High-Rise_Skinny_Jeans/img_00000080.jpg,pants_or_shorts
img/Ripped_&_Frayed_Denim_Cutoffs/img_00000039.jpg,24,train,data/raw/deepfashion/img/Ripped_&_Frayed_Denim_Cutoffs/img_00000039.jpg,pants_or_shorts
img/No-Fuss_Distressed_Cutoffs/img_00000005.jpg,24,train,data/raw/deepfashion/img/No-Fuss_Distressed_Cutoffs/img_00000005.jpg,pants_or_shorts
img/Distressed_Cloud_Wash_Cutoffs/img_00000008.jpg,24,train,data/raw/deepfashion/img/Distressed_Cloud_Wash_Cutoffs/img_00000008.jpg,pants_or_shorts
img/High-Waisted_Distressed_Boyfriend_Jeans/img_00000014.jpg,26,train,data/raw/deepfashion/img/High-Waisted_Distressed_Boyfriend_Jeans/img_00000014.jpg,pants_or_shorts
img/Faded_Distressed_Jeans/img_00000001.jpg,26,train,data/raw/deepfashion/img/Faded_Distressed_Jeans/img_00000001.jpg,pants_or_shorts
img/Faded_Distressed_Jeans/img_00000048.jpg,26,train,data/raw/deepfashion/img/Faded_Distressed_Jeans/img_00000048.jpg,pants_or_shorts
img/High-Waisted_Flared_Jeans/img_00000044.jpg,26,train,data/raw/deepfashion/img/High-Waisted_Flared_Jeans/img_00000044.jpg,pants_or_shorts
img/Acid_Wash_Ankle_Jeans/img_00000001.jpg,26,train,data/raw/deepfashion/img/Acid_Wash_Ankle_Jeans/img_00000001.jpg,pants_or_shorts
img/Coated_Clean_Wash_-_Skinny_Jeans/img_00000022.jpg,26,train,data/raw/deepfashion/img/Coated_Clean_Wash_-_Skinny_Jeans/img_00000022.jpg,pants_or_shorts
img/Clean_Wash_Slim_Jeans/img_00000011.jpg,26,train,data/raw/deepfashion/img/Clean_Wash_Slim_Jeans/img_00000011.jpg,pants_or_shorts
img/Clean_Wash_Bootleg_Jeans/img_00000041.jpg,26,train,data/raw/deepfashion/img/Clean_Wash_Bootleg_Jeans/img_00000041.jpg,pants_or_shorts
img/Distressed_Denim_Cutoffs/img_00000048.jpg,24,train,data/raw/deepfashion/img/Distressed_Denim_Cutoffs/img_00000048.jpg,pants_or_shorts
img/Mid-Rise_-_Distressed_Skinny_Jeans/img_00000006.jpg,26,train,data/raw/deepfashion/img/Mid-Rise_-_Distressed_Skinny_Jeans/img_00000006.jpg,pants_or_shorts
img/Faux_Leather-Paneled_Jeans/img_00000004.jpg,26,train,data/raw/deepfashion/img/Faux_Leather-Paneled_Jeans/img_00000004.jpg,pants_or_shorts
img/Polka_Dot_Skinny_Jeans/img_00000022.jpg,26,train,data/raw/deepfashion/img/Polka_Dot_Skinny_Jeans/img_00000022.jpg,pants_or_shorts
img/Distressed_Cropped_Jeans/img_00000044.jpg,26,train,data/raw/deepfashion/img/Distressed_Cropped_Jeans/img_00000044.jpg,pants_or_shorts
img/Classic_Bootcut_Jeans/img_00000066.jpg,26,train,data/raw/deepfashion/img/Classic_Bootcut_Jeans/img_00000066.jpg,pants_or_shorts
img/Distressed_Wash_-_Slim_Zippered_Jeans/img_00000047.jpg,26,train,data/raw/deepfashion/img/Distressed_Wash_-_Slim_Zippered_Jeans/img_00000047.jpg,pants_or_shorts
img/Chic_High-Waisted_Jeggings/img_00000065.jpg,27,train,data/raw/deepfashion/img/Chic_High-Waisted_Jeggings/img_00000065.jpg,pants_or_shorts
img/Mom_Fit_Jeans/img_00000042.jpg,26,train,data/raw/deepfashion/img/Mom_Fit_Jeans/img_00000042.jpg,pants_or_shorts
img/Crochet_Daisy-Paneled_Cutoffs/img_00000007.jpg,24,train,data/raw/deepfashion/img/Crochet_Daisy-Paneled_Cutoffs/img_00000007.jpg,pants_or_shorts
img/Lace-Hemmed_Denim_Cutoffs/img_00000021.jpg,24,train,data/raw/deepfashion/img/Lace-Hemmed_Denim_Cutoffs/img_00000021.jpg,pants_or_shorts
img/Distressed_Straight-Leg_Jeans/img_00000015.jpg,26,train,data/raw/deepfashion/img/Distressed_Straight-Leg_Jeans/img_00000015.jpg,pants_or_shorts
img/Medium_Wash_-_Slim_Fit_Jeans/img_00000001.jpg,26,train,data/raw/deepfashion/img/Medium_Wash_-_Slim_Fit_Jeans/img_00000001.jpg,pants_or_shorts
img/Chic_High-Waisted_Jeggings/img_00000012.jpg,27,train,data/raw/deepfashion/img/Chic_High-Waisted_Jeggings/img_00000012.jpg,pants_or_shorts
img/Solid_Denim_Cutoffs/img_00000014.jpg,24,train,data/raw/deepfashion/img/Solid_Denim_Cutoffs/img_00000014.jpg,pants_or_shorts
img/Zippered-Ankle_Skinny_Jeans/img_00000054.jpg,26,train,data/raw/deepfashion/img/Zippered-Ankle_Skinny_Jeans/img_00000054.jpg,pants_or_shorts
img/High-Rise_Skinny_Jeans/img_00000025.jpg,26,train,data/raw/deepfashion/img/High-Rise_Skinny_Jeans/img_00000025.jpg,pants_or_shorts
img/Low-Rise_Denim_Cutoffs/img_00000078.jpg,24,train,data/raw/deepfashion/img/Low-Rise_Denim_Cutoffs/img_00000078.jpg,pants_or_shorts
img/Bleached_Low-Rise_Skinny_Jeans/img_00000063.jpg,26,train,data/raw/deepfashion/img/Bleached_Low-Rise_Skinny_Jeans/img_00000063.jpg,pants_or_shorts
img/Acid_Wash_Boyfriend_Jeans/img_00000062.jpg,26,train,data/raw/deepfashion/img/Acid_Wash_Boyfriend_Jeans/img_00000062.jpg,pants_or_shorts
img/Acid_Wash_-_Skinny_Jeans/img_00000083.jpg,26,train,data/raw/deepfashion/img/Acid_Wash_-_Skinny_Jeans/img_00000083.jpg,pants_or_shorts
img/Faded_&_Frayed_Denim_Cutoffs/img_00000028.jpg,24,train,data/raw/deepfashion/img/Faded_&_Frayed_Denim_Cutoffs/img_00000028.jpg,pants_or_shorts
img/Mid-Rise_-_Zippered_Skinny_Jeans/img_00000036.jpg,26,train,data/raw/deepfashion/img/Mid-Rise_-_Zippered_Skinny_Jeans/img_00000036.jpg,pants_or_shorts
img/Stonewash-_Skinny_Jeans/img_00000017.jpg,26,train,data/raw/deepfashion/img/Stonewash-_Skinny_Jeans/img_00000017.jpg,pants_or_shorts
img/Life_in_Progress_Patched_Cutoffs/img_00000007.jpg,24,train,data/raw/deepfashion/img/Life_in_Progress_Patched_Cutoffs/img_00000007.jpg,pants_or_shorts
img/Acid_Wash_Boyfriend_Jeans/img_00000065.jpg,26,train,data/raw/deepfashion/img/Acid_Wash_Boyfriend_Jeans/img_00000065.jpg,pants_or_shorts
img/Destroyed_Double-Button_Jeans/img_00000002.jpg,26,train,data/raw/deepfashion/img/Destroyed_Double-Button_Jeans/img_00000002.jpg,pants_or_shorts
img/Destroyed_Double-Button_Jeans/img_00000043.jpg,26,train,data/raw/deepfashion/img/Destroyed_Double-Button_Jeans/img_00000043.jpg,pants_or_shorts
img/Pleated_Wide-Leg_Culottes/img_00000043.jpg,23,train,data/raw/deepfashion/img/Pleated_Wide-Leg_Culottes/img_00000043.jpg,pants_or_shorts
img/Distressed_Mineral_Wash_Cutoffs/img_00000004.jpg,24,train,data/raw/deepfashion/img/Distressed_Mineral_Wash_Cutoffs/img_00000004.jpg,pants_or_shorts
img/Distressed_Straight-Leg_Jeans/img_00000065.jpg,26,train,data/raw/deepfashion/img/Distressed_Straight-Leg_Jeans/img_00000065.jpg,pants_or_shorts
img/Classic_Slim_Denim_Jeans/img_00000047.jpg,26,train,data/raw/deepfashion/img/Classic_Slim_Denim_Jeans/img_00000047.jpg,pants_or_shorts
img/Patched_Straight-Leg_Jeans/img_00000044.jpg,26,train,data/raw/deepfashion/img/Patched_Straight-Leg_Jeans/img_00000044.jpg,pants_or_shorts
img/Mid-Rise_-_Distressed_Skinny_Jeans/img_00000066.jpg,26,train,data/raw/deepfashion/img/Mid-Rise_-_Distressed_Skinny_Jeans/img_00000066.jpg,pants_or_shorts
img/Whiskered_Skinny_Jeans/img_00000035.jpg,26,train,data/raw/deepfashion/img/Whiskered_Skinny_Jeans/img_00000035.jpg,pants_or_shorts
img/Distressed_Denim_Faded_Cutoffs/img_00000039.jpg,24,train,data/raw/deepfashion/img/Distressed_Denim_Faded_Cutoffs/img_00000039.jpg,pants_or_shorts
img/Mineral_Wash_Skinny_Jeans/img_00000058.jpg,26,train,data/raw/deepfashion/img/Mineral_Wash_Skinny_Jeans/img_00000058.jpg,pants_or_shorts
img/Flat-Front_Skinny_Jeans/img_00000022.jpg,26,train,data/raw/deepfashion/img/Flat-Front_Skinny_Jeans/img_00000022.jpg,pants_or_shorts
img/Favorite_Petite_Skinny_Jeans/img_00000035.jpg,26,train,data/raw/deepfashion/img/Favorite_Petite_Skinny_Jeans/img_00000035.jpg,pants_or_shorts
img/Drawstring_Culottes/img_00000050.jpg,23,train,data/raw/deepfashion/img/Drawstring_Culottes/img_00000050.jpg,pants_or_shorts
img/Classic_Wash_-_Skinny_Jeans/img_00000044.jpg,26,train,data/raw/deepfashion/img/Classic_Wash_-_Skinny_Jeans/img_00000044.jpg,pants_or_shorts
img/Cinched-Side_Denim_Cutoffs/img_00000007.jpg,24,train,data/raw/deepfashion/img/Cinched-Side_Denim_Cutoffs/img_00000007.jpg,pants_or_shorts
img/Super-Soft_Skinny_Jeans/img_00000030.jpg,26,train,data/raw/deepfashion/img/Super-Soft_Skinny_Jeans/img_00000030.jpg,pants_or_shorts
img/Classic_Denim_Cutoffs/img_00000045.jpg,24,train,data/raw/deepfashion/img/Classic_Denim_Cutoffs/img_00000045.jpg,pants_or_shorts
img/Faded_&_Frayed_Denim_Cutoffs/img_00000042.jpg,24,train,data/raw/deepfashion/img/Faded_&_Frayed_Denim_Cutoffs/img_00000042.jpg,pants_or_shorts
img/High-Rise_-_Flat_Front_Skinny_Jeans/img_00000037.jpg,26,train,data/raw/deepfashion/img/High-Rise_-_Flat_Front_Skinny_Jeans/img_00000037.jpg,pants_or_shorts
img/Mid-Rise_-_Distressed_Boyfriend_Jeans/img_00000054.jpg,26,train,data/raw/deepfashion/img/Mid-Rise_-_Distressed_Boyfriend_Jeans/img_00000054.jpg,pants_or_shorts
img/Mom_Fit_Jeans/img_00000029.jpg,26,train,data/raw/deepfashion/img/Mom_Fit_Jeans/img_00000029.jpg,pants_or_shorts
img/High-Rise_Mom_Jeans/img_00000053.jpg,26,train,data/raw/deepfashion/img/High-Rise_Mom_Jeans/img_00000053.jpg,pants_or_shorts
img/High-Rise_Mom_Jeans/img_00000066.jpg,26,train,data/raw/deepfashion/img/High-Rise_Mom_Jeans/img_00000066.jpg,pants_or_shorts
img/Ripped_&_Frayed_Denim_Cutoffs/img_00000031.jpg,24,train,data/raw/deepfashion/img/Ripped_&_Frayed_Denim_Cutoffs/img_00000031.jpg,pants_or_shorts
img/Destroyed_Slim-Leg_Jeans/img_00000026.jpg,26,train,data/raw/deepfashion/img/Destroyed_Slim-Leg_Jeans/img_00000026.jpg,pants_or_shorts
img/Distressed_Cropped_Jeans/img_00000008.jpg,26,train,data/raw/deepfashion/img/Distressed_Cropped_Jeans/img_00000008.jpg,pants_or_shorts
img/High-Waisted_Flared_Jeans/img_00000017.jpg,26,train,data/raw/deepfashion/img/High-Waisted_Flared_Jeans/img_00000017.jpg,pants_or_shorts
img/Classic_Solid_Skinny_Jeans/img_00000027.jpg,26,train,data/raw/deepfashion/img/Classic_Solid_Skinny_Jeans/img_00000027.jpg,pants_or_shorts
img/High-Waisted_Distressed_Boyfriend_Jeans/img_00000072.jpg,26,train,data/raw/deepfashion/img/High-Waisted_Distressed_Boyfriend_Jeans/img_00000072.jpg,pants_or_shorts
img/Flat-Front_Skinny_Jeans/img_00000053.jpg,26,train,data/raw/deepfashion/img/Flat-Front_Skinny_Jeans/img_00000053.jpg,pants_or_shorts
img/Acid_Wash_Ankle_Jeans/img_00000025.jpg,26,train,data/raw/deepfashion/img/Acid_Wash_Ankle_Jeans/img_00000025.jpg,pants_or_shorts
img/Distressed_Patchwork_Jeans/img_00000009.jpg,26,train,data/raw/deepfashion/img/Distressed_Patchwork_Jeans/img_00000009.jpg,pants_or_shorts
img/Drawstring_Culottes/img_00000024.jpg,23,train,data/raw/deepfashion/img/Drawstring_Culottes/img_00000024.jpg,pants_or_shorts
img/Dark_Wash_-_Paneled_Skinny_Jeans/img_00000011.jpg,26,train,data/raw/deepfashion/img/Dark_Wash_-_Paneled_Skinny_Jeans/img_00000011.jpg,pants_or_shorts
img/Dark_Wash_Jeggings/img_00000038.jpg,27,train,data/raw/deepfashion/img/Dark_Wash_Jeggings/img_00000038.jpg,pants_or_shorts
img/Chic_High-Waisted_Jeggings/img_00000038.jpg,27,train,data/raw/deepfashion/img/Chic_High-Waisted_Jeggings/img_00000038.jpg,pants_or_shorts
img/Dark_Wash_-_Slim_Fit_Jeans/img_00000005.jpg,26,train,data/raw/deepfashion/img/Dark_Wash_-_Slim_Fit_Jeans/img_00000005.jpg,pants_or_shorts
img/Mid-Rise_-_Zippered_Skinny_Jeans/img_00000043.jpg,26,train,data/raw/deepfashion/img/Mid-Rise_-_Zippered_Skinny_Jeans/img_00000043.jpg,pants_or_shorts
img/Distressed_Cloud_Wash_Cutoffs/img_00000016.jpg,24,train,data/raw/deepfashion/img/Distressed_Cloud_Wash_Cutoffs/img_00000016.jpg,pants_or_shorts
img/Acid_Wash_Jeggings/img_00000002.jpg,27,train,data/raw/deepfashion/img/Acid_Wash_Jeggings/img_00000002.jpg,pants_or_shorts
img/Distressed_Light_Wash_-_Slim_Fit_Jeans/img_00000003.jpg,26,train,data/raw/deepfashion/img/Distressed_Light_Wash_-_Slim_Fit_Jeans/img_00000003.jpg,pants_or_shorts
img/Tonal-Topstitched_Skinny_Jeans/img_00000036.jpg,26,train,data/raw/deepfashion/img/Tonal-Topstitched_Skinny_Jeans/img_00000036.jpg,pants_or_shorts
img/Distressed_Wash_-_Slim_Zippered_Jeans/img_00000038.jpg,26,train,data/raw/deepfashion/img/Distressed_Wash_-_Slim_Zippered_Jeans/img_00000038.jpg,pants_or_shorts
img/Distressed_Boyfriend_Jeans/img_00000057.jpg,26,train,data/raw/deepfashion/img/Distressed_Boyfriend_Jeans/img_00000057.jpg,pants_or_shorts
img/Super-Soft_Skinny_Jeans/img_00000032.jpg,26,train,data/raw/deepfashion/img/Super-Soft_Skinny_Jeans/img_00000032.jpg,pants_or_shorts
img/Clean_Wash_Bootleg_Jeans/img_00000036.jpg,26,train,data/raw/deepfashion/img/Clean_Wash_Bootleg_Jeans/img_00000036.jpg,pants_or_shorts
img/Acid_Wash_Distressed_Jeans/img_00000031.jpg,26,train,data/raw/deepfashion/img/Acid_Wash_Distressed_Jeans/img_00000031.jpg,pants_or_shorts
img/Ripped_&_Frayed_Denim_Cutoffs/img_00000016.jpg,24,train,data/raw/deepfashion/img/Ripped_&_Frayed_Denim_Cutoffs/img_00000016.jpg,pants_or_shorts
img/High_Waist-_Quilted_Moto_Jeggings/img_00000017.jpg,27,train,data/raw/deepfashion/img/High_Waist-_Quilted_Moto_Jeggings/img_00000017.jpg,pants_or_shorts
img/Flared_Jeans/img_00000077.jpg,26,train,data/raw/deepfashion/img/Flared_Jeans/img_00000077.jpg,pants_or_shorts
img/Crochet_Denim_Cutoffs/img_00000046.jpg,24,train,data/raw/deepfashion/img/Crochet_Denim_Cutoffs/img_00000046.jpg,pants_or_shorts
img/Distressed_Suspender_Jeans/img_00000032.jpg,26,train,data/raw/deepfashion/img/Distressed_Suspender_Jeans/img_00000032.jpg,pants_or_shorts
img/Life_In_Progress_Railroad_Stripe_Jeans/img_00000008.jpg,26,train,data/raw/deepfashion/img/Life_In_Progress_Railroad_Stripe_Jeans/img_00000008.jpg,pants_or_shorts
img/Distressed_Cropped_Jeans/img_00000002.jpg,26,train,data/raw/deepfashion/img/Distressed_Cropped_Jeans/img_00000002.jpg,pants_or_shorts
img/Faded_Skinny_Jeans/img_00000010.jpg,26,train,data/raw/deepfashion/img/Faded_Skinny_Jeans/img_00000010.jpg,pants_or_shorts
img/High-Rise_-_Flat_Front_Skinny_Jeans/img_00000028.jpg,26,train,data/raw/deepfashion/img/High-Rise_-_Flat_Front_Skinny_Jeans/img_00000028.jpg,pants_or_shorts
img/Mineral_Wash_High-Rise_Skinny_Jeans/img_00000012.jpg,26,train,data/raw/deepfashion/img/Mineral_Wash_High-Rise_Skinny_Jeans/img_00000012.jpg,pants_or_shorts
img/High-Rise_Skinny_Jeans/img_00000070.jpg,26,train,data/raw/deepfashion/img/High-Rise_Skinny_Jeans/img_00000070.jpg,pants_or_shorts
img/Distressed_Whisker_Wash_Jeans/img_00000045.jpg,26,train,data/raw/deepfashion/img/Distressed_Whisker_Wash_Jeans/img_00000045.jpg,pants_or_shorts
img/Mineral_Wash_Cutoffs/img_00000029.jpg,24,train,data/raw/deepfashion/img/Mineral_Wash_Cutoffs/img_00000029.jpg,pants_or_shorts
img/Destroyed_Double-Button_Jeans/img_00000049.jpg,26,train,data/raw/deepfashion/img/Destroyed_Double-Button_Jeans/img_00000049.jpg,pants_or_shorts
img/Bleached_Denim_Cutoffs/img_00000071.jpg,24,train,data/raw/deepfashion/img/Bleached_Denim_Cutoffs/img_00000071.jpg,pants_or_shorts
img/Distressed_Wash_-_Slim_Zippered_Jeans/img_00000028.jpg,26,train,data/raw/deepfashion/img/Distressed_Wash_-_Slim_Zippered_Jeans/img_00000028.jpg,pants_or_shorts
img/Flat-Front_Skinny_Jeans/img_00000016.jpg,26,train,data/raw/deepfashion/img/Flat-Front_Skinny_Jeans/img_00000016.jpg,pants_or_shorts
img/Life_in_Progress_Distressed_Low-Rise_Skinny_Jeans/img_00000001.jpg,26,train,data/raw/deepfashion/img/Life_in_Progress_Distressed_Low-Rise_Skinny_Jeans/img_00000001.jpg,pants_or_shorts
img/Low-Rise_-__Mineral_Wash_Jeans/img_00000010.jpg,26,train,data/raw/deepfashion/img/Low-Rise_-__Mineral_Wash_Jeans/img_00000010.jpg,pants_or_shorts
img/Patched_Straight-Leg_Jeans/img_00000004.jpg,26,train,data/raw/deepfashion/img/Patched_Straight-Leg_Jeans/img_00000004.jpg,pants_or_shorts
img/Faded_Distressed_Jeans/img_00000004.jpg,26,train,data/raw/deepfashion/img/Faded_Distressed_Jeans/img_00000004.jpg,pants_or_shorts
img/Acid_Wash_Distressed_Cutoffs/img_00000029.jpg,24,train,data/raw/deepfashion/img/Acid_Wash_Distressed_Cutoffs/img_00000029.jpg,pants_or_shorts
img/Frayed_Denim_Cutoffs/img_00000015.jpg,24,train,data/raw/deepfashion/img/Frayed_Denim_Cutoffs/img_00000015.jpg,pants_or_shorts
img/Wide-Leg_Jeans/img_00000059.jpg,26,train,data/raw/deepfashion/img/Wide-Leg_Jeans/img_00000059.jpg,pants_or_shorts
img/Whiskered_Skinny_Jeans/img_00000012.jpg,26,train,data/raw/deepfashion/img/Whiskered_Skinny_Jeans/img_00000012.jpg,pants_or_shorts
img/Kaleidoscope_Print_Culottes/img_00000003.jpg,23,train,data/raw/deepfashion/img/Kaleidoscope_Print_Culottes/img_00000003.jpg,pants_or_shorts
img/Distressed_Low-Rise_Cutoffs/img_00000038.jpg,24,train,data/raw/deepfashion/img/Distressed_Low-Rise_Cutoffs/img_00000038.jpg,pants_or_shorts
img/Crochet-Trimmed_Denim_Cutoffs/img_00000034.jpg,24,train,data/raw/deepfashion/img/Crochet-Trimmed_Denim_Cutoffs/img_00000034.jpg,pants_or_shorts
img/Patched_Straight-Leg_Jeans/img_00000068.jpg,26,train,data/raw/deepfashion/img/Patched_Straight-Leg_Jeans/img_00000068.jpg,pants_or_shorts
img/Favorite_Ankle-Length_Skinny_Jeans/img_00000067.jpg,26,train,data/raw/deepfashion/img/Favorite_Ankle-Length_Skinny_Jeans/img_00000067.jpg,pants_or_shorts
img/Faded_Skinny_Jeans/img_00000001.jpg,26,train,data/raw/deepfashion/img/Faded_Skinny_Jeans/img_00000001.jpg,pants_or_shorts
img/Favorite_Petite_Skinny_Jeans/img_00000007.jpg,26,train,data/raw/deepfashion/img/Favorite_Petite_Skinny_Jeans/img_00000007.jpg,pants_or_shorts
img/Crochet-Patch_Boyfriend_Jeans/img_00000032.jpg,26,train,data/raw/deepfashion/img/Crochet-Patch_Boyfriend_Jeans/img_00000032.jpg,pants_or_shorts
img/Mineral_Wash_Cutoffs/img_00000013.jpg,24,train,data/raw/deepfashion/img/Mineral_Wash_Cutoffs/img_00000013.jpg,pants_or_shorts
img/Mineral_Wash_High-Rise_Skinny_Jeans/img_00000029.jpg,26,train,data/raw/deepfashion/img/Mineral_Wash_High-Rise_Skinny_Jeans/img_00000029.jpg,pants_or_shorts
img/Classic_Flared_Jeans/img_00000037.jpg,26,train,data/raw/deepfashion/img/Classic_Flared_Jeans/img_00000037.jpg,pants_or_shorts
img/Elasticized_Flared_Jeans/img_00000048.jpg,26,train,data/raw/deepfashion/img/Elasticized_Flared_Jeans/img_00000048.jpg,pants_or_shorts
img/Distressed_Floral_Print_Cutoffs/img_00000011.jpg,24,train,data/raw/deepfashion/img/Distressed_Floral_Print_Cutoffs/img_00000011.jpg,pants_or_shorts
img/Faux_Leather-Paneled_Jeans/img_00000050.jpg,26,train,data/raw/deepfashion/img/Faux_Leather-Paneled_Jeans/img_00000050.jpg,pants_or_shorts
img/Classic_Slim-Leg_Jeans/img_00000052.jpg,26,train,data/raw/deepfashion/img/Classic_Slim-Leg_Jeans/img_00000052.jpg,pants_or_shorts
img/Clean_Wash_Slim_Jeans/img_00000007.jpg,26,train,data/raw/deepfashion/img/Clean_Wash_Slim_Jeans/img_00000007.jpg,pants_or_shorts
img/Distressed_Boyfriend_Jeans/img_00000073.jpg,26,train,data/raw/deepfashion/img/Distressed_Boyfriend_Jeans/img_00000073.jpg,pants_or_shorts
img/Mineral_Wash_Boyfriend_Jeans/img_00000012.jpg,26,train,data/raw/deepfashion/img/Mineral_Wash_Boyfriend_Jeans/img_00000012.jpg,pants_or_shorts
img/Classic_Flared_Jeans/img_00000045.jpg,26,train,data/raw/deepfashion/img/Classic_Flared_Jeans/img_00000045.jpg,pants_or_shorts
img/Zippered-Ankle_Skinny_Jeans/img_00000010.jpg,26,train,data/raw/deepfashion/img/Zippered-Ankle_Skinny_Jeans/img_00000010.jpg,pants_or_shorts
img/Clean_Wash_Slim-Leg_Jeans/img_00000026.jpg,26,train,data/raw/deepfashion/img/Clean_Wash_Slim-Leg_Jeans/img_00000026.jpg,pants_or_shorts
img/Crochet-Trimmed_Denim_Cutoffs/img_00000028.jpg,24,train,data/raw/deepfashion/img/Crochet-Trimmed_Denim_Cutoffs/img_00000028.jpg,pants_or_shorts
img/Distressed_Bleach_Wash_Cutoffs/img_00000025.jpg,24,train,data/raw/deepfashion/img/Distressed_Bleach_Wash_Cutoffs/img_00000025.jpg,pants_or_shorts
img/Bleached_Skinny_Jeans/img_00000061.jpg,26,train,data/raw/deepfashion/img/Bleached_Skinny_Jeans/img_00000061.jpg,pants_or_shorts
img/Classic_Denim_Cutoffs/img_00000034.jpg,24,train,data/raw/deepfashion/img/Classic_Denim_Cutoffs/img_00000034.jpg,pants_or_shorts
img/Classic_Solid_Skinny_Jeans/img_00000042.jpg,26,train,data/raw/deepfashion/img/Classic_Solid_Skinny_Jeans/img_00000042.jpg,pants_or_shorts
img/Ripped_Skinny_Jeans/img_00000018.jpg,26,train,data/raw/deepfashion/img/Ripped_Skinny_Jeans/img_00000018.jpg,pants_or_shorts
img/Clean_Wash_-_Ripped_Slim-Leg_Jeans/img_00000008.jpg,26,train,data/raw/deepfashion/img/Clean_Wash_-_Ripped_Slim-Leg_Jeans/img_00000008.jpg,pants_or_shorts
img/Destroyed_Cropped_Jeans/img_00000065.jpg,26,train,data/raw/deepfashion/img/Destroyed_Cropped_Jeans/img_00000065.jpg,pants_or_shorts
img/Low-Rise_Skinny_Jeans/img_00000013.jpg,26,train,data/raw/deepfashion/img/Low-Rise_Skinny_Jeans/img_00000013.jpg,pants_or_shorts
img/Acid_Wash_Boyfriend_Jeans/img_00000041.jpg,26,train,data/raw/deepfashion/img/Acid_Wash_Boyfriend_Jeans/img_00000041.jpg,pants_or_shorts
img/Classic_Mom_Jeans/img_00000040.jpg,26,train,data/raw/deepfashion/img/Classic_Mom_Jeans/img_00000040.jpg,pants_or_shorts
img/Stonewash-_Skinny_Jeans/img_00000023.jpg,26,train,data/raw/deepfashion/img/Stonewash-_Skinny_Jeans/img_00000023.jpg,pants_or_shorts
img/Drawstring_Culottes/img_00000014.jpg,23,train,data/raw/deepfashion/img/Drawstring_Culottes/img_00000014.jpg,pants_or_shorts
img/Classic_Wash_-_Slim_Fit_Jeans/img_00000025.jpg,26,train,data/raw/deepfashion/img/Classic_Wash_-_Slim_Fit_Jeans/img_00000025.jpg,pants_or_shorts
img/Mid-Rise_-_Distressed_Skinny_Jeans/img_00000038.jpg,26,train,data/raw/deepfashion/img/Mid-Rise_-_Distressed_Skinny_Jeans/img_00000038.jpg,pants_or_shorts
img/Americana_Skinny_Jeans/img_00000027.jpg,26,train,data/raw/deepfashion/img/Americana_Skinny_Jeans/img_00000027.jpg,pants_or_shorts
img/Elasticized_Flared_Jeans/img_00000030.jpg,26,train,data/raw/deepfashion/img/Elasticized_Flared_Jeans/img_00000030.jpg,pants_or_shorts
img/Classic_Flared_Jeans/img_00000012.jpg,26,train,data/raw/deepfashion/img/Classic_Flared_Jeans/img_00000012.jpg,pants_or_shorts
img/Mid-Rise_-_Acid_Wash_Skinny_Jeans/img_00000026.jpg,26,train,data/raw/deepfashion/img/Mid-Rise_-_Acid_Wash_Skinny_Jeans/img_00000026.jpg,pants_or_shorts
img/Solid_Denim_Cutoffs/img_00000043.jpg,24,train,data/raw/deepfashion/img/Solid_Denim_Cutoffs/img_00000043.jpg,pants_or_shorts
img/Zippered-Ankle_Skinny_Jeans/img_00000031.jpg,26,train,data/raw/deepfashion/img/Zippered-Ankle_Skinny_Jeans/img_00000031.jpg,pants_or_shorts
img/Acid_Wash_Jeggings/img_00000052.jpg,27,train,data/raw/deepfashion/img/Acid_Wash_Jeggings/img_00000052.jpg,pants_or_shorts
img/Ripped_Skinny_Jeans/img_00000019.jpg,26,train,data/raw/deepfashion/img/Ripped_Skinny_Jeans/img_00000019.jpg,pants_or_shorts
img/Faded_Denim_Cutoffs/img_00000056.jpg,24,train,data/raw/deepfashion/img/Faded_Denim_Cutoffs/img_00000056.jpg,pants_or_shorts
img/Coated_Clean_Wash_-_Skinny_Jeans/img_00000016.jpg,26,train,data/raw/deepfashion/img/Coated_Clean_Wash_-_Skinny_Jeans/img_00000016.jpg,pants_or_shorts
img/Distressed_Denim_Jeans/img_00000050.jpg,26,train,data/raw/deepfashion/img/Distressed_Denim_Jeans/img_00000050.jpg,pants_or_shorts
img/Clean_Wash_Bootleg_Jeans/img_00000066.jpg,26,train,data/raw/deepfashion/img/Clean_Wash_Bootleg_Jeans/img_00000066.jpg,pants_or_shorts
img/Ripped_Denim_Cutoffs/img_00000001.jpg,24,train,data/raw/deepfashion/img/Ripped_Denim_Cutoffs/img_00000001.jpg,pants_or_shorts
img/Clean_Wash_-_Skinny_Jeans/img_00000030.jpg,26,train,data/raw/deepfashion/img/Clean_Wash_-_Skinny_Jeans/img_00000030.jpg,pants_or_shorts
img/Chic_High-Waisted_Jeggings/img_00000014.jpg,27,train,data/raw/deepfashion/img/Chic_High-Waisted_Jeggings/img_00000014.jpg,pants_or_shorts
img/Acid_Wash_Ankle_Jeans/img_00000012.jpg,26,train,data/raw/deepfashion/img/Acid_Wash_Ankle_Jeans/img_00000012.jpg,pants_or_shorts
img/Frayed_Denim_Gauchos/img_00000007.jpg,25,train,data/raw/deepfashion/img/Frayed_Denim_Gauchos/img_00000007.jpg,pants_or_shorts
img/Ripped_Denim_Cutoffs/img_00000005.jpg,24,train,data/raw/deepfashion/img/Ripped_Denim_Cutoffs/img_00000005.jpg,pants_or_shorts
img/Self-Tie_Wrap_Culottes/img_00000029.jpg,23,train,data/raw/deepfashion/img/Self-Tie_Wrap_Culottes/img_00000029.jpg,pants_or_shorts
img/Chic_High-Waisted_Jeggings/img_00000042.jpg,27,train,data/raw/deepfashion/img/Chic_High-Waisted_Jeggings/img_00000042.jpg,pants_or_shorts
img/Flared_Jeans/img_00000002.jpg,26,train,data/raw/deepfashion/img/Flared_Jeans/img_00000002.jpg,pants_or_shorts
img/Mid-Rise_-_Mineral_Wash_Skinny_Jeans/img_00000012.jpg,26,train,data/raw/deepfashion/img/Mid-Rise_-_Mineral_Wash_Skinny_Jeans/img_00000012.jpg,pants_or_shorts
img/Mid-Rise_-_Acid_Wash_Skinny_Jeans/img_00000023.jpg,26,train,data/raw/deepfashion/img/Mid-Rise_-_Acid_Wash_Skinny_Jeans/img_00000023.jpg,pants_or_shorts
img/Cloud_Wash_Distressed_Cutoffs/img_00000011.jpg,24,train,data/raw/deepfashion/img/Cloud_Wash_Distressed_Cutoffs/img_00000011.jpg,pants_or_shorts
img/Low-Rise_Denim_Cutoffs/img_00000027.jpg,24,train,data/raw/deepfashion/img/Low-Rise_Denim_Cutoffs/img_00000027.jpg,pants_or_shorts
img/Classic_Bootcut_Jeans/img_00000056.jpg,26,train,data/raw/deepfashion/img/Classic_Bootcut_Jeans/img_00000056.jpg,pants_or_shorts
img/Mid-Rise_-_Distressed_Boyfriend_Jeans/img_00000040.jpg,26,train,data/raw/deepfashion/img/Mid-Rise_-_Distressed_Boyfriend_Jeans/img_00000040.jpg,pants_or_shorts
img/Elasticized_Flared_Jeans/img_00000015.jpg,26,train,data/raw/deepfashion/img/Elasticized_Flared_Jeans/img_00000015.jpg,pants_or_shorts
img/Acid_Wash_Mom_Jeans/img_00000036.jpg,26,train,data/raw/deepfashion/img/Acid_Wash_Mom_Jeans/img_00000036.jpg,pants_or_shorts
img/Floral_Print_Culottes/img_00000056.jpg,23,train,data/raw/deepfashion/img/Floral_Print_Culottes/img_00000056.jpg,pants_or_shorts
img/Favorite_Ankle-Length_Skinny_Jeans/img_00000055.jpg,26,train,data/raw/deepfashion/img/Favorite_Ankle-Length_Skinny_Jeans/img_00000055.jpg,pants_or_shorts
img/Mineral_Wash_Jeans/img_00000013.jpg,26,train,data/raw/deepfashion/img/Mineral_Wash_Jeans/img_00000013.jpg,pants_or_shorts
img/High-Rise_Mom_Jeans/img_00000034.jpg,26,train,data/raw/deepfashion/img/High-Rise_Mom_Jeans/img_00000034.jpg,pants_or_shorts
img/High-Waisted_Flared_Jeans/img_00000003.jpg,26,train,data/raw/deepfashion/img/High-Waisted_Flared_Jeans/img_00000003.jpg,pants_or_shorts
img/Patched_Straight-Leg_Jeans/img_00000062.jpg,26,train,data/raw/deepfashion/img/Patched_Straight-Leg_Jeans/img_00000062.jpg,pants_or_shorts
img/Polka_Dot_Skinny_Jeans/img_00000018.jpg,26,train,data/raw/deepfashion/img/Polka_Dot_Skinny_Jeans/img_00000018.jpg,pants_or_shorts
img/Patched_Straight-Leg_Jeans/img_00000028.jpg,26,train,data/raw/deepfashion/img/Patched_Straight-Leg_Jeans/img_00000028.jpg,pants_or_shorts
img/Lace-Hemmed_Denim_Cutoffs/img_00000048.jpg,24,train,data/raw/deepfashion/img/Lace-Hemmed_Denim_Cutoffs/img_00000048.jpg,pants_or_shorts
img/Kaleidoscope_Print_Culottes/img_00000033.jpg,23,train,data/raw/deepfashion/img/Kaleidoscope_Print_Culottes/img_00000033.jpg,pants_or_shorts
img/High-Rise_Skinny_Jeans/img_00000047.jpg,26,train,data/raw/deepfashion/img/High-Rise_Skinny_Jeans/img_00000047.jpg,pants_or_shorts
img/Dark_Wash_Jeggings/img_00000003.jpg,27,train,data/raw/deepfashion/img/Dark_Wash_Jeggings/img_00000003.jpg,pants_or_shorts
img/Destroyed_Denim_Cutoffs/img_00000011.jpg,24,train,data/raw/deepfashion/img/Destroyed_Denim_Cutoffs/img_00000011.jpg,pants_or_shorts
img/Zippered-Ankle_Skinny_Jeans/img_00000006.jpg,26,train,data/raw/deepfashion/img/Zippered-Ankle_Skinny_Jeans/img_00000006.jpg,pants_or_shorts
img/Faded_Distressed_Jeans/img_00000006.jpg,26,train,data/raw/deepfashion/img/Faded_Distressed_Jeans/img_00000006.jpg,pants_or_shorts
img/Buttoned_High-Waisted_Skinny_Jeans/img_00000073.jpg,26,train,data/raw/deepfashion/img/Buttoned_High-Waisted_Skinny_Jeans/img_00000073.jpg,pants_or_shorts
img/Mineral_Wash_Jeggings/img_00000013.jpg,27,train,data/raw/deepfashion/img/Mineral_Wash_Jeggings/img_00000013.jpg,pants_or_shorts
img/Faded_Denim_Cutoffs/img_00000011.jpg,24,train,data/raw/deepfashion/img/Faded_Denim_Cutoffs/img_00000011.jpg,pants_or_shorts
img/Clean_Dark_Wash_-_Slim_Fit_Jeans/img_00000010.jpg,26,train,data/raw/deepfashion/img/Clean_Dark_Wash_-_Slim_Fit_Jeans/img_00000010.jpg,pants_or_shorts
img/Dark_Wash_-_Slim_Fit_Jeans/img_00000023.jpg,26,train,data/raw/deepfashion/img/Dark_Wash_-_Slim_Fit_Jeans/img_00000023.jpg,pants_or_shorts
img/High_Waist-_Quilted_Moto_Jeggings/img_00000058.jpg,27,train,data/raw/deepfashion/img/High_Waist-_Quilted_Moto_Jeggings/img_00000058.jpg,pants_or_shorts
img/Crochet_Daisy-Paneled_Cutoffs/img_00000020.jpg,24,train,data/raw/deepfashion/img/Crochet_Daisy-Paneled_Cutoffs/img_00000020.jpg,pants_or_shorts
img/Sanded_Dark_Wash_-_Skinny_Jeans/img_00000009.jpg,26,train,data/raw/deepfashion/img/Sanded_Dark_Wash_-_Skinny_Jeans/img_00000009.jpg,pants_or_shorts
img/High-Waisted_Denim_Cutoffs/img_00000023.jpg,24,train,data/raw/deepfashion/img/High-Waisted_Denim_Cutoffs/img_00000023.jpg,pants_or_shorts
img/Classic_Slim-Leg_Jeans/img_00000014.jpg,26,train,data/raw/deepfashion/img/Classic_Slim-Leg_Jeans/img_00000014.jpg,pants_or_shorts
img/Bleached_Low-Rise_Skinny_Jeans/img_00000010.jpg,26,train,data/raw/deepfashion/img/Bleached_Low-Rise_Skinny_Jeans/img_00000010.jpg,pants_or_shorts
img/Dark_Wash_Jeggings/img_00000018.jpg,27,train,data/raw/deepfashion/img/Dark_Wash_Jeggings/img_00000018.jpg,pants_or_shorts
img/Distressed_Wash_-_Slim_Zippered_Jeans/img_00000012.jpg,26,train,data/raw/deepfashion/img/Distressed_Wash_-_Slim_Zippered_Jeans/img_00000012.jpg,pants_or_shorts
img/Classic_Low_Rise_Skinny_Jeans/img_00000001.jpg,26,train,data/raw/deepfashion/img/Classic_Low_Rise_Skinny_Jeans/img_00000001.jpg,pants_or_shorts
img/Acid_Wash_Distressed_Jeans/img_00000026.jpg,26,train,data/raw/deepfashion/img/Acid_Wash_Distressed_Jeans/img_00000026.jpg,pants_or_shorts
img/Ripped_&_Frayed_Denim_Cutoffs/img_00000002.jpg,24,train,data/raw/deepfashion/img/Ripped_&_Frayed_Denim_Cutoffs/img_00000002.jpg,pants_or_shorts
img/Acid_Wash_Jeggings/img_00000050.jpg,27,train,data/raw/deepfashion/img/Acid_Wash_Jeggings/img_00000050.jpg,pants_or_shorts
img/Faux_Leather-Paneled_Jeans/img_00000043.jpg,26,train,data/raw/deepfashion/img/Faux_Leather-Paneled_Jeans/img_00000043.jpg,pants_or_shorts
img/Polka_Dot_Skinny_Jeans/img_00000002.jpg,26,train,data/raw/deepfashion/img/Polka_Dot_Skinny_Jeans/img_00000002.jpg,pants_or_shorts
img/Embroidered_Panel_Cutoffs/img_00000011.jpg,24,train,data/raw/deepfashion/img/Embroidered_Panel_Cutoffs/img_00000011.jpg,pants_or_shorts
img/Sanded_Dark_Wash_-_Skinny_Jeans/img_00000021.jpg,26,train,data/raw/deepfashion/img/Sanded_Dark_Wash_-_Skinny_Jeans/img_00000021.jpg,pants_or_shorts
img/Classic_Bootcut_Jeans/img_00000057.jpg,26,train,data/raw/deepfashion/img/Classic_Bootcut_Jeans/img_00000057.jpg,pants_or_shorts
img/Bleached_Skinny_Jeans/img_00000024.jpg,26,train,data/raw/deepfashion/img/Bleached_Skinny_Jeans/img_00000024.jpg,pants_or_shorts
img/High-Waisted_Distressed_Cutoffs/img_00000003.jpg,24,train,data/raw/deepfashion/img/High-Waisted_Distressed_Cutoffs/img_00000003.jpg,pants_or_shorts
img/Dark_Wash_Jeggings/img_00000015.jpg,27,train,data/raw/deepfashion/img/Dark_Wash_Jeggings/img_00000015.jpg,pants_or_shorts
img/Low-Rise_Skinny_Jeans/img_00000053.jpg,26,train,data/raw/deepfashion/img/Low-Rise_Skinny_Jeans/img_00000053.jpg,pants_or_shorts
img/Low-Rise_-_Classic_Skinny_Jeans/img_00000036.jpg,26,train,data/raw/deepfashion/img/Low-Rise_-_Classic_Skinny_Jeans/img_00000036.jpg,pants_or_shorts
img/Distressed_Light_Wash_-_Slim_Fit_Jeans/img_00000018.jpg,26,train,data/raw/deepfashion/img/Distressed_Light_Wash_-_Slim_Fit_Jeans/img_00000018.jpg,pants_or_shorts
img/Frayed_Denim_Gauchos/img_00000001.jpg,25,train,data/raw/deepfashion/img/Frayed_Denim_Gauchos/img_00000001.jpg,pants_or_shorts
img/Acid_Wash_Boyfriend_Jeans/img_00000008.jpg,26,train,data/raw/deepfashion/img/Acid_Wash_Boyfriend_Jeans/img_00000008.jpg,pants_or_shorts
img/Low_Rise-_Ankle_Skinny_Jeans/img_00000024.jpg,26,train,data/raw/deepfashion/img/Low_Rise-_Ankle_Skinny_Jeans/img_00000024.jpg,pants_or_shorts
img/Classic_Distressed_Boyfriend_Jeans/img_00000044.jpg,26,train,data/raw/deepfashion/img/Classic_Distressed_Boyfriend_Jeans/img_00000044.jpg,pants_or_shorts
img/Flat-Front_Skinny_Jeans/img_00000034.jpg,26,train,data/raw/deepfashion/img/Flat-Front_Skinny_Jeans/img_00000034.jpg,pants_or_shorts
img/Bleached_Denim_Cutoffs/img_00000006.jpg,24,train,data/raw/deepfashion/img/Bleached_Denim_Cutoffs/img_00000006.jpg,pants_or_shorts
img/Destroyed_Double-Button_Jeans/img_00000058.jpg,26,train,data/raw/deepfashion/img/Destroyed_Double-Button_Jeans/img_00000058.jpg,pants_or_shorts
img/Distressed_Whisker_Wash_Jeans/img_00000051.jpg,26,train,data/raw/deepfashion/img/Distressed_Whisker_Wash_Jeans/img_00000051.jpg,pants_or_shorts
img/No-Fuss_Distressed_Cutoffs/img_00000010.jpg,24,train,data/raw/deepfashion/img/No-Fuss_Distressed_Cutoffs/img_00000010.jpg,pants_or_shorts
img/Mandala_Print_Culottes/img_00000034.jpg,23,train,data/raw/deepfashion/img/Mandala_Print_Culottes/img_00000034.jpg,pants_or_shorts
img/Distressed_Floral_Print_Cutoffs/img_00000040.jpg,24,train,data/raw/deepfashion/img/Distressed_Floral_Print_Cutoffs/img_00000040.jpg,pants_or_shorts
img/Zippered-Ankle_Skinny_Jeans/img_00000051.jpg,26,train,data/raw/deepfashion/img/Zippered-Ankle_Skinny_Jeans/img_00000051.jpg,pants_or_shorts
img/Classic_Low_Rise_Skinny_Jeans/img_00000003.jpg,26,train,data/raw/deepfashion/img/Classic_Low_Rise_Skinny_Jeans/img_00000003.jpg,pants_or_shorts
img/Classic_Soft_Jeggings/img_00000050.jpg,27,train,data/raw/deepfashion/img/Classic_Soft_Jeggings/img_00000050.jpg,pants_or_shorts
img/Flared_Jeans/img_00000058.jpg,26,train,data/raw/deepfashion/img/Flared_Jeans/img_00000058.jpg,pants_or_shorts
img/Paisley_Print_Culottes/img_00000023.jpg,23,train,data/raw/deepfashion/img/Paisley_Print_Culottes/img_00000023.jpg,pants_or_shorts
img/Life_in_Progress_Patched_Cutoffs/img_00000010.jpg,24,train,data/raw/deepfashion/img/Life_in_Progress_Patched_Cutoffs/img_00000010.jpg,pants_or_shorts
img/Mandala_Print_Culottes/img_00000004.jpg,23,train,data/raw/deepfashion/img/Mandala_Print_Culottes/img_00000004.jpg,pants_or_shorts
img/Distressed_Denim_Faded_Cutoffs/img_00000004.jpg,24,train,data/raw/deepfashion/img/Distressed_Denim_Faded_Cutoffs/img_00000004.jpg,pants_or_shorts
img/Faux_Leather-Paneled_Jeans/img_00000013.jpg,26,train,data/raw/deepfashion/img/Faux_Leather-Paneled_Jeans/img_00000013.jpg,pants_or_shorts
img/Low-Rise_Denim_Cutoffs/img_00000023.jpg,24,train,data/raw/deepfashion/img/Low-Rise_Denim_Cutoffs/img_00000023.jpg,pants_or_shorts
img/Bleached_Low-Rise_Skinny_Jeans/img_00000050.jpg,26,train,data/raw/deepfashion/img/Bleached_Low-Rise_Skinny_Jeans/img_00000050.jpg,pants_or_shorts
img/Crochet-Patch_Boyfriend_Jeans/img_00000014.jpg,26,train,data/raw/deepfashion/img/Crochet-Patch_Boyfriend_Jeans/img_00000014.jpg,pants_or_shorts
img/Classic_Denim_Cutoffs/img_00000007.jpg,24,train,data/raw/deepfashion/img/Classic_Denim_Cutoffs/img_00000007.jpg,pants_or_shorts
img/Mid_Rise_-_Distressed_Skinny_Jeans/img_00000008.jpg,26,train,data/raw/deepfashion/img/Mid_Rise_-_Distressed_Skinny_Jeans/img_00000008.jpg,pants_or_shorts
img/Clean_Wash_-_Skinny_Jeans/img_00000044.jpg,26,train,data/raw/deepfashion/img/Clean_Wash_-_Skinny_Jeans/img_00000044.jpg,pants_or_shorts
img/Low-Rise_-_Classic_Skinny_Jeans/img_00000004.jpg,26,train,data/raw/deepfashion/img/Low-Rise_-_Classic_Skinny_Jeans/img_00000004.jpg,pants_or_shorts
img/Classic_Faded_Jeggings/img_00000021.jpg,27,train,data/raw/deepfashion/img/Classic_Faded_Jeggings/img_00000021.jpg,pants_or_shorts
img/High-Waisted_Distressed_Cutoffs/img_00000025.jpg,24,train,data/raw/deepfashion/img/High-Waisted_Distressed_Cutoffs/img_00000025.jpg,pants_or_shorts
img/Classic_Wash_-_Skinny_Jeans/img_00000028.jpg,26,train,data/raw/deepfashion/img/Classic_Wash_-_Skinny_Jeans/img_00000028.jpg,pants_or_shorts
img/Low-Rise_Denim_Cutoffs/img_00000011.jpg,24,train,data/raw/deepfashion/img/Low-Rise_Denim_Cutoffs/img_00000011.jpg,pants_or_shorts
img/Ripped_&_Frayed_Denim_Cutoffs/img_00000037.jpg,24,train,data/raw/deepfashion/img/Ripped_&_Frayed_Denim_Cutoffs/img_00000037.jpg,pants_or_shorts
img/Light_Wash_-_Skinny_Jeans/img_00000003.jpg,26,train,data/raw/deepfashion/img/Light_Wash_-_Skinny_Jeans/img_00000003.jpg,pants_or_shorts
img/Distressed_Denim_Cutoffs/img_00000056.jpg,24,train,data/raw/deepfashion/img/Distressed_Denim_Cutoffs/img_00000056.jpg,pants_or_shorts
img/Pleated_Culottes/img_00000045.jpg,23,train,data/raw/deepfashion/img/Pleated_Culottes/img_00000045.jpg,pants_or_shorts
img/Mid-Rise_-_Acid_Wash_Skinny_Jeans/img_00000024.jpg,26,train,data/raw/deepfashion/img/Mid-Rise_-_Acid_Wash_Skinny_Jeans/img_00000024.jpg,pants_or_shorts
img/Classic_Low_Rise_Skinny_Jeans/img_00000009.jpg,26,train,data/raw/deepfashion/img/Classic_Low_Rise_Skinny_Jeans/img_00000009.jpg,pants_or_shorts
img/Distressed_Mid-Rise_Boyfriend_Jeans/img_00000012.jpg,26,train,data/raw/deepfashion/img/Distressed_Mid-Rise_Boyfriend_Jeans/img_00000012.jpg,pants_or_shorts
img/Distressed_Light_Wash_-_Slim_Fit_Jeans/img_00000021.jpg,26,train,data/raw/deepfashion/img/Distressed_Light_Wash_-_Slim_Fit_Jeans/img_00000021.jpg,pants_or_shorts
img/Mineral_Wash_High-Rise_Skinny_Jeans/img_00000023.jpg,26,train,data/raw/deepfashion/img/Mineral_Wash_High-Rise_Skinny_Jeans/img_00000023.jpg,pants_or_shorts
img/Clean_Wash_-_Slim_Fit_Jeans/img_00000010.jpg,26,train,data/raw/deepfashion/img/Clean_Wash_-_Slim_Fit_Jeans/img_00000010.jpg,pants_or_shorts
img/Zippered-Ankle_Skinny_Jeans/img_00000069.jpg,26,train,data/raw/deepfashion/img/Zippered-Ankle_Skinny_Jeans/img_00000069.jpg,pants_or_shorts
img/High_Waist-_Quilted_Moto_Jeggings/img_00000003.jpg,27,train,data/raw/deepfashion/img/High_Waist-_Quilted_Moto_Jeggings/img_00000003.jpg,pants_or_shorts
img/Low_Rise-_Ankle_Skinny_Jeans/img_00000009.jpg,26,train,data/raw/deepfashion/img/Low_Rise-_Ankle_Skinny_Jeans/img_00000009.jpg,pants_or_shorts
img/Favorite_Ankle-Length_Skinny_Jeans/img_00000039.jpg,26,train,data/raw/deepfashion/img/Favorite_Ankle-Length_Skinny_Jeans/img_00000039.jpg,pants_or_shorts
img/Whiskered_Skinny_Jeans/img_00000048.jpg,26,train,data/raw/deepfashion/img/Whiskered_Skinny_Jeans/img_00000048.jpg,pants_or_shorts
img/Dotted_Clean_Wash_-_Skinny_Jeans/img_00000037.jpg,26,train,data/raw/deepfashion/img/Dotted_Clean_Wash_-_Skinny_Jeans/img_00000037.jpg,pants_or_shorts
img/Mid-Rise_Skinny_Jeans/img_00000035.jpg,26,train,data/raw/deepfashion/img/Mid-Rise_Skinny_Jeans/img_00000035.jpg,pants_or_shorts
img/Crochet-Patch_Boyfriend_Jeans/img_00000007.jpg,26,train,data/raw/deepfashion/img/Crochet-Patch_Boyfriend_Jeans/img_00000007.jpg,pants_or_shorts
img/Acid_Wash_Mom_Jeans/img_00000008.jpg,26,train,data/raw/deepfashion/img/Acid_Wash_Mom_Jeans/img_00000008.jpg,pants_or_shorts
img/Drawstring_Chino_Cutoffs/img_00000025.jpg,24,train,data/raw/deepfashion/img/Drawstring_Chino_Cutoffs/img_00000025.jpg,pants_or_shorts
img/Cinched_Ankle_Jeans/img_00000047.jpg,26,train,data/raw/deepfashion/img/Cinched_Ankle_Jeans/img_00000047.jpg,pants_or_shorts
img/Low-Rise_Ankle_Jeans/img_00000056.jpg,26,train,data/raw/deepfashion/img/Low-Rise_Ankle_Jeans/img_00000056.jpg,pants_or_shorts
img/High-Rise_Skinny_Jeans/img_00000048.jpg,26,train,data/raw/deepfashion/img/High-Rise_Skinny_Jeans/img_00000048.jpg,pants_or_shorts
img/Lace-Hemmed_Denim_Cutoffs/img_00000039.jpg,24,train,data/raw/deepfashion/img/Lace-Hemmed_Denim_Cutoffs/img_00000039.jpg,pants_or_shorts
img/Light_Wash_-_Skinny_Jeans/img_00000048.jpg,26,train,data/raw/deepfashion/img/Light_Wash_-_Skinny_Jeans/img_00000048.jpg,pants_or_shorts
img/Distressed_Mid-Rise_Skinny_Jeans/img_00000008.jpg,26,train,data/raw/deepfashion/img/Distressed_Mid-Rise_Skinny_Jeans/img_00000008.jpg,pants_or_shorts
img/Classic_Slim-Leg_Jeans/img_00000045.jpg,26,train,data/raw/deepfashion/img/Classic_Slim-Leg_Jeans/img_00000045.jpg,pants_or_shorts
img/Wide-Leg_Jeans/img_00000016.jpg,26,train,data/raw/deepfashion/img/Wide-Leg_Jeans/img_00000016.jpg,pants_or_shorts
img/Patched_Straight-Leg_Jeans/img_00000058.jpg,26,train,data/raw/deepfashion/img/Patched_Straight-Leg_Jeans/img_00000058.jpg,pants_or_shorts
img/High-Waisted_Flared_Jeans/img_00000049.jpg,26,train,data/raw/deepfashion/img/High-Waisted_Flared_Jeans/img_00000049.jpg,pants_or_shorts
img/Clean_Wash_Bootleg_Jeans/img_00000050.jpg,26,train,data/raw/deepfashion/img/Clean_Wash_Bootleg_Jeans/img_00000050.jpg,pants_or_shorts
img/Clean_Dark_Wash_-_Slim_Fit_Jeans/img_00000017.jpg,26,train,data/raw/deepfashion/img/Clean_Dark_Wash_-_Slim_Fit_Jeans/img_00000017.jpg,pants_or_shorts
img/Classic_Solid_Skinny_Jeans/img_00000038.jpg,26,train,data/raw/deepfashion/img/Classic_Solid_Skinny_Jeans/img_00000038.jpg,pants_or_shorts
img/Mid-Rise_Skinny_Jeans/img_00000050.jpg,26,train,data/raw/deepfashion/img/Mid-Rise_Skinny_Jeans/img_00000050.jpg,pants_or_shorts
img/Destroyed_Double-Button_Jeans/img_00000031.jpg,26,train,data/raw/deepfashion/img/Destroyed_Double-Button_Jeans/img_00000031.jpg,pants_or_shorts
img/Dark_Wash_-_Paneled_Skinny_Jeans/img_00000017.jpg,26,train,data/raw/deepfashion/img/Dark_Wash_-_Paneled_Skinny_Jeans/img_00000017.jpg,pants_or_shorts
img/Low-Rise_Denim_Cutoffs/img_00000054.jpg,24,train,data/raw/deepfashion/img/Low-Rise_Denim_Cutoffs/img_00000054.jpg,pants_or_shorts
img/Whiskered_Skinny_Jeans/img_00000020.jpg,26,train,data/raw/deepfashion/img/Whiskered_Skinny_Jeans/img_00000020.jpg,pants_or_shorts
img/Cuffed_Denim_Cutoffs/img_00000020.jpg,24,train,data/raw/deepfashion/img/Cuffed_Denim_Cutoffs/img_00000020.jpg,pants_or_shorts
img/Classic_Faded_Jeggings/img_00000067.jpg,27,train,data/raw/deepfashion/img/Classic_Faded_Jeggings/img_00000067.jpg,pants_or_shorts
img/Low-Rise_-_Classic_Skinny_Jeans/img_00000023.jpg,26,train,data/raw/deepfashion/img/Low-Rise_-_Classic_Skinny_Jeans/img_00000023.jpg,pants_or_shorts
img/Polka_Dot_Skinny_Jeans/img_00000078.jpg,26,train,data/raw/deepfashion/img/Polka_Dot_Skinny_Jeans/img_00000078.jpg,pants_or_shorts
img/Mineral_Wash_Skinny_Jeans/img_00000047.jpg,26,train,data/raw/deepfashion/img/Mineral_Wash_Skinny_Jeans/img_00000047.jpg,pants_or_shorts
img/Destroyed_Double-Button_Jeans/img_00000063.jpg,26,train,data/raw/deepfashion/img/Destroyed_Double-Button_Jeans/img_00000063.jpg,pants_or_shorts
img/Skinny_Ankle_Jeans/img_00000027.jpg,26,train,data/raw/deepfashion/img/Skinny_Ankle_Jeans/img_00000027.jpg,pants_or_shorts
img/Whiskered_Skinny_Jeans/img_00000026.jpg,26,train,data/raw/deepfashion/img/Whiskered_Skinny_Jeans/img_00000026.jpg,pants_or_shorts
img/Clean_Wash_-_Slim_Fit_Jeans/img_00000003.jpg,26,train,data/raw/deepfashion/img/Clean_Wash_-_Slim_Fit_Jeans/img_00000003.jpg,pants_or_shorts
img/High-Rise_Mom_Jeans/img_00000055.jpg,26,train,data/raw/deepfashion/img/High-Rise_Mom_Jeans/img_00000055.jpg,pants_or_shorts
img/Mid-Rise_Skinny_Jeans/img_00000034.jpg,26,train,data/raw/deepfashion/img/Mid-Rise_Skinny_Jeans/img_00000034.jpg,pants_or_shorts
img/Distressed_Boyfriend_Jeans/img_00000047.jpg,26,train,data/raw/deepfashion/img/Distressed_Boyfriend_Jeans/img_00000047.jpg,pants_or_shorts
img/Bleached_Low-Rise_Skinny_Jeans/img_00000044.jpg,26,train,data/raw/deepfashion/img/Bleached_Low-Rise_Skinny_Jeans/img_00000044.jpg,pants_or_shorts
img/Topstitched_Jodhpurs/img_00000004.jpg,28,train,data/raw/deepfashion/img/Topstitched_Jodhpurs/img_00000004.jpg,pants_or_shorts
img/High-Waisted_Flared_Jeans/img_00000004.jpg,26,train,data/raw/deepfashion/img/High-Waisted_Flared_Jeans/img_00000004.jpg,pants_or_shorts
img/High-Waisted_Distressed_Boyfriend_Jeans/img_00000012.jpg,26,train,data/raw/deepfashion/img/High-Waisted_Distressed_Boyfriend_Jeans/img_00000012.jpg,pants_or_shorts
img/Polka_Dot_Skinny_Jeans/img_00000080.jpg,26,train,data/raw/deepfashion/img/Polka_Dot_Skinny_Jeans/img_00000080.jpg,pants_or_shorts
img/Low-Rise_Skinny_Jeans/img_00000052.jpg,26,train,data/raw/deepfashion/img/Low-Rise_Skinny_Jeans/img_00000052.jpg,pants_or_shorts
img/Dotted_Clean_Wash_-_Skinny_Jeans/img_00000032.jpg,26,train,data/raw/deepfashion/img/Dotted_Clean_Wash_-_Skinny_Jeans/img_00000032.jpg,pants_or_shorts
img/High-Rise_Denim_Cutoffs/img_00000005.jpg,24,train,data/raw/deepfashion/img/High-Rise_Denim_Cutoffs/img_00000005.jpg,pants_or_shorts
img/Medium_Wash_-_Straight-Leg_Jeans/img_00000054.jpg,26,train,data/raw/deepfashion/img/Medium_Wash_-_Straight-Leg_Jeans/img_00000054.jpg,pants_or_shorts
img/Polka_Dot_Skinny_Jeans/img_00000043.jpg,26,train,data/raw/deepfashion/img/Polka_Dot_Skinny_Jeans/img_00000043.jpg,pants_or_shorts
img/Classic_Slim-Leg_Jeans/img_00000040.jpg,26,train,data/raw/deepfashion/img/Classic_Slim-Leg_Jeans/img_00000040.jpg,pants_or_shorts
img/Mid_Rise-_Destroyed_Straight_Leg_Ankle_Jeans/img_00000003.jpg,26,train,data/raw/deepfashion/img/Mid_Rise-_Destroyed_Straight_Leg_Ankle_Jeans/img_00000003.jpg,pants_or_shorts
img/Distressed_Skinny_Jeans/img_00000043.jpg,26,train,data/raw/deepfashion/img/Distressed_Skinny_Jeans/img_00000043.jpg,pants_or_shorts
img/Crochet-Patch_Boyfriend_Jeans/img_00000038.jpg,26,train,data/raw/deepfashion/img/Crochet-Patch_Boyfriend_Jeans/img_00000038.jpg,pants_or_shorts
img/Mid-Rise_-_Zippered_Skinny_Jeans/img_00000046.jpg,26,train,data/raw/deepfashion/img/Mid-Rise_-_Zippered_Skinny_Jeans/img_00000046.jpg,pants_or_shorts
img/Elasticized_Flared_Jeans/img_00000043.jpg,26,train,data/raw/deepfashion/img/Elasticized_Flared_Jeans/img_00000043.jpg,pants_or_shorts
img/Stretch_Fit_Skinny_Jeans/img_00000001.jpg,26,train,data/raw/deepfashion/img/Stretch_Fit_Skinny_Jeans/img_00000001.jpg,pants_or_shorts
img/High-Rise_-_Flat_Front_Skinny_Jeans/img_00000008.jpg,26,train,data/raw/deepfashion/img/High-Rise_-_Flat_Front_Skinny_Jeans/img_00000008.jpg,pants_or_shorts
img/Distressed_Low-Rise_Cutoffs/img_00000014.jpg,24,train,data/raw/deepfashion/img/Distressed_Low-Rise_Cutoffs/img_00000014.jpg,pants_or_shorts
img/Sanded_Dark_Wash_-_Skinny_Jeans/img_00000006.jpg,26,train,data/raw/deepfashion/img/Sanded_Dark_Wash_-_Skinny_Jeans/img_00000006.jpg,pants_or_shorts
img/High-Waisted_Skinny_Jeans/img_00000031.jpg,26,train,data/raw/deepfashion/img/High-Waisted_Skinny_Jeans/img_00000031.jpg,pants_or_shorts
img/Velveteen_Paisley_Skinny_Jeans/img_00000036.jpg,26,train,data/raw/deepfashion/img/Velveteen_Paisley_Skinny_Jeans/img_00000036.jpg,pants_or_shorts
img/Pleated_Culottes/img_00000057.jpg,23,train,data/raw/deepfashion/img/Pleated_Culottes/img_00000057.jpg,pants_or_shorts
img/Faded_Stretch-Fit_Skinny_Jeans/img_00000045.jpg,26,train,data/raw/deepfashion/img/Faded_Stretch-Fit_Skinny_Jeans/img_00000045.jpg,pants_or_shorts
img/Dark_Wash_-_Paneled_Skinny_Jeans/img_00000001.jpg,26,train,data/raw/deepfashion/img/Dark_Wash_-_Paneled_Skinny_Jeans/img_00000001.jpg,pants_or_shorts
img/Stretch_Fit_Classic_Skinny_Jeans/img_00000046.jpg,26,train,data/raw/deepfashion/img/Stretch_Fit_Classic_Skinny_Jeans/img_00000046.jpg,pants_or_shorts
img/Clean_Wash_Slim_Jeans/img_00000008.jpg,26,train,data/raw/deepfashion/img/Clean_Wash_Slim_Jeans/img_00000008.jpg,pants_or_shorts
img/Light_Wash_-_Skinny_Jeans/img_00000033.jpg,26,train,data/raw/deepfashion/img/Light_Wash_-_Skinny_Jeans/img_00000033.jpg,pants_or_shorts
img/Self-Tie_Wrap_Culottes/img_00000007.jpg,23,train,data/raw/deepfashion/img/Self-Tie_Wrap_Culottes/img_00000007.jpg,pants_or_shorts
img/Destroyed_Slim-Leg_Jeans/img_00000073.jpg,26,train,data/raw/deepfashion/img/Destroyed_Slim-Leg_Jeans/img_00000073.jpg,pants_or_shorts
img/Distressed_Floral_Print_Cutoffs/img_00000038.jpg,24,train,data/raw/deepfashion/img/Distressed_Floral_Print_Cutoffs/img_00000038.jpg,pants_or_shorts
img/Medium_Wash_-_Straight-Leg_Jeans/img_00000084.jpg,26,train,data/raw/deepfashion/img/Medium_Wash_-_Straight-Leg_Jeans/img_00000084.jpg,pants_or_shorts
img/Stretch_Fit_Skinny_Jeans/img_00000053.jpg,26,train,data/raw/deepfashion/img/Stretch_Fit_Skinny_Jeans/img_00000053.jpg,pants_or_shorts
img/Flared_Jeans/img_00000076.jpg,26,train,data/raw/deepfashion/img/Flared_Jeans/img_00000076.jpg,pants_or_shorts
img/Light_Wash_-_Skinny_Jeans/img_00000005.jpg,26,train,data/raw/deepfashion/img/Light_Wash_-_Skinny_Jeans/img_00000005.jpg,pants_or_shorts
img/Distressed_Skinny_Jeans/img_00000003.jpg,26,train,data/raw/deepfashion/img/Distressed_Skinny_Jeans/img_00000003.jpg,pants_or_shorts
img/Classic_Slim-Leg_Jeans/img_00000042.jpg,26,train,data/raw/deepfashion/img/Classic_Slim-Leg_Jeans/img_00000042.jpg,pants_or_shorts
img/Distressed_Denim_Jeans/img_00000063.jpg,26,train,data/raw/deepfashion/img/Distressed_Denim_Jeans/img_00000063.jpg,pants_or_shorts
img/Distressed_Denim_Faded_Cutoffs/img_00000012.jpg,24,train,data/raw/deepfashion/img/Distressed_Denim_Faded_Cutoffs/img_00000012.jpg,pants_or_shorts
img/Acid_Wash_Jeggings/img_00000061.jpg,27,train,data/raw/deepfashion/img/Acid_Wash_Jeggings/img_00000061.jpg,pants_or_shorts
img/Acid_Wash_Jeans/img_00000017.jpg,26,train,data/raw/deepfashion/img/Acid_Wash_Jeans/img_00000017.jpg,pants_or_shorts
img/Dark_Wash_-_Slim_Fit_Jeans/img_00000012.jpg,26,train,data/raw/deepfashion/img/Dark_Wash_-_Slim_Fit_Jeans/img_00000012.jpg,pants_or_shorts
img/Clean_Wash_Jeggings/img_00000053.jpg,27,train,data/raw/deepfashion/img/Clean_Wash_Jeggings/img_00000053.jpg,pants_or_shorts
img/Acid_Wash_Mom_Jeans/img_00000007.jpg,26,train,data/raw/deepfashion/img/Acid_Wash_Mom_Jeans/img_00000007.jpg,pants_or_shorts
img/Mid-Rise_-_Zippered_Skinny_Jeans/img_00000033.jpg,26,train,data/raw/deepfashion/img/Mid-Rise_-_Zippered_Skinny_Jeans/img_00000033.jpg,pants_or_shorts
img/Bleached_Low-Rise_Skinny_Jeans/img_00000027.jpg,26,train,data/raw/deepfashion/img/Bleached_Low-Rise_Skinny_Jeans/img_00000027.jpg,pants_or_shorts
img/Mid-Rise_-_Distressed_Skinny_Jeans/img_00000044.jpg,26,train,data/raw/deepfashion/img/Mid-Rise_-_Distressed_Skinny_Jeans/img_00000044.jpg,pants_or_shorts
img/Acid_Wash_Ankle_Jeans/img_00000034.jpg,26,train,data/raw/deepfashion/img/Acid_Wash_Ankle_Jeans/img_00000034.jpg,pants_or_shorts
img/Sanded_Dark_Wash_-_Skinny_Jeans/img_00000051.jpg,26,train,data/raw/deepfashion/img/Sanded_Dark_Wash_-_Skinny_Jeans/img_00000051.jpg,pants_or_shorts
img/Classic_Distressed_Boyfriend_Jeans/img_00000052.jpg,26,train,data/raw/deepfashion/img/Classic_Distressed_Boyfriend_Jeans/img_00000052.jpg,pants_or_shorts
img/Bleached_Denim_Cutoffs/img_00000065.jpg,24,train,data/raw/deepfashion/img/Bleached_Denim_Cutoffs/img_00000065.jpg,pants_or_shorts
img/High-Waisted_Flared_Jeans/img_00000039.jpg,26,train,data/raw/deepfashion/img/High-Waisted_Flared_Jeans/img_00000039.jpg,pants_or_shorts
img/Cinched_Ankle_Jeans/img_00000045.jpg,26,train,data/raw/deepfashion/img/Cinched_Ankle_Jeans/img_00000045.jpg,pants_or_shorts
img/High-Waisted_Flared_Jeans/img_00000065.jpg,26,train,data/raw/deepfashion/img/High-Waisted_Flared_Jeans/img_00000065.jpg,pants_or_shorts
img/Distressed_Denim_Jeans/img_00000023.jpg,26,train,data/raw/deepfashion/img/Distressed_Denim_Jeans/img_00000023.jpg,pants_or_shorts
img/Mineral_Wash_High-Rise_Skinny_Jeans/img_00000053.jpg,26,train,data/raw/deepfashion/img/Mineral_Wash_High-Rise_Skinny_Jeans/img_00000053.jpg,pants_or_shorts
img/Velveteen_Paisley_Skinny_Jeans/img_00000021.jpg,26,train,data/raw/deepfashion/img/Velveteen_Paisley_Skinny_Jeans/img_00000021.jpg,pants_or_shorts
img/Americana_Skinny_Jeans/img_00000037.jpg,26,train,data/raw/deepfashion/img/Americana_Skinny_Jeans/img_00000037.jpg,pants_or_shorts
img/Faded_Distressed_Jeans/img_00000055.jpg,26,train,data/raw/deepfashion/img/Faded_Distressed_Jeans/img_00000055.jpg,pants_or_shorts
img/Stonewash-_Skinny_Jeans/img_00000028.jpg,26,train,data/raw/deepfashion/img/Stonewash-_Skinny_Jeans/img_00000028.jpg,pants_or_shorts
img/High-Waisted_Matelot_Skinny_Jeans/img_00000048.jpg,26,train,data/raw/deepfashion/img/High-Waisted_Matelot_Skinny_Jeans/img_00000048.jpg,pants_or_shorts
img/Wide-Leg_Jeans/img_00000094.jpg,26,train,data/raw/deepfashion/img/Wide-Leg_Jeans/img_00000094.jpg,pants_or_shorts
img/Stretch_Fit_Classic_Skinny_Jeans/img_00000013.jpg,26,train,data/raw/deepfashion/img/Stretch_Fit_Classic_Skinny_Jeans/img_00000013.jpg,pants_or_shorts
img/Distressed_Bleach_Wash_Cutoffs/img_00000006.jpg,24,train,data/raw/deepfashion/img/Distressed_Bleach_Wash_Cutoffs/img_00000006.jpg,pants_or_shorts
img/Destroyed_Slim-Leg_Jeans/img_00000042.jpg,26,train,data/raw/deepfashion/img/Destroyed_Slim-Leg_Jeans/img_00000042.jpg,pants_or_shorts
img/Classic_Slim_Denim_Jeans/img_00000068.jpg,26,train,data/raw/deepfashion/img/Classic_Slim_Denim_Jeans/img_00000068.jpg,pants_or_shorts
img/Pleated_Culottes/img_00000059.jpg,23,train,data/raw/deepfashion/img/Pleated_Culottes/img_00000059.jpg,pants_or_shorts
img/Distressed_Low-Rise_Cutoffs/img_00000026.jpg,24,train,data/raw/deepfashion/img/Distressed_Low-Rise_Cutoffs/img_00000026.jpg,pants_or_shorts
img/Classic_Skinny_Jeans/img_00000056.jpg,26,train,data/raw/deepfashion/img/Classic_Skinny_Jeans/img_00000056.jpg,pants_or_shorts
img/Floral_Print_Culottes/img_00000065.jpg,23,train,data/raw/deepfashion/img/Floral_Print_Culottes/img_00000065.jpg,pants_or_shorts
img/Clean_Wash_-_Skinny_Jeans/img_00000045.jpg,26,train,data/raw/deepfashion/img/Clean_Wash_-_Skinny_Jeans/img_00000045.jpg,pants_or_shorts
img/Distressed_Whisker_Wash_Jeans/img_00000047.jpg,26,train,data/raw/deepfashion/img/Distressed_Whisker_Wash_Jeans/img_00000047.jpg,pants_or_shorts
img/Stretch_Fit_Skinny_Jeans/img_00000004.jpg,26,train,data/raw/deepfashion/img/Stretch_Fit_Skinny_Jeans/img_00000004.jpg,pants_or_shorts
img/Clean_Wash_-_Slim_Fit_Jeans/img_00000001.jpg,26,train,data/raw/deepfashion/img/Clean_Wash_-_Slim_Fit_Jeans/img_00000001.jpg,pants_or_shorts
img/Acid_Wash_Denim_Cutoffs/img_00000067.jpg,24,train,data/raw/deepfashion/img/Acid_Wash_Denim_Cutoffs/img_00000067.jpg,pants_or_shorts
img/High-Waisted_Matelot_Skinny_Jeans/img_00000064.jpg,26,train,data/raw/deepfashion/img/High-Waisted_Matelot_Skinny_Jeans/img_00000064.jpg,pants_or_shorts
img/Solid_Denim_Cutoffs/img_00000017.jpg,24,train,data/raw/deepfashion/img/Solid_Denim_Cutoffs/img_00000017.jpg,pants_or_shorts
img/Destroyed_Slim-Leg_Jeans/img_00000024.jpg,26,train,data/raw/deepfashion/img/Destroyed_Slim-Leg_Jeans/img_00000024.jpg,pants_or_shorts
img/Topstitched_Jodhpurs/img_00000014.jpg,28,train,data/raw/deepfashion/img/Topstitched_Jodhpurs/img_00000014.jpg,pants_or_shorts
img/Acid_Wash_Jeggings/img_00000031.jpg,27,train,data/raw/deepfashion/img/Acid_Wash_Jeggings/img_00000031.jpg,pants_or_shorts
img/Medium_Wash_-_Straight-Leg_Jeans/img_00000010.jpg,26,train,data/raw/deepfashion/img/Medium_Wash_-_Straight-Leg_Jeans/img_00000010.jpg,pants_or_shorts
img/Solid_Denim_Cutoffs/img_00000036.jpg,24,train,data/raw/deepfashion/img/Solid_Denim_Cutoffs/img_00000036.jpg,pants_or_shorts
img/Dark_Wash_-_Paneled_Skinny_Jeans/img_00000035.jpg,26,train,data/raw/deepfashion/img/Dark_Wash_-_Paneled_Skinny_Jeans/img_00000035.jpg,pants_or_shorts
img/Flared_Jeans/img_00000059.jpg,26,train,data/raw/deepfashion/img/Flared_Jeans/img_00000059.jpg,pants_or_shorts
img/Stonewash-_Skinny_Jeans/img_00000026.jpg,26,train,data/raw/deepfashion/img/Stonewash-_Skinny_Jeans/img_00000026.jpg,pants_or_shorts
img/Distressed_Skinny_Jeans/img_00000010.jpg,26,train,data/raw/deepfashion/img/Distressed_Skinny_Jeans/img_00000010.jpg,pants_or_shorts
img/Clean_Wash_High-Rise_Skinny_Jeans/img_00000023.jpg,26,train,data/raw/deepfashion/img/Clean_Wash_High-Rise_Skinny_Jeans/img_00000023.jpg,pants_or_shorts
img/Distressed_Mineral_Wash_Boyfriend_Jeans/img_00000031.jpg,26,train,data/raw/deepfashion/img/Distressed_Mineral_Wash_Boyfriend_Jeans/img_00000031.jpg,pants_or_shorts
img/High-Waisted_Denim_Cutoffs/img_00000030.jpg,24,train,data/raw/deepfashion/img/High-Waisted_Denim_Cutoffs/img_00000030.jpg,pants_or_shorts
img/High-Waisted_Matelot_Skinny_Jeans/img_00000057.jpg,26,train,data/raw/deepfashion/img/High-Waisted_Matelot_Skinny_Jeans/img_00000057.jpg,pants_or_shorts
img/Ripped_&_Frayed_Denim_Cutoffs/img_00000013.jpg,24,train,data/raw/deepfashion/img/Ripped_&_Frayed_Denim_Cutoffs/img_00000013.jpg,pants_or_shorts
img/Classic_Distressed_Boyfriend_Jeans/img_00000011.jpg,26,train,data/raw/deepfashion/img/Classic_Distressed_Boyfriend_Jeans/img_00000011.jpg,pants_or_shorts
img/Mid-Rise_Skinny_Jeans/img_00000021.jpg,26,train,data/raw/deepfashion/img/Mid-Rise_Skinny_Jeans/img_00000021.jpg,pants_or_shorts
img/Acid_Wash_Distressed_Cutoffs/img_00000019.jpg,24,train,data/raw/deepfashion/img/Acid_Wash_Distressed_Cutoffs/img_00000019.jpg,pants_or_shorts
img/Sunny_Days_Dip-Dyed_Cutoffs/img_00000017.jpg,24,train,data/raw/deepfashion/img/Sunny_Days_Dip-Dyed_Cutoffs/img_00000017.jpg,pants_or_shorts
img/Destroyed_Slim-Leg_Jeans/img_00000016.jpg,26,train,data/raw/deepfashion/img/Destroyed_Slim-Leg_Jeans/img_00000016.jpg,pants_or_shorts
img/Mom_Fit_Jeans/img_00000032.jpg,26,train,data/raw/deepfashion/img/Mom_Fit_Jeans/img_00000032.jpg,pants_or_shorts
img/Distressed_Mineral_Wash_Jeans/img_00000001.jpg,26,train,data/raw/deepfashion/img/Distressed_Mineral_Wash_Jeans/img_00000001.jpg,pants_or_shorts
img/Favorite_Petite_Skinny_Jeans/img_00000016.jpg,26,train,data/raw/deepfashion/img/Favorite_Petite_Skinny_Jeans/img_00000016.jpg,pants_or_shorts
img/Skinny_Ankle_Jeans/img_00000012.jpg,26,train,data/raw/deepfashion/img/Skinny_Ankle_Jeans/img_00000012.jpg,pants_or_shorts
img/Crochet_Daisy-Paneled_Cutoffs/img_00000014.jpg,24,train,data/raw/deepfashion/img/Crochet_Daisy-Paneled_Cutoffs/img_00000014.jpg,pants_or_shorts
img/High_Waist-_Quilted_Moto_Jeggings/img_00000013.jpg,27,train,data/raw/deepfashion/img/High_Waist-_Quilted_Moto_Jeggings/img_00000013.jpg,pants_or_shorts
img/High_Waist-_Quilted_Moto_Jeggings/img_00000007.jpg,27,train,data/raw/deepfashion/img/High_Waist-_Quilted_Moto_Jeggings/img_00000007.jpg,pants_or_shorts
img/Sunny_Days_Dip-Dyed_Cutoffs/img_00000001.jpg,24,train,data/raw/deepfashion/img/Sunny_Days_Dip-Dyed_Cutoffs/img_00000001.jpg,pants_or_shorts
img/Classic_Solid_Skinny_Jeans/img_00000031.jpg,26,train,data/raw/deepfashion/img/Classic_Solid_Skinny_Jeans/img_00000031.jpg,pants_or_shorts
img/Mid_Rise_-_Distressed_Skinny_Jeans/img_00000003.jpg,26,train,data/raw/deepfashion/img/Mid_Rise_-_Distressed_Skinny_Jeans/img_00000003.jpg,pants_or_shorts
img/Distressed_Whisker_Wash_Jeans/img_00000053.jpg,26,train,data/raw/deepfashion/img/Distressed_Whisker_Wash_Jeans/img_00000053.jpg,pants_or_shorts
img/Embroidered_Panel_Cutoffs/img_00000018.jpg,24,train,data/raw/deepfashion/img/Embroidered_Panel_Cutoffs/img_00000018.jpg,pants_or_shorts
img/Low-Rise_Denim_Cutoffs/img_00000070.jpg,24,train,data/raw/deepfashion/img/Low-Rise_Denim_Cutoffs/img_00000070.jpg,pants_or_shorts
img/Everyday_Skinny_Jeans/img_00000008.jpg,26,train,data/raw/deepfashion/img/Everyday_Skinny_Jeans/img_00000008.jpg,pants_or_shorts
img/Distressed_Bleach_Wash_Cutoffs/img_00000005.jpg,24,train,data/raw/deepfashion/img/Distressed_Bleach_Wash_Cutoffs/img_00000005.jpg,pants_or_shorts
img/Everyday_Skinny_Jeans/img_00000028.jpg,26,train,data/raw/deepfashion/img/Everyday_Skinny_Jeans/img_00000028.jpg,pants_or_shorts
img/Distressed_Skinny_Jeans/img_00000025.jpg,26,train,data/raw/deepfashion/img/Distressed_Skinny_Jeans/img_00000025.jpg,pants_or_shorts
img/Low-Rise_Denim_Cutoffs/img_00000055.jpg,24,train,data/raw/deepfashion/img/Low-Rise_Denim_Cutoffs/img_00000055.jpg,pants_or_shorts
img/High-Waist_Acid_Wash_Jeans/img_00000033.jpg,26,train,data/raw/deepfashion/img/High-Waist_Acid_Wash_Jeans/img_00000033.jpg,pants_or_shorts
img/Bleached_Skinny_Jeans/img_00000073.jpg,26,train,data/raw/deepfashion/img/Bleached_Skinny_Jeans/img_00000073.jpg,pants_or_shorts
img/High-Waisted_Denim_Cutoffs/img_00000033.jpg,24,train,data/raw/deepfashion/img/High-Waisted_Denim_Cutoffs/img_00000033.jpg,pants_or_shorts
img/Mid-Rise_-_Mineral_Wash_Skinny_Jeans/img_00000022.jpg,26,train,data/raw/deepfashion/img/Mid-Rise_-_Mineral_Wash_Skinny_Jeans/img_00000022.jpg,pants_or_shorts
img/Destroyed_Cropped_Jeans/img_00000064.jpg,26,train,data/raw/deepfashion/img/Destroyed_Cropped_Jeans/img_00000064.jpg,pants_or_shorts
img/Super-Soft_Skinny_Jeans/img_00000057.jpg,26,train,data/raw/deepfashion/img/Super-Soft_Skinny_Jeans/img_00000057.jpg,pants_or_shorts
img/Clean_Wash_Bootleg_Jeans/img_00000013.jpg,26,train,data/raw/deepfashion/img/Clean_Wash_Bootleg_Jeans/img_00000013.jpg,pants_or_shorts
img/Acid_Wash_Jeggings/img_00000020.jpg,27,train,data/raw/deepfashion/img/Acid_Wash_Jeggings/img_00000020.jpg,pants_or_shorts
img/Dark_Wash_Jeggings/img_00000053.jpg,27,train,data/raw/deepfashion/img/Dark_Wash_Jeggings/img_00000053.jpg,pants_or_shorts
img/High-Rise_Mom_Jeans/img_00000048.jpg,26,train,data/raw/deepfashion/img/High-Rise_Mom_Jeans/img_00000048.jpg,pants_or_shorts
img/Mid-Rise_-_Mineral_Wash_Skinny_Jeans/img_00000016.jpg,26,train,data/raw/deepfashion/img/Mid-Rise_-_Mineral_Wash_Skinny_Jeans/img_00000016.jpg,pants_or_shorts
img/Ripped_Denim_Cutoffs/img_00000011.jpg,24,train,data/raw/deepfashion/img/Ripped_Denim_Cutoffs/img_00000011.jpg,pants_or_shorts
img/Low-Rise_Denim_Cutoffs/img_00000032.jpg,24,train,data/raw/deepfashion/img/Low-Rise_Denim_Cutoffs/img_00000032.jpg,pants_or_shorts
img/Whiskered_Skinny_Jeans/img_00000025.jpg,26,train,data/raw/deepfashion/img/Whiskered_Skinny_Jeans/img_00000025.jpg,pants_or_shorts
img/Mineral_Wash_Cutoffs/img_00000031.jpg,24,train,data/raw/deepfashion/img/Mineral_Wash_Cutoffs/img_00000031.jpg,pants_or_shorts
img/High-Waisted_Matelot_Skinny_Jeans/img_00000025.jpg,26,train,data/raw/deepfashion/img/High-Waisted_Matelot_Skinny_Jeans/img_00000025.jpg,pants_or_shorts
img/Acid_Wash_Ankle_Jeans/img_00000026.jpg,26,train,data/raw/deepfashion/img/Acid_Wash_Ankle_Jeans/img_00000026.jpg,pants_or_shorts
img/Classic_Slim-Leg_Jeans/img_00000023.jpg,26,train,data/raw/deepfashion/img/Classic_Slim-Leg_Jeans/img_00000023.jpg,pants_or_shorts
img/Acid_Wash_Denim_Cutoffs/img_00000013.jpg,24,train,data/raw/deepfashion/img/Acid_Wash_Denim_Cutoffs/img_00000013.jpg,pants_or_shorts
img/Distressed_Skinny_Jeans/img_00000041.jpg,26,train,data/raw/deepfashion/img/Distressed_Skinny_Jeans/img_00000041.jpg,pants_or_shorts
img/Mandala_Print_Culottes/img_00000003.jpg,23,train,data/raw/deepfashion/img/Mandala_Print_Culottes/img_00000003.jpg,pants_or_shorts
img/Ripped_&_Frayed_Denim_Cutoffs/img_00000030.jpg,24,train,data/raw/deepfashion/img/Ripped_&_Frayed_Denim_Cutoffs/img_00000030.jpg,pants_or_shorts
img/Kaleidoscope_Print_Culottes/img_00000005.jpg,23,train,data/raw/deepfashion/img/Kaleidoscope_Print_Culottes/img_00000005.jpg,pants_or_shorts
img/Mineral_Wash_Cutoffs/img_00000004.jpg,24,train,data/raw/deepfashion/img/Mineral_Wash_Cutoffs/img_00000004.jpg,pants_or_shorts
img/Buttoned_High-Waisted_Skinny_Jeans/img_00000044.jpg,26,train,data/raw/deepfashion/img/Buttoned_High-Waisted_Skinny_Jeans/img_00000044.jpg,pants_or_shorts
img/Mineral_Wash_Skinny_Jeans/img_00000029.jpg,26,train,data/raw/deepfashion/img/Mineral_Wash_Skinny_Jeans/img_00000029.jpg,pants_or_shorts
img/Classic_Mid-Rise_Skinny_Jeans/img_00000047.jpg,26,train,data/raw/deepfashion/img/Classic_Mid-Rise_Skinny_Jeans/img_00000047.jpg,pants_or_shorts
img/High-Waisted_Flared_Jeans/img_00000009.jpg,26,train,data/raw/deepfashion/img/High-Waisted_Flared_Jeans/img_00000009.jpg,pants_or_shorts
img/Cloud_Wash_Jeans/img_00000033.jpg,26,train,data/raw/deepfashion/img/Cloud_Wash_Jeans/img_00000033.jpg,pants_or_shorts
img/Crepe_Fit_&_Flare_Dress/img_00000033.jpg,41,train,data/raw/deepfashion/img/Crepe_Fit_&_Flare_Dress/img_00000033.jpg,skirt
img/Abstract_Print_Surplice_Jumpsuit/img_00000031.jpg,42,train,data/raw/deepfashion/img/Abstract_Print_Surplice_Jumpsuit/img_00000031.jpg,skirt
img/Elephant_Print_Maxi_Dress/img_00000046.jpg,41,train,data/raw/deepfashion/img/Elephant_Print_Maxi_Dress/img_00000046.jpg,skirt
img/Floral_Paisley_Shift_Dress/img_00000051.jpg,41,train,data/raw/deepfashion/img/Floral_Paisley_Shift_Dress/img_00000051.jpg,skirt
img/Sheer_Mesh_Maxi_Dress/img_00000016.jpg,41,train,data/raw/deepfashion/img/Sheer_Mesh_Maxi_Dress/img_00000016.jpg,skirt
img/Button-Down_Denim_Jumpsuit/img_00000060.jpg,42,train,data/raw/deepfashion/img/Button-Down_Denim_Jumpsuit/img_00000060.jpg,skirt
img/Woven_Shift_Dress/img_00000012.jpg,41,train,data/raw/deepfashion/img/Woven_Shift_Dress/img_00000012.jpg,skirt
img/Fit_&_Flare_Crisscross_Cami_Dress/img_00000021.jpg,41,train,data/raw/deepfashion/img/Fit_&_Flare_Crisscross_Cami_Dress/img_00000021.jpg,skirt
img/Rugby_Stripe_Shift_Dress/img_00000039.jpg,41,train,data/raw/deepfashion/img/Rugby_Stripe_Shift_Dress/img_00000039.jpg,skirt
img/Bandage_Bodycon_Dress/img_00000078.jpg,41,train,data/raw/deepfashion/img/Bandage_Bodycon_Dress/img_00000078.jpg,skirt
img/Bandage_Bodycon_Dress/img_00000036.jpg,41,train,data/raw/deepfashion/img/Bandage_Bodycon_Dress/img_00000036.jpg,skirt
img/Floral_A-Line_Dress/img_00000071.jpg,41,train,data/raw/deepfashion/img/Floral_A-Line_Dress/img_00000071.jpg,skirt
img/Floral_Lace_Cutout_Dress/img_00000022.jpg,41,train,data/raw/deepfashion/img/Floral_Lace_Cutout_Dress/img_00000022.jpg,skirt
img/Chiffon_Shift_Dress/img_00000016.jpg,41,train,data/raw/deepfashion/img/Chiffon_Shift_Dress/img_00000016.jpg,skirt
img/Midi_Tank_Dress/img_00000048.jpg,41,train,data/raw/deepfashion/img/Midi_Tank_Dress/img_00000048.jpg,skirt
img/Rhinestone-Embellished_Maxi_Dress/img_00000009.jpg,41,train,data/raw/deepfashion/img/Rhinestone-Embellished_Maxi_Dress/img_00000009.jpg,skirt
img/Strapless_Bodycon_Dress/img_00000073.jpg,41,train,data/raw/deepfashion/img/Strapless_Bodycon_Dress/img_00000073.jpg,skirt
img/Metallic_Chevron-Patterned_Dress/img_00000021.jpg,41,train,data/raw/deepfashion/img/Metallic_Chevron-Patterned_Dress/img_00000021.jpg,skirt
img/Cutout_Sleeveless_Jumpsuit/img_00000018.jpg,42,train,data/raw/deepfashion/img/Cutout_Sleeveless_Jumpsuit/img_00000018.jpg,skirt
img/Crinkled_Chiffon_Cami_Dress/img_00000042.jpg,41,train,data/raw/deepfashion/img/Crinkled_Chiffon_Cami_Dress/img_00000042.jpg,skirt
img/XO_Print_Crisscross-Back_Dress/img_00000025.jpg,41,train,data/raw/deepfashion/img/XO_Print_Crisscross-Back_Dress/img_00000025.jpg,skirt
img/Retro_Cutout_Dress/img_00000042.jpg,41,train,data/raw/deepfashion/img/Retro_Cutout_Dress/img_00000042.jpg,skirt
img/Buttoned_Floral_Maxi_Dress/img_00000058.jpg,41,train,data/raw/deepfashion/img/Buttoned_Floral_Maxi_Dress/img_00000058.jpg,skirt
img/Ribbed_Knit_Trapeze_Dress/img_00000006.jpg,41,train,data/raw/deepfashion/img/Ribbed_Knit_Trapeze_Dress/img_00000006.jpg,skirt
img/Raga_Tie-Dye_Ladder_Cutout_Maxi_Dress/img_00000009.jpg,41,train,data/raw/deepfashion/img/Raga_Tie-Dye_Ladder_Cutout_Maxi_Dress/img_00000009.jpg,skirt
img/Tribal_Print_Halter_Maxi_Dress/img_00000024.jpg,41,train,data/raw/deepfashion/img/Tribal_Print_Halter_Maxi_Dress/img_00000024.jpg,skirt
img/Paint_It_Red_Lace_Midi_Dress/img_00000009.jpg,41,train,data/raw/deepfashion/img/Paint_It_Red_Lace_Midi_Dress/img_00000009.jpg,skirt
img/Striped_Shirt_Dress/img_00000036.jpg,41,train,data/raw/deepfashion/img/Striped_Shirt_Dress/img_00000036.jpg,skirt
img/Cutout_Gaucho_Jumpsuit/img_00000009.jpg,42,train,data/raw/deepfashion/img/Cutout_Gaucho_Jumpsuit/img_00000009.jpg,skirt
img/Abstract_Zigzag_Maxi_Dress/img_00000055.jpg,41,train,data/raw/deepfashion/img/Abstract_Zigzag_Maxi_Dress/img_00000055.jpg,skirt
img/Rhinestone-Embellished_Maxi_Dress/img_00000034.jpg,41,train,data/raw/deepfashion/img/Rhinestone-Embellished_Maxi_Dress/img_00000034.jpg,skirt
img/Chiffon-Paneled_Maxi_Dress/img_00000051.jpg,41,train,data/raw/deepfashion/img/Chiffon-Paneled_Maxi_Dress/img_00000051.jpg,skirt
img/Paisley_Print_Babydoll_Dress/img_00000005.jpg,41,train,data/raw/deepfashion/img/Paisley_Print_Babydoll_Dress/img_00000005.jpg,skirt
img/Colorblocked_Surplice_Dress/img_00000032.jpg,41,train,data/raw/deepfashion/img/Colorblocked_Surplice_Dress/img_00000032.jpg,skirt
img/Strapless_Coated_Dress/img_00000047.jpg,41,train,data/raw/deepfashion/img/Strapless_Coated_Dress/img_00000047.jpg,skirt
img/Tribal_Print_High-Slit_Dress/img_00000013.jpg,41,train,data/raw/deepfashion/img/Tribal_Print_High-Slit_Dress/img_00000013.jpg,skirt
img/Floral_Print_Skater_Dress/img_00000032.jpg,41,train,data/raw/deepfashion/img/Floral_Print_Skater_Dress/img_00000032.jpg,skirt
img/Surplice_Front_Jumpsuit/img_00000044.jpg,42,train,data/raw/deepfashion/img/Surplice_Front_Jumpsuit/img_00000044.jpg,skirt
img/Medallion_Print_Bell-Sleeve_Dress/img_00000037.jpg,41,train,data/raw/deepfashion/img/Medallion_Print_Bell-Sleeve_Dress/img_00000037.jpg,skirt
img/Leopard_Print_Maxi_Dress/img_00000053.jpg,41,train,data/raw/deepfashion/img/Leopard_Print_Maxi_Dress/img_00000053.jpg,skirt
img/Botanical_Print_A-Line_Dress/img_00000070.jpg,41,train,data/raw/deepfashion/img/Botanical_Print_A-Line_Dress/img_00000070.jpg,skirt
img/Grid_Print_Jumpsuit/img_00000031.jpg,42,train,data/raw/deepfashion/img/Grid_Print_Jumpsuit/img_00000031.jpg,skirt
img/Layered_Cutout_Midi_Dress/img_00000041.jpg,41,train,data/raw/deepfashion/img/Layered_Cutout_Midi_Dress/img_00000041.jpg,skirt
img/Varsity-Striped_Scuba_Knit_Dress/img_00000028.jpg,41,train,data/raw/deepfashion/img/Varsity-Striped_Scuba_Knit_Dress/img_00000028.jpg,skirt
img/Y-Back_Flounce_Dress/img_00000005.jpg,41,train,data/raw/deepfashion/img/Y-Back_Flounce_Dress/img_00000005.jpg,skirt
img/Floral_Faux_Leather_Applique_Dress/img_00000005.jpg,41,train,data/raw/deepfashion/img/Floral_Faux_Leather_Applique_Dress/img_00000005.jpg,skirt
img/Tie-Dye_Dolman_Sleeve_Dress/img_00000038.jpg,41,train,data/raw/deepfashion/img/Tie-Dye_Dolman_Sleeve_Dress/img_00000038.jpg,skirt
img/Gathered_Floral_Lace_Dress/img_00000029.jpg,41,train,data/raw/deepfashion/img/Gathered_Floral_Lace_Dress/img_00000029.jpg,skirt
img/Crochet_Daisy-Trimmed_Dress/img_00000027.jpg,41,train,data/raw/deepfashion/img/Crochet_Daisy-Trimmed_Dress/img_00000027.jpg,skirt
img/Floral_Cami_Dress/img_00000075.jpg,41,train,data/raw/deepfashion/img/Floral_Cami_Dress/img_00000075.jpg,skirt
img/Fuzzy_Knit_Mini_Dress/img_00000006.jpg,41,train,data/raw/deepfashion/img/Fuzzy_Knit_Mini_Dress/img_00000006.jpg,skirt
img/Abstract_Print_Cutout_Jumpsuit/img_00000021.jpg,42,train,data/raw/deepfashion/img/Abstract_Print_Cutout_Jumpsuit/img_00000021.jpg,skirt
img/Floral_Print_Mesh_Dress/img_00000025.jpg,41,train,data/raw/deepfashion/img/Floral_Print_Mesh_Dress/img_00000025.jpg,skirt
img/Belted_Rose_Babydoll_Dress/img_00000016.jpg,41,train,data/raw/deepfashion/img/Belted_Rose_Babydoll_Dress/img_00000016.jpg,skirt
img/Longline_Shift_Dress/img_00000018.jpg,41,train,data/raw/deepfashion/img/Longline_Shift_Dress/img_00000018.jpg,skirt
img/Floral_Button-Down_Dress/img_00000007.jpg,41,train,data/raw/deepfashion/img/Floral_Button-Down_Dress/img_00000007.jpg,skirt
img/Sheer_Mesh_Maxi_Dress/img_00000065.jpg,41,train,data/raw/deepfashion/img/Sheer_Mesh_Maxi_Dress/img_00000065.jpg,skirt
img/Pintucked_Stained_Glass_Print_Dress/img_00000022.jpg,41,train,data/raw/deepfashion/img/Pintucked_Stained_Glass_Print_Dress/img_00000022.jpg,skirt
img/Colorblocked_Shift_Dress/img_00000066.jpg,41,train,data/raw/deepfashion/img/Colorblocked_Shift_Dress/img_00000066.jpg,skirt
img/Paisley_Tunic_Dress/img_00000003.jpg,41,train,data/raw/deepfashion/img/Paisley_Tunic_Dress/img_00000003.jpg,skirt
img/Fit_&_Flare_Tee_Dress/img_00000032.jpg,41,train,data/raw/deepfashion/img/Fit_&_Flare_Tee_Dress/img_00000032.jpg,skirt
img/Cutout_A-Line_Dress/img_00000013.jpg,41,train,data/raw/deepfashion/img/Cutout_A-Line_Dress/img_00000013.jpg,skirt
img/Abstract-Striped_Ladder-Back_Dress/img_00000011.jpg,41,train,data/raw/deepfashion/img/Abstract-Striped_Ladder-Back_Dress/img_00000011.jpg,skirt
img/Crochet_and_Lace_Babydoll_Dress/img_00000001.jpg,41,train,data/raw/deepfashion/img/Crochet_and_Lace_Babydoll_Dress/img_00000001.jpg,skirt
img/Jersey_Trapeze_Dress/img_00000002.jpg,41,train,data/raw/deepfashion/img/Jersey_Trapeze_Dress/img_00000002.jpg,skirt
img/Cutout_Tribal_Print_Dress/img_00000027.jpg,41,train,data/raw/deepfashion/img/Cutout_Tribal_Print_Dress/img_00000027.jpg,skirt
img/Elephant_Print_Maxi_Dress/img_00000047.jpg,41,train,data/raw/deepfashion/img/Elephant_Print_Maxi_Dress/img_00000047.jpg,skirt
img/Striped_Bodycon_Dress/img_00000039.jpg,41,train,data/raw/deepfashion/img/Striped_Bodycon_Dress/img_00000039.jpg,skirt
img/Marled_Knit_Hooded_Dress/img_00000018.jpg,41,train,data/raw/deepfashion/img/Marled_Knit_Hooded_Dress/img_00000018.jpg,skirt
img/Embroidered_Gauze_Layered_Dress/img_00000008.jpg,41,train,data/raw/deepfashion/img/Embroidered_Gauze_Layered_Dress/img_00000008.jpg,skirt
img/Lace-Cutout_Sheath_Dress/img_00000055.jpg,41,train,data/raw/deepfashion/img/Lace-Cutout_Sheath_Dress/img_00000055.jpg,skirt
img/Strapless_Colorblock_Maxi_Dress/img_00000021.jpg,41,train,data/raw/deepfashion/img/Strapless_Colorblock_Maxi_Dress/img_00000021.jpg,skirt
img/Ruffled_Wrap_Dress/img_00000030.jpg,41,train,data/raw/deepfashion/img/Ruffled_Wrap_Dress/img_00000030.jpg,skirt
img/Slub_Knit_Fit_&_Flare_Dress/img_00000009.jpg,41,train,data/raw/deepfashion/img/Slub_Knit_Fit_&_Flare_Dress/img_00000009.jpg,skirt
img/Faux_Leather_Combo_Dress/img_00000016.jpg,41,train,data/raw/deepfashion/img/Faux_Leather_Combo_Dress/img_00000016.jpg,skirt
img/Eyelash_Lace_A-Line_Dress/img_00000041.jpg,41,train,data/raw/deepfashion/img/Eyelash_Lace_A-Line_Dress/img_00000041.jpg,skirt
img/Linen_Overall_Dress/img_00000035.jpg,41,train,data/raw/deepfashion/img/Linen_Overall_Dress/img_00000035.jpg,skirt
img/Open-Crochet_Maxi_Dress/img_00000009.jpg,41,train,data/raw/deepfashion/img/Open-Crochet_Maxi_Dress/img_00000009.jpg,skirt
img/Polka_Dot_Fit_&_Flare_Dress/img_00000068.jpg,41,train,data/raw/deepfashion/img/Polka_Dot_Fit_&_Flare_Dress/img_00000068.jpg,skirt
img/Paint_It_Red_Fit_&_Flare_Dress/img_00000022.jpg,41,train,data/raw/deepfashion/img/Paint_It_Red_Fit_&_Flare_Dress/img_00000022.jpg,skirt
img/Textured_Stripe_A-Line_Dress/img_00000022.jpg,41,train,data/raw/deepfashion/img/Textured_Stripe_A-Line_Dress/img_00000022.jpg,skirt
img/Cascading_Layered_Shift_Dress/img_00000048.jpg,41,train,data/raw/deepfashion/img/Cascading_Layered_Shift_Dress/img_00000048.jpg,skirt
img/Embroidered_Crepe_Surplice_Jumpsuit/img_00000006.jpg,42,train,data/raw/deepfashion/img/Embroidered_Crepe_Surplice_Jumpsuit/img_00000006.jpg,skirt
img/Denim_Drawstring_Jumpsuit/img_00000019.jpg,42,train,data/raw/deepfashion/img/Denim_Drawstring_Jumpsuit/img_00000019.jpg,skirt
img/Tropical_Tank_Dress/img_00000032.jpg,41,train,data/raw/deepfashion/img/Tropical_Tank_Dress/img_00000032.jpg,skirt
img/Heathered_Knit_Dress/img_00000062.jpg,41,train,data/raw/deepfashion/img/Heathered_Knit_Dress/img_00000062.jpg,skirt
img/V-Neck_Tie-Dye_Dress/img_00000044.jpg,41,train,data/raw/deepfashion/img/V-Neck_Tie-Dye_Dress/img_00000044.jpg,skirt
img/Embroidered_Floral_A-Line_Dress/img_00000009.jpg,41,train,data/raw/deepfashion/img/Embroidered_Floral_A-Line_Dress/img_00000009.jpg,skirt
img/Colorblocked_Shift_Dress/img_00000040.jpg,41,train,data/raw/deepfashion/img/Colorblocked_Shift_Dress/img_00000040.jpg,skirt
img/Pleated_Plaid_A-Line_Dress/img_00000009.jpg,41,train,data/raw/deepfashion/img/Pleated_Plaid_A-Line_Dress/img_00000009.jpg,skirt
img/Striped_Strapless_Jumpsuit/img_00000036.jpg,42,train,data/raw/deepfashion/img/Striped_Strapless_Jumpsuit/img_00000036.jpg,skirt
img/Tulle_Overlay_Cami_Dress/img_00000057.jpg,41,train,data/raw/deepfashion/img/Tulle_Overlay_Cami_Dress/img_00000057.jpg,skirt
img/Floral_Crochet_Overlay_Dress/img_00000006.jpg,41,train,data/raw/deepfashion/img/Floral_Crochet_Overlay_Dress/img_00000006.jpg,skirt
img/Lace-Paneled_Pleated_Dress/img_00000026.jpg,41,train,data/raw/deepfashion/img/Lace-Paneled_Pleated_Dress/img_00000026.jpg,skirt
img/Painted_Floral_Slip_Dress/img_00000020.jpg,41,train,data/raw/deepfashion/img/Painted_Floral_Slip_Dress/img_00000020.jpg,skirt
img/Drawstring_Chambray_Utility_Jumpsuit/img_00000004.jpg,42,train,data/raw/deepfashion/img/Drawstring_Chambray_Utility_Jumpsuit/img_00000004.jpg,skirt
img/Pleated_Button-Front_Jumpsuit/img_00000006.jpg,42,train,data/raw/deepfashion/img/Pleated_Button-Front_Jumpsuit/img_00000006.jpg,skirt
img/Crocheted_Drop_Waist_Dress/img_00000017.jpg,41,train,data/raw/deepfashion/img/Crocheted_Drop_Waist_Dress/img_00000017.jpg,skirt
img/Ornate_Embroidered-Mesh_Dress/img_00000033.jpg,41,train,data/raw/deepfashion/img/Ornate_Embroidered-Mesh_Dress/img_00000033.jpg,skirt
img/Sweetheart_High-Low_Dress/img_00000056.jpg,41,train,data/raw/deepfashion/img/Sweetheart_High-Low_Dress/img_00000056.jpg,skirt
img/Mixed_Print_Knit_Dress/img_00000049.jpg,41,train,data/raw/deepfashion/img/Mixed_Print_Knit_Dress/img_00000049.jpg,skirt
img/Chiffon_&_Floral_Dress/img_00000035.jpg,41,train,data/raw/deepfashion/img/Chiffon_&_Floral_Dress/img_00000035.jpg,skirt
img/Knotted_Sheath_Dress/img_00000053.jpg,41,train,data/raw/deepfashion/img/Knotted_Sheath_Dress/img_00000053.jpg,skirt
img/V-Neck_Ribbed_Dress/img_00000036.jpg,41,train,data/raw/deepfashion/img/V-Neck_Ribbed_Dress/img_00000036.jpg,skirt
img/Strapless_Tribal_Print_Dress/img_00000005.jpg,41,train,data/raw/deepfashion/img/Strapless_Tribal_Print_Dress/img_00000005.jpg,skirt
img/Flounce_Maxi_Dress/img_00000023.jpg,41,train,data/raw/deepfashion/img/Flounce_Maxi_Dress/img_00000023.jpg,skirt
img/Fit_&_Flare_Knit_Dress/img_00000007.jpg,41,train,data/raw/deepfashion/img/Fit_&_Flare_Knit_Dress/img_00000007.jpg,skirt
img/Cutout-Back_Floral_Print_Dress/img_00000027.jpg,41,train,data/raw/deepfashion/img/Cutout-Back_Floral_Print_Dress/img_00000027.jpg,skirt
img/Crisscross_Cutout-Back_Maxi_Dress/img_00000057.jpg,41,train,data/raw/deepfashion/img/Crisscross_Cutout-Back_Maxi_Dress/img_00000057.jpg,skirt
img/Watercolor_Ikat_M-Slit_Maxi_Dress/img_00000051.jpg,41,train,data/raw/deepfashion/img/Watercolor_Ikat_M-Slit_Maxi_Dress/img_00000051.jpg,skirt
img/Floral_Knit_Skater_Dress/img_00000051.jpg,41,train,data/raw/deepfashion/img/Floral_Knit_Skater_Dress/img_00000051.jpg,skirt
img/Striped_Turtleneck_Dress/img_00000045.jpg,41,train,data/raw/deepfashion/img/Striped_Turtleneck_Dress/img_00000045.jpg,skirt
img/Floral_Eyelet_Dress/img_00000022.jpg,41,train,data/raw/deepfashion/img/Floral_Eyelet_Dress/img_00000022.jpg,skirt
img/Lace_Collar_Shift_Dress/img_00000016.jpg,41,train,data/raw/deepfashion/img/Lace_Collar_Shift_Dress/img_00000016.jpg,skirt
img/Surplice_Woven_Dress/img_00000040.jpg,41,train,data/raw/deepfashion/img/Surplice_Woven_Dress/img_00000040.jpg,skirt
img/Matelass&eacute;_Fit_&_Flare_Dress/img_00000014.jpg,41,train,data/raw/deepfashion/img/Matelass&eacute;_Fit_&_Flare_Dress/img_00000014.jpg,skirt
img/Tribal_Print_Pocket_Dress/img_00000034.jpg,41,train,data/raw/deepfashion/img/Tribal_Print_Pocket_Dress/img_00000034.jpg,skirt
img/Floral_Print_Cami_Dress/img_00000032.jpg,41,train,data/raw/deepfashion/img/Floral_Print_Cami_Dress/img_00000032.jpg,skirt
img/Tonal_Striped_Skater_Dress/img_00000051.jpg,41,train,data/raw/deepfashion/img/Tonal_Striped_Skater_Dress/img_00000051.jpg,skirt
img/Cutout_Sheath_Dress/img_00000045.jpg,41,train,data/raw/deepfashion/img/Cutout_Sheath_Dress/img_00000045.jpg,skirt
img/Heathered_Babydoll_Dress/img_00000043.jpg,41,train,data/raw/deepfashion/img/Heathered_Babydoll_Dress/img_00000043.jpg,skirt
img/Shredded_Back_Midi_Dress/img_00000009.jpg,41,train,data/raw/deepfashion/img/Shredded_Back_Midi_Dress/img_00000009.jpg,skirt
img/Sequined_Striped_Bodycon_Dress/img_00000001.jpg,41,train,data/raw/deepfashion/img/Sequined_Striped_Bodycon_Dress/img_00000001.jpg,skirt
img/Stretch-Knit_Bodycon_Dress/img_00000047.jpg,41,train,data/raw/deepfashion/img/Stretch-Knit_Bodycon_Dress/img_00000047.jpg,skirt
img/Floral_Lace_Bodycon_Dress/img_00000079.jpg,41,train,data/raw/deepfashion/img/Floral_Lace_Bodycon_Dress/img_00000079.jpg,skirt
img/Rose_Print_Maxi_Dress/img_00000019.jpg,41,train,data/raw/deepfashion/img/Rose_Print_Maxi_Dress/img_00000019.jpg,skirt
img/Cutout-Back_Fit_&_Flare_Dress/img_00000078.jpg,41,train,data/raw/deepfashion/img/Cutout-Back_Fit_&_Flare_Dress/img_00000078.jpg,skirt
img/Knotted_Stripe_Maxi_Dress/img_00000046.jpg,41,train,data/raw/deepfashion/img/Knotted_Stripe_Maxi_Dress/img_00000046.jpg,skirt
img/Textured_Fit_&_Flare_Dress/img_00000017.jpg,41,train,data/raw/deepfashion/img/Textured_Fit_&_Flare_Dress/img_00000017.jpg,skirt
img/Lace_Print_Bodycon_Dress/img_00000022.jpg,41,train,data/raw/deepfashion/img/Lace_Print_Bodycon_Dress/img_00000022.jpg,skirt
img/High-Slit_Maxi_Dress/img_00000004.jpg,41,train,data/raw/deepfashion/img/High-Slit_Maxi_Dress/img_00000004.jpg,skirt
img/V-Neck_Box_Pleat_Dress/img_00000033.jpg,41,train,data/raw/deepfashion/img/V-Neck_Box_Pleat_Dress/img_00000033.jpg,skirt
img/Kaleidoscope_Print_Dress/img_00000076.jpg,41,train,data/raw/deepfashion/img/Kaleidoscope_Print_Dress/img_00000076.jpg,skirt
img/Power_Brunch_Flounce_Dress/img_00000014.jpg,41,train,data/raw/deepfashion/img/Power_Brunch_Flounce_Dress/img_00000014.jpg,skirt
img/Mesh_Tank_Dress/img_00000056.jpg,41,train,data/raw/deepfashion/img/Mesh_Tank_Dress/img_00000056.jpg,skirt
img/Striped_Turtle_Neck_Dress/img_00000021.jpg,41,train,data/raw/deepfashion/img/Striped_Turtle_Neck_Dress/img_00000021.jpg,skirt
img/Abstract_Print_Fit_&_Flare_Dress/img_00000035.jpg,41,train,data/raw/deepfashion/img/Abstract_Print_Fit_&_Flare_Dress/img_00000035.jpg,skirt
img/Diamond_Cutout_Sheath_Dress/img_00000017.jpg,41,train,data/raw/deepfashion/img/Diamond_Cutout_Sheath_Dress/img_00000017.jpg,skirt
img/Striped_Lace_Dress/img_00000041.jpg,41,train,data/raw/deepfashion/img/Striped_Lace_Dress/img_00000041.jpg,skirt
img/Gathered_Floral_Lace_Dress/img_00000054.jpg,41,train,data/raw/deepfashion/img/Gathered_Floral_Lace_Dress/img_00000054.jpg,skirt
img/Colorblocked_Lacy_Cami_Dress/img_00000056.jpg,41,train,data/raw/deepfashion/img/Colorblocked_Lacy_Cami_Dress/img_00000056.jpg,skirt
img/Floral_Lace_Peplum_Dress/img_00000004.jpg,41,train,data/raw/deepfashion/img/Floral_Lace_Peplum_Dress/img_00000004.jpg,skirt
img/Strapless_Pleated_Chiffon_Dress/img_00000076.jpg,41,train,data/raw/deepfashion/img/Strapless_Pleated_Chiffon_Dress/img_00000076.jpg,skirt
img/Lace_Paneled_Shift_Dress/img_00000051.jpg,41,train,data/raw/deepfashion/img/Lace_Paneled_Shift_Dress/img_00000051.jpg,skirt
img/Bird_Print_Halter_Dress/img_00000068.jpg,41,train,data/raw/deepfashion/img/Bird_Print_Halter_Dress/img_00000068.jpg,skirt
img/Lace-Paneled_Off-the-Shoulder_Dress/img_00000018.jpg,41,train,data/raw/deepfashion/img/Lace-Paneled_Off-the-Shoulder_Dress/img_00000018.jpg,skirt
img/Eyelet_Fit_&_Flare_Dress/img_00000089.jpg,41,train,data/raw/deepfashion/img/Eyelet_Fit_&_Flare_Dress/img_00000089.jpg,skirt
img/Floral_Keyhole-Back_Dress/img_00000018.jpg,41,train,data/raw/deepfashion/img/Floral_Keyhole-Back_Dress/img_00000018.jpg,skirt
img/Matelass&eacute;_Fit_&_Flare_Dress/img_00000027.jpg,41,train,data/raw/deepfashion/img/Matelass&eacute;_Fit_&_Flare_Dress/img_00000027.jpg,skirt
img/Cutout_Sleeveless_Jumpsuit/img_00000047.jpg,42,train,data/raw/deepfashion/img/Cutout_Sleeveless_Jumpsuit/img_00000047.jpg,skirt
img/Paisley_Print_Jumpsuit/img_00000025.jpg,42,train,data/raw/deepfashion/img/Paisley_Print_Jumpsuit/img_00000025.jpg,skirt
img/Fan_Print_A-Line_Dress/img_00000043.jpg,41,train,data/raw/deepfashion/img/Fan_Print_A-Line_Dress/img_00000043.jpg,skirt
img/Curved_Hem_Pleat-Back_Dress/img_00000026.jpg,41,train,data/raw/deepfashion/img/Curved_Hem_Pleat-Back_Dress/img_00000026.jpg,skirt
img/Smocked_Floral_Maxi_Dress/img_00000048.jpg,41,train,data/raw/deepfashion/img/Smocked_Floral_Maxi_Dress/img_00000048.jpg,skirt
img/Ladder_Cutout_Jumpsuit/img_00000039.jpg,42,train,data/raw/deepfashion/img/Ladder_Cutout_Jumpsuit/img_00000039.jpg,skirt
img/Smocked_Slip_Dress/img_00000019.jpg,41,train,data/raw/deepfashion/img/Smocked_Slip_Dress/img_00000019.jpg,skirt
img/Floral_Print_Peasant_Dress/img_00000024.jpg,41,train,data/raw/deepfashion/img/Floral_Print_Peasant_Dress/img_00000024.jpg,skirt
img/Lily_Print_Dress/img_00000025.jpg,41,train,data/raw/deepfashion/img/Lily_Print_Dress/img_00000025.jpg,skirt
img/Buttoned_Denim_Shirt_Dress/img_00000036.jpg,41,train,data/raw/deepfashion/img/Buttoned_Denim_Shirt_Dress/img_00000036.jpg,skirt
img/Striped_Crew_Neck_Dress/img_00000027.jpg,41,train,data/raw/deepfashion/img/Striped_Crew_Neck_Dress/img_00000027.jpg,skirt
img/Floral_Cap-Sleeved_Dress/img_00000077.jpg,41,train,data/raw/deepfashion/img/Floral_Cap-Sleeved_Dress/img_00000077.jpg,skirt
img/Rose_&_Lace_Maxi_Dress/img_00000013.jpg,41,train,data/raw/deepfashion/img/Rose_&_Lace_Maxi_Dress/img_00000013.jpg,skirt
img/Textured_Floral_Bodycon_Dress/img_00000068.jpg,41,train,data/raw/deepfashion/img/Textured_Floral_Bodycon_Dress/img_00000068.jpg,skirt
img/Floral_Print_Slit_Maxi_Dress/img_00000057.jpg,41,train,data/raw/deepfashion/img/Floral_Print_Slit_Maxi_Dress/img_00000057.jpg,skirt
img/Shirred_Gauze_Midi_Dress/img_00000010.jpg,41,train,data/raw/deepfashion/img/Shirred_Gauze_Midi_Dress/img_00000010.jpg,skirt
img/Crochet-Trimmed_Maxi_Dress/img_00000064.jpg,41,train,data/raw/deepfashion/img/Crochet-Trimmed_Maxi_Dress/img_00000064.jpg,skirt
img/Marled_Knit_Racerback_Jumpsuit/img_00000001.jpg,42,train,data/raw/deepfashion/img/Marled_Knit_Racerback_Jumpsuit/img_00000001.jpg,skirt
img/Tribal_Print_Chiffon_Dress/img_00000002.jpg,41,train,data/raw/deepfashion/img/Tribal_Print_Chiffon_Dress/img_00000002.jpg,skirt
img/Rose_Print_Fit_&_Flare_Dress/img_00000021.jpg,41,train,data/raw/deepfashion/img/Rose_Print_Fit_&_Flare_Dress/img_00000021.jpg,skirt
img/High-Slit_Midi_Dress/img_00000027.jpg,41,train,data/raw/deepfashion/img/High-Slit_Midi_Dress/img_00000027.jpg,skirt
img/Tasseled_Peasant_Dress/img_00000021.jpg,41,train,data/raw/deepfashion/img/Tasseled_Peasant_Dress/img_00000021.jpg,skirt
img/Tiered_Peasant_Dress/img_00000048.jpg,41,train,data/raw/deepfashion/img/Tiered_Peasant_Dress/img_00000048.jpg,skirt
img/Beaded_Sleeveless_Shift_Dress/img_00000037.jpg,41,train,data/raw/deepfashion/img/Beaded_Sleeveless_Shift_Dress/img_00000037.jpg,skirt
img/Cutout_Gaucho_Jumpsuit/img_00000003.jpg,42,train,data/raw/deepfashion/img/Cutout_Gaucho_Jumpsuit/img_00000003.jpg,skirt
img/Floral_Print_Halter_Dress/img_00000033.jpg,41,train,data/raw/deepfashion/img/Floral_Print_Halter_Dress/img_00000033.jpg,skirt
img/Slub_Knit_Maxi_Dress/img_00000001.jpg,41,train,data/raw/deepfashion/img/Slub_Knit_Maxi_Dress/img_00000001.jpg,skirt
img/Abstract_Tile_Print_Dress/img_00000040.jpg,41,train,data/raw/deepfashion/img/Abstract_Tile_Print_Dress/img_00000040.jpg,skirt
img/Cutout-Neckline_Bodycon_Dress/img_00000020.jpg,41,train,data/raw/deepfashion/img/Cutout-Neckline_Bodycon_Dress/img_00000020.jpg,skirt
img/Embroidered_Lace_Sheath_Dress/img_00000054.jpg,41,train,data/raw/deepfashion/img/Embroidered_Lace_Sheath_Dress/img_00000054.jpg,skirt
img/Tropical_Print_Bodycon_Dress/img_00000031.jpg,41,train,data/raw/deepfashion/img/Tropical_Print_Bodycon_Dress/img_00000031.jpg,skirt
img/Floral_Lace_Fit_&_Flare_Dress/img_00000044.jpg,41,train,data/raw/deepfashion/img/Floral_Lace_Fit_&_Flare_Dress/img_00000044.jpg,skirt
img/Out_to_Sea_Maxi_Dress/img_00000010.jpg,41,train,data/raw/deepfashion/img/Out_to_Sea_Maxi_Dress/img_00000010.jpg,skirt
img/Ruffled_Lace_Sheath_Dress/img_00000003.jpg,41,train,data/raw/deepfashion/img/Ruffled_Lace_Sheath_Dress/img_00000003.jpg,skirt
img/Enchanted_Maxi_Dress/img_00000068.jpg,41,train,data/raw/deepfashion/img/Enchanted_Maxi_Dress/img_00000068.jpg,skirt
img/Polka_Dot_Shift_Dress/img_00000020.jpg,41,train,data/raw/deepfashion/img/Polka_Dot_Shift_Dress/img_00000020.jpg,skirt
img/Leopard_&_Lace_Slip_Dress/img_00000038.jpg,41,train,data/raw/deepfashion/img/Leopard_&_Lace_Slip_Dress/img_00000038.jpg,skirt
img/Butterfly_Print_Maxi_Dress/img_00000086.jpg,41,train,data/raw/deepfashion/img/Butterfly_Print_Maxi_Dress/img_00000086.jpg,skirt
img/Botanical_Print_Fit_&_Flare_Dress/img_00000078.jpg,41,train,data/raw/deepfashion/img/Botanical_Print_Fit_&_Flare_Dress/img_00000078.jpg,skirt
img/Scoop_Back_Tribal_Print_Dress/img_00000028.jpg,41,train,data/raw/deepfashion/img/Scoop_Back_Tribal_Print_Dress/img_00000028.jpg,skirt
img/Garden_Party_Pleated_Dress/img_00000035.jpg,41,train,data/raw/deepfashion/img/Garden_Party_Pleated_Dress/img_00000035.jpg,skirt
img/Floral_Print_Skater_Dress/img_00000060.jpg,41,train,data/raw/deepfashion/img/Floral_Print_Skater_Dress/img_00000060.jpg,skirt
img/Lace_Print_Dress/img_00000056.jpg,41,train,data/raw/deepfashion/img/Lace_Print_Dress/img_00000056.jpg,skirt
img/Belted_Lace_Print_Dress/img_00000020.jpg,41,train,data/raw/deepfashion/img/Belted_Lace_Print_Dress/img_00000020.jpg,skirt
img/Seaside_Strapless_Maxi_Dress/img_00000041.jpg,41,train,data/raw/deepfashion/img/Seaside_Strapless_Maxi_Dress/img_00000041.jpg,skirt
img/Polka_Dot_Shift_Dress/img_00000032.jpg,41,train,data/raw/deepfashion/img/Polka_Dot_Shift_Dress/img_00000032.jpg,skirt
img/Textured_A-Line_Pocket_Dress/img_00000024.jpg,41,train,data/raw/deepfashion/img/Textured_A-Line_Pocket_Dress/img_00000024.jpg,skirt
img/Feather_Print_Fit_&_Flare_Dress/img_00000005.jpg,41,train,data/raw/deepfashion/img/Feather_Print_Fit_&_Flare_Dress/img_00000005.jpg,skirt
img/Abstract_Floral_Print_Dress/img_00000050.jpg,41,train,data/raw/deepfashion/img/Abstract_Floral_Print_Dress/img_00000050.jpg,skirt
img/Turtleneck_Bodycon_Dress/img_00000077.jpg,41,train,data/raw/deepfashion/img/Turtleneck_Bodycon_Dress/img_00000077.jpg,skirt
img/Strappy_Flounce_Gauze_Dress/img_00000028.jpg,41,train,data/raw/deepfashion/img/Strappy_Flounce_Gauze_Dress/img_00000028.jpg,skirt
img/Ditsy_Floral_Print_Dress/img_00000003.jpg,41,train,data/raw/deepfashion/img/Ditsy_Floral_Print_Dress/img_00000003.jpg,skirt
img/Tribal_Print_Chiffon_Dress/img_00000041.jpg,41,train,data/raw/deepfashion/img/Tribal_Print_Chiffon_Dress/img_00000041.jpg,skirt
img/Lovely_Lady_Strapless_Dress/img_00000049.jpg,41,train,data/raw/deepfashion/img/Lovely_Lady_Strapless_Dress/img_00000049.jpg,skirt
img/Textured_Diamond_Knit_Dress/img_00000042.jpg,41,train,data/raw/deepfashion/img/Textured_Diamond_Knit_Dress/img_00000042.jpg,skirt
img/Mesh_Maxi_Dress/img_00000022.jpg,41,train,data/raw/deepfashion/img/Mesh_Maxi_Dress/img_00000022.jpg,skirt
img/Marled_Knit_Hooded_Dress/img_00000001.jpg,41,train,data/raw/deepfashion/img/Marled_Knit_Hooded_Dress/img_00000001.jpg,skirt
img/Ditsy_Floral_Pleated_Dress/img_00000030.jpg,41,train,data/raw/deepfashion/img/Ditsy_Floral_Pleated_Dress/img_00000030.jpg,skirt
img/Leopard_Print_Maxi_Dress/img_00000016.jpg,41,train,data/raw/deepfashion/img/Leopard_Print_Maxi_Dress/img_00000016.jpg,skirt
img/Drawstring_Hood_Shift_Dress/img_00000005.jpg,41,train,data/raw/deepfashion/img/Drawstring_Hood_Shift_Dress/img_00000005.jpg,skirt
img/Crochet-Trimmed_Chiffon_Dress/img_00000051.jpg,41,train,data/raw/deepfashion/img/Crochet-Trimmed_Chiffon_Dress/img_00000051.jpg,skirt
img/Faux_Leather_&_Tulle_Combo_Dress/img_00000030.jpg,41,train,data/raw/deepfashion/img/Faux_Leather_&_Tulle_Combo_Dress/img_00000030.jpg,skirt
img/Tribal_Print_Cami_Dress/img_00000001.jpg,41,train,data/raw/deepfashion/img/Tribal_Print_Cami_Dress/img_00000001.jpg,skirt
img/Longline_Chambray_Overall_Dress/img_00000033.jpg,41,train,data/raw/deepfashion/img/Longline_Chambray_Overall_Dress/img_00000033.jpg,skirt
img/Collared_Denim_Shift_Dress/img_00000050.jpg,41,train,data/raw/deepfashion/img/Collared_Denim_Shift_Dress/img_00000050.jpg,skirt
img/Crochet_Yoke_Maxi_Dress/img_00000011.jpg,41,train,data/raw/deepfashion/img/Crochet_Yoke_Maxi_Dress/img_00000011.jpg,skirt
img/Mesh_Maxi_Dress/img_00000024.jpg,41,train,data/raw/deepfashion/img/Mesh_Maxi_Dress/img_00000024.jpg,skirt
img/Scoop_Back_Tribal_Print_Dress/img_00000023.jpg,41,train,data/raw/deepfashion/img/Scoop_Back_Tribal_Print_Dress/img_00000023.jpg,skirt
img/Twisted_V-Back_Dress/img_00000003.jpg,41,train,data/raw/deepfashion/img/Twisted_V-Back_Dress/img_00000003.jpg,skirt
img/Crisscross_Striped-Waist_Dress/img_00000045.jpg,41,train,data/raw/deepfashion/img/Crisscross_Striped-Waist_Dress/img_00000045.jpg,skirt
img/Faux_Wrap_Stripe_Dress/img_00000044.jpg,41,train,data/raw/deepfashion/img/Faux_Wrap_Stripe_Dress/img_00000044.jpg,skirt
img/Floral_Lace_Mini_Dress/img_00000035.jpg,41,train,data/raw/deepfashion/img/Floral_Lace_Mini_Dress/img_00000035.jpg,skirt
img/Tie-Dye_Cami_Dress/img_00000030.jpg,41,train,data/raw/deepfashion/img/Tie-Dye_Cami_Dress/img_00000030.jpg,skirt
img/Ribbed_Side_Slit_Dress/img_00000020.jpg,41,train,data/raw/deepfashion/img/Ribbed_Side_Slit_Dress/img_00000020.jpg,skirt
img/Embroidered-Organza_Yoke_Dress/img_00000005.jpg,41,train,data/raw/deepfashion/img/Embroidered-Organza_Yoke_Dress/img_00000005.jpg,skirt
img/Lace_Back_Shift_Dress/img_00000011.jpg,41,train,data/raw/deepfashion/img/Lace_Back_Shift_Dress/img_00000011.jpg,skirt
img/Cutout_Sleeveless_Jumpsuit/img_00000062.jpg,42,train,data/raw/deepfashion/img/Cutout_Sleeveless_Jumpsuit/img_00000062.jpg,skirt
img/Crochet-Trimmed_Gauze_Maxi_Dress/img_00000046.jpg,41,train,data/raw/deepfashion/img/Crochet-Trimmed_Gauze_Maxi_Dress/img_00000046.jpg,skirt
img/Floral_Mosaic_Print_Jumpsuit/img_00000047.jpg,42,train,data/raw/deepfashion/img/Floral_Mosaic_Print_Jumpsuit/img_00000047.jpg,skirt
img/Bejeweled_Waist_Maxi_Dress/img_00000052.jpg,41,train,data/raw/deepfashion/img/Bejeweled_Waist_Maxi_Dress/img_00000052.jpg,skirt
img/Crochet_Yoke_Embroidered_Dress/img_00000062.jpg,41,train,data/raw/deepfashion/img/Crochet_Yoke_Embroidered_Dress/img_00000062.jpg,skirt
img/Fishnet-Paneled_Dress/img_00000026.jpg,41,train,data/raw/deepfashion/img/Fishnet-Paneled_Dress/img_00000026.jpg,skirt
img/Strapless_Rose_Print_Dress/img_00000042.jpg,41,train,data/raw/deepfashion/img/Strapless_Rose_Print_Dress/img_00000042.jpg,skirt
img/Striped_Chiffon_Shirt_Dress/img_00000051.jpg,41,train,data/raw/deepfashion/img/Striped_Chiffon_Shirt_Dress/img_00000051.jpg,skirt
img/High-Low_Zigzag_Dress/img_00000011.jpg,41,train,data/raw/deepfashion/img/High-Low_Zigzag_Dress/img_00000011.jpg,skirt
img/Strapless_Sweetheart_Dress/img_00000031.jpg,41,train,data/raw/deepfashion/img/Strapless_Sweetheart_Dress/img_00000031.jpg,skirt
img/Abstract_Mirrored_Print_Dress/img_00000045.jpg,41,train,data/raw/deepfashion/img/Abstract_Mirrored_Print_Dress/img_00000045.jpg,skirt
img/Textured_Cutout_Jumpsuit/img_00000052.jpg,42,train,data/raw/deepfashion/img/Textured_Cutout_Jumpsuit/img_00000052.jpg,skirt
img/Flounce_Maxi_Dress/img_00000053.jpg,41,train,data/raw/deepfashion/img/Flounce_Maxi_Dress/img_00000053.jpg,skirt
img/Lace_Peplum_Sheath_Dress/img_00000066.jpg,41,train,data/raw/deepfashion/img/Lace_Peplum_Sheath_Dress/img_00000066.jpg,skirt
img/Jersey_Knit_Maxi_Dress/img_00000064.jpg,41,train,data/raw/deepfashion/img/Jersey_Knit_Maxi_Dress/img_00000064.jpg,skirt
img/Baroque-Sequined_Strapless_Dress/img_00000001.jpg,41,train,data/raw/deepfashion/img/Baroque-Sequined_Strapless_Dress/img_00000001.jpg,skirt
img/Scoop_Neck_Maxi_Dress/img_00000023.jpg,41,train,data/raw/deepfashion/img/Scoop_Neck_Maxi_Dress/img_00000023.jpg,skirt
img/Floral_Print_Bodycon_Dress/img_00000019.jpg,41,train,data/raw/deepfashion/img/Floral_Print_Bodycon_Dress/img_00000019.jpg,skirt
img/Garden_Party_Pleated_Dress/img_00000018.jpg,41,train,data/raw/deepfashion/img/Garden_Party_Pleated_Dress/img_00000018.jpg,skirt
img/Layered_Lace_Dress/img_00000031.jpg,41,train,data/raw/deepfashion/img/Layered_Lace_Dress/img_00000031.jpg,skirt
img/Utility_Jumpsuit/img_00000065.jpg,42,train,data/raw/deepfashion/img/Utility_Jumpsuit/img_00000065.jpg,skirt
img/Cutout_T-Shirt_Dress/img_00000058.jpg,41,train,data/raw/deepfashion/img/Cutout_T-Shirt_Dress/img_00000058.jpg,skirt
img/Embellished_Cutout-Back_Dress/img_00000003.jpg,41,train,data/raw/deepfashion/img/Embellished_Cutout-Back_Dress/img_00000003.jpg,skirt
img/Eyelash_Lace_Bodycon_Dress/img_00000028.jpg,41,train,data/raw/deepfashion/img/Eyelash_Lace_Bodycon_Dress/img_00000028.jpg,skirt
img/Darted_Sheath_Dress/img_00000045.jpg,41,train,data/raw/deepfashion/img/Darted_Sheath_Dress/img_00000045.jpg,skirt
img/V-Neck_Velveteen_Bodycon_Dress/img_00000054.jpg,41,train,data/raw/deepfashion/img/V-Neck_Velveteen_Bodycon_Dress/img_00000054.jpg,skirt
img/Polka_Dot_Chiffon_Dress/img_00000084.jpg,41,train,data/raw/deepfashion/img/Polka_Dot_Chiffon_Dress/img_00000084.jpg,skirt
img/Sheer_Mesh_Maxi_Dress/img_00000022.jpg,41,train,data/raw/deepfashion/img/Sheer_Mesh_Maxi_Dress/img_00000022.jpg,skirt
img/Tile_Print_Fit_&_Flare_Dress/img_00000003.jpg,41,train,data/raw/deepfashion/img/Tile_Print_Fit_&_Flare_Dress/img_00000003.jpg,skirt
img/Damask_Patterned_Mini_Dress/img_00000039.jpg,41,train,data/raw/deepfashion/img/Damask_Patterned_Mini_Dress/img_00000039.jpg,skirt
img/Crisscross-Back_Sheath_Dress/img_00000032.jpg,41,train,data/raw/deepfashion/img/Crisscross-Back_Sheath_Dress/img_00000032.jpg,skirt
img/Cutout_Bandage_Dress/img_00000085.jpg,41,train,data/raw/deepfashion/img/Cutout_Bandage_Dress/img_00000085.jpg,skirt
img/Cap-Sleeved_Midi_Dress/img_00000021.jpg,41,train,data/raw/deepfashion/img/Cap-Sleeved_Midi_Dress/img_00000021.jpg,skirt
img/Shirred_Chiffon_Dress/img_00000080.jpg,41,train,data/raw/deepfashion/img/Shirred_Chiffon_Dress/img_00000080.jpg,skirt
img/Eyelash_Lace_Surplice_Dress/img_00000004.jpg,41,train,data/raw/deepfashion/img/Eyelash_Lace_Surplice_Dress/img_00000004.jpg,skirt
img/Embroidered_Shift_Dress/img_00000045.jpg,41,train,data/raw/deepfashion/img/Embroidered_Shift_Dress/img_00000045.jpg,skirt
img/Pinstriped_A-Line_Dress/img_00000004.jpg,41,train,data/raw/deepfashion/img/Pinstriped_A-Line_Dress/img_00000004.jpg,skirt
img/Tribal_Print_Pleated_Dress/img_00000030.jpg,41,train,data/raw/deepfashion/img/Tribal_Print_Pleated_Dress/img_00000030.jpg,skirt
img/Mock_Neck_Velveteen_Dress/img_00000007.jpg,41,train,data/raw/deepfashion/img/Mock_Neck_Velveteen_Dress/img_00000007.jpg,skirt
img/Low-Back_Halter_Jumpsuit/img_00000052.jpg,42,train,data/raw/deepfashion/img/Low-Back_Halter_Jumpsuit/img_00000052.jpg,skirt
img/Longline_Striped_Slit-Back_Dress/img_00000026.jpg,41,train,data/raw/deepfashion/img/Longline_Striped_Slit-Back_Dress/img_00000026.jpg,skirt
img/Floral_Lace_Cutout_Dress/img_00000065.jpg,41,train,data/raw/deepfashion/img/Floral_Lace_Cutout_Dress/img_00000065.jpg,skirt
img/Floral-Embroidered_Scalloped_Dress/img_00000003.jpg,41,train,data/raw/deepfashion/img/Floral-Embroidered_Scalloped_Dress/img_00000003.jpg,skirt
img/Printed_Drop-Waist_Cami_Dress/img_00000043.jpg,41,train,data/raw/deepfashion/img/Printed_Drop-Waist_Cami_Dress/img_00000043.jpg,skirt
img/Dainty_A-Line_Dress/img_00000032.jpg,41,train,data/raw/deepfashion/img/Dainty_A-Line_Dress/img_00000032.jpg,skirt
img/Off-the-Shoulder_Floral_Lace_Dress/img_00000077.jpg,41,train,data/raw/deepfashion/img/Off-the-Shoulder_Floral_Lace_Dress/img_00000077.jpg,skirt
img/Abstract_Print_Maxi_Dress/img_00000026.jpg,41,train,data/raw/deepfashion/img/Abstract_Print_Maxi_Dress/img_00000026.jpg,skirt
img/Checked_Fit_&_Flare_Dress/img_00000020.jpg,41,train,data/raw/deepfashion/img/Checked_Fit_&_Flare_Dress/img_00000020.jpg,skirt
img/Spotted_Rose_Bodycon_Dress/img_00000037.jpg,41,train,data/raw/deepfashion/img/Spotted_Rose_Bodycon_Dress/img_00000037.jpg,skirt
img/Chiffon-Paneled_Sheath_Dress/img_00000054.jpg,41,train,data/raw/deepfashion/img/Chiffon-Paneled_Sheath_Dress/img_00000054.jpg,skirt
img/Floral_Print_Babydoll_Dress/img_00000028.jpg,41,train,data/raw/deepfashion/img/Floral_Print_Babydoll_Dress/img_00000028.jpg,skirt
img/Embroidered_Shift_Dress/img_00000005.jpg,41,train,data/raw/deepfashion/img/Embroidered_Shift_Dress/img_00000005.jpg,skirt
img/Southwestern-Patterned_Bodycon_Dress/img_00000028.jpg,41,train,data/raw/deepfashion/img/Southwestern-Patterned_Bodycon_Dress/img_00000028.jpg,skirt
img/Floral_Print_Shift_Dress/img_00000074.jpg,41,train,data/raw/deepfashion/img/Floral_Print_Shift_Dress/img_00000074.jpg,skirt
img/Abstract_Floral_Print_Dress/img_00000063.jpg,41,train,data/raw/deepfashion/img/Abstract_Floral_Print_Dress/img_00000063.jpg,skirt
img/Strapless_Wide-Leg_Jumpsuit/img_00000069.jpg,42,train,data/raw/deepfashion/img/Strapless_Wide-Leg_Jumpsuit/img_00000069.jpg,skirt
img/Peter_Pan_Collar_Dress/img_00000057.jpg,41,train,data/raw/deepfashion/img/Peter_Pan_Collar_Dress/img_00000057.jpg,skirt
img/Denim_Utility_Jumpsuit/img_00000051.jpg,42,train,data/raw/deepfashion/img/Denim_Utility_Jumpsuit/img_00000051.jpg,skirt
img/Ornate_Embroidered-Mesh_Dress/img_00000019.jpg,41,train,data/raw/deepfashion/img/Ornate_Embroidered-Mesh_Dress/img_00000019.jpg,skirt
img/Off-the-Shoulder_Maxi_Dress/img_00000070.jpg,41,train,data/raw/deepfashion/img/Off-the-Shoulder_Maxi_Dress/img_00000070.jpg,skirt
img/Damask_Patterned_Mini_Dress/img_00000021.jpg,41,train,data/raw/deepfashion/img/Damask_Patterned_Mini_Dress/img_00000021.jpg,skirt
img/Strapless_Abstract_Maxi_Dress/img_00000013.jpg,41,train,data/raw/deepfashion/img/Strapless_Abstract_Maxi_Dress/img_00000013.jpg,skirt
img/Feather_Print_Fit_&_Flare_Dress/img_00000051.jpg,41,train,data/raw/deepfashion/img/Feather_Print_Fit_&_Flare_Dress/img_00000051.jpg,skirt
img/Caged_Lace_Fit_&_Flare_Dress/img_00000060.jpg,41,train,data/raw/deepfashion/img/Caged_Lace_Fit_&_Flare_Dress/img_00000060.jpg,skirt
img/Textured_Diamond_Knit_Dress/img_00000046.jpg,41,train,data/raw/deepfashion/img/Textured_Diamond_Knit_Dress/img_00000046.jpg,skirt
img/Crochet-Paneled_Jumpsuit/img_00000016.jpg,42,train,data/raw/deepfashion/img/Crochet-Paneled_Jumpsuit/img_00000016.jpg,skirt
img/Chiffon_Button-Down_Shirt_Dress/img_00000029.jpg,41,train,data/raw/deepfashion/img/Chiffon_Button-Down_Shirt_Dress/img_00000029.jpg,skirt
img/Peter_Pan_Collar_Lace_Dress/img_00000030.jpg,41,train,data/raw/deepfashion/img/Peter_Pan_Collar_Lace_Dress/img_00000030.jpg,skirt
img/Eyelash_Lace_Shift_Dress/img_00000021.jpg,41,train,data/raw/deepfashion/img/Eyelash_Lace_Shift_Dress/img_00000021.jpg,skirt
img/Classic_Peplum_Dress/img_00000008.jpg,41,train,data/raw/deepfashion/img/Classic_Peplum_Dress/img_00000008.jpg,skirt
img/Ruched_V-Neck_Jumpsuit/img_00000026.jpg,42,train,data/raw/deepfashion/img/Ruched_V-Neck_Jumpsuit/img_00000026.jpg,skirt
img/Floral_Lace_Fit_&_Flare_Dress/img_00000001.jpg,41,train,data/raw/deepfashion/img/Floral_Lace_Fit_&_Flare_Dress/img_00000001.jpg,skirt
img/Knit_Shift_Dress/img_00000060.jpg,41,train,data/raw/deepfashion/img/Knit_Shift_Dress/img_00000060.jpg,skirt
img/Chevron-Striped_Maxi_Dress/img_00000060.jpg,41,train,data/raw/deepfashion/img/Chevron-Striped_Maxi_Dress/img_00000060.jpg,skirt
img/Floral_Print_Mock_Neck_Dress/img_00000040.jpg,41,train,data/raw/deepfashion/img/Floral_Print_Mock_Neck_Dress/img_00000040.jpg,skirt
img/Colorblocked_Laser_Cut_Dress/img_00000023.jpg,41,train,data/raw/deepfashion/img/Colorblocked_Laser_Cut_Dress/img_00000023.jpg,skirt
img/Lace_Print_Bodycon_Dress/img_00000032.jpg,41,train,data/raw/deepfashion/img/Lace_Print_Bodycon_Dress/img_00000032.jpg,skirt
img/Crossback_Surplice_Jumpsuit/img_00000009.jpg,42,train,data/raw/deepfashion/img/Crossback_Surplice_Jumpsuit/img_00000009.jpg,skirt
img/Textured_Floral_Skater_Dress/img_00000072.jpg,41,train,data/raw/deepfashion/img/Textured_Floral_Skater_Dress/img_00000072.jpg,skirt
img/Cutout-Back_Shift_Dress/img_00000048.jpg,41,train,data/raw/deepfashion/img/Cutout-Back_Shift_Dress/img_00000048.jpg,skirt
img/Denim_Bodycon_Dress/img_00000013.jpg,41,train,data/raw/deepfashion/img/Denim_Bodycon_Dress/img_00000013.jpg,skirt
img/Mesh_Tank_Dress/img_00000026.jpg,41,train,data/raw/deepfashion/img/Mesh_Tank_Dress/img_00000026.jpg,skirt
img/Floral_Chiffon_Maxi_Dress/img_00000009.jpg,41,train,data/raw/deepfashion/img/Floral_Chiffon_Maxi_Dress/img_00000009.jpg,skirt
img/Abstract_Print_Bodycon_Dress/img_00000047.jpg,41,train,data/raw/deepfashion/img/Abstract_Print_Bodycon_Dress/img_00000047.jpg,skirt
img/Rose_Lace-Up_Babydoll_Dress/img_00000033.jpg,41,train,data/raw/deepfashion/img/Rose_Lace-Up_Babydoll_Dress/img_00000033.jpg,skirt
img/Kaleidoscope_Flounce_Maxi_Dress/img_00000030.jpg,41,train,data/raw/deepfashion/img/Kaleidoscope_Flounce_Maxi_Dress/img_00000030.jpg,skirt
img/Ornate_Print_Harem_Jumpsuit/img_00000023.jpg,42,train,data/raw/deepfashion/img/Ornate_Print_Harem_Jumpsuit/img_00000023.jpg,skirt
img/Floral_Mosaic_Print_Jumpsuit/img_00000022.jpg,42,train,data/raw/deepfashion/img/Floral_Mosaic_Print_Jumpsuit/img_00000022.jpg,skirt
img/Slub_Knit_Maxi_Dress/img_00000003.jpg,41,train,data/raw/deepfashion/img/Slub_Knit_Maxi_Dress/img_00000003.jpg,skirt
img/Striped_Turtleneck_Dress/img_00000041.jpg,41,train,data/raw/deepfashion/img/Striped_Turtleneck_Dress/img_00000041.jpg,skirt
img/Baroque_Floral_Sweater_Dress/img_00000051.jpg,41,train,data/raw/deepfashion/img/Baroque_Floral_Sweater_Dress/img_00000051.jpg,skirt
img/Worldly_Girl_Cutout_Dress/img_00000030.jpg,41,train,data/raw/deepfashion/img/Worldly_Girl_Cutout_Dress/img_00000030.jpg,skirt
img/Belted_Ladder-Back_Dress/img_00000021.jpg,41,train,data/raw/deepfashion/img/Belted_Ladder-Back_Dress/img_00000021.jpg,skirt
img/Strapless_Sweetheart_Dress/img_00000024.jpg,41,train,data/raw/deepfashion/img/Strapless_Sweetheart_Dress/img_00000024.jpg,skirt
img/Baroque_Floral_Sweater_Dress/img_00000042.jpg,41,train,data/raw/deepfashion/img/Baroque_Floral_Sweater_Dress/img_00000042.jpg,skirt
img/Belted_Mandala_Print_Dress/img_00000011.jpg,41,train,data/raw/deepfashion/img/Belted_Mandala_Print_Dress/img_00000011.jpg,skirt
img/Belted_Stripe_Print_Dress/img_00000033.jpg,41,train,data/raw/deepfashion/img/Belted_Stripe_Print_Dress/img_00000033.jpg,skirt
img/Lace_Peplum_Sheath_Dress/img_00000006.jpg,41,train,data/raw/deepfashion/img/Lace_Peplum_Sheath_Dress/img_00000006.jpg,skirt
img/Cap-Sleeved_Shift_Dress/img_00000060.jpg,41,train,data/raw/deepfashion/img/Cap-Sleeved_Shift_Dress/img_00000060.jpg,skirt
img/Tropical_Print_Dress/img_00000042.jpg,41,train,data/raw/deepfashion/img/Tropical_Print_Dress/img_00000042.jpg,skirt
img/Drawstring_Cargo_Dress/img_00000021.jpg,41,train,data/raw/deepfashion/img/Drawstring_Cargo_Dress/img_00000021.jpg,skirt
img/Wide-Leg_Jumpsuit/img_00000063.jpg,42,train,data/raw/deepfashion/img/Wide-Leg_Jumpsuit/img_00000063.jpg,skirt
img/Sleeveless_Bodycon_Dress/img_00000072.jpg,41,train,data/raw/deepfashion/img/Sleeveless_Bodycon_Dress/img_00000072.jpg,skirt
img/Tribal_Print_Surplice_Jumpsuit/img_00000012.jpg,42,train,data/raw/deepfashion/img/Tribal_Print_Surplice_Jumpsuit/img_00000012.jpg,skirt
img/Cutout_Maxi_Cami_Dress/img_00000057.jpg,41,train,data/raw/deepfashion/img/Cutout_Maxi_Cami_Dress/img_00000057.jpg,skirt
img/Marled_Knit_Bodycon_Dress/img_00000009.jpg,41,train,data/raw/deepfashion/img/Marled_Knit_Bodycon_Dress/img_00000009.jpg,skirt
img/Button-Down_Chambray_Dress/img_00000041.jpg,41,train,data/raw/deepfashion/img/Button-Down_Chambray_Dress/img_00000041.jpg,skirt
img/Garden_Girl_Fit_&_Flare_Dress/img_00000022.jpg,41,train,data/raw/deepfashion/img/Garden_Girl_Fit_&_Flare_Dress/img_00000022.jpg,skirt
img/Floral_Print_Smock_Dress/img_00000008.jpg,41,train,data/raw/deepfashion/img/Floral_Print_Smock_Dress/img_00000008.jpg,skirt
img/Ladder_Racerback_Maxi_Dress/img_00000040.jpg,41,train,data/raw/deepfashion/img/Ladder_Racerback_Maxi_Dress/img_00000040.jpg,skirt
img/Side-Slit_Maxi_Dress/img_00000068.jpg,41,train,data/raw/deepfashion/img/Side-Slit_Maxi_Dress/img_00000068.jpg,skirt
img/Diamond_Print_Maxi_Dress/img_00000072.jpg,41,train,data/raw/deepfashion/img/Diamond_Print_Maxi_Dress/img_00000072.jpg,skirt
img/Open-Back_Jumpsuit/img_00000073.jpg,42,train,data/raw/deepfashion/img/Open-Back_Jumpsuit/img_00000073.jpg,skirt
img/Belted_Polka_Dot_Dress/img_00000064.jpg,41,train,data/raw/deepfashion/img/Belted_Polka_Dot_Dress/img_00000064.jpg,skirt
img/Organza-Paneled_Midi_T-Shirt_Dress/img_00000030.jpg,41,train,data/raw/deepfashion/img/Organza-Paneled_Midi_T-Shirt_Dress/img_00000030.jpg,skirt
img/Abstract_Tile_Print_Dress/img_00000035.jpg,41,train,data/raw/deepfashion/img/Abstract_Tile_Print_Dress/img_00000035.jpg,skirt
img/Ditsy_Floral_A-Line_Dress/img_00000003.jpg,41,train,data/raw/deepfashion/img/Ditsy_Floral_A-Line_Dress/img_00000003.jpg,skirt
img/Crepe_Woven_A-line_Dress/img_00000020.jpg,41,train,data/raw/deepfashion/img/Crepe_Woven_A-line_Dress/img_00000020.jpg,skirt
img/Abstract_Print_Combo_Maxi_Dress/img_00000043.jpg,41,train,data/raw/deepfashion/img/Abstract_Print_Combo_Maxi_Dress/img_00000043.jpg,skirt
img/Embroidered_Diamond_Print_Dress/img_00000001.jpg,41,train,data/raw/deepfashion/img/Embroidered_Diamond_Print_Dress/img_00000001.jpg,skirt
img/T-Back_High-Slit_Dress/img_00000040.jpg,41,train,data/raw/deepfashion/img/T-Back_High-Slit_Dress/img_00000040.jpg,skirt
img/Layered_Eyelet_Dress/img_00000057.jpg,41,train,data/raw/deepfashion/img/Layered_Eyelet_Dress/img_00000057.jpg,skirt
img/Crochet_and_Lace_Babydoll_Dress/img_00000039.jpg,41,train,data/raw/deepfashion/img/Crochet_and_Lace_Babydoll_Dress/img_00000039.jpg,skirt
img/Colorblocked_Lacy_Cami_Dress/img_00000035.jpg,41,train,data/raw/deepfashion/img/Colorblocked_Lacy_Cami_Dress/img_00000035.jpg,skirt
img/Standout_Mesh-Trimmed_Dress/img_00000013.jpg,41,train,data/raw/deepfashion/img/Standout_Mesh-Trimmed_Dress/img_00000013.jpg,skirt
img/Embroidered_Cutout_Smock_Dress/img_00000008.jpg,41,train,data/raw/deepfashion/img/Embroidered_Cutout_Smock_Dress/img_00000008.jpg,skirt
img/Lacy_Cutout_Bodycon_Dress/img_00000031.jpg,41,train,data/raw/deepfashion/img/Lacy_Cutout_Bodycon_Dress/img_00000031.jpg,skirt
img/Strapless_X-Ray_Roses_Dress/img_00000034.jpg,41,train,data/raw/deepfashion/img/Strapless_X-Ray_Roses_Dress/img_00000034.jpg,skirt
img/Longline_Ribbed_Knit_Dress/img_00000014.jpg,41,train,data/raw/deepfashion/img/Longline_Ribbed_Knit_Dress/img_00000014.jpg,skirt
img/Brushstroke_Print_Belted_Shift_Dress/img_00000004.jpg,41,train,data/raw/deepfashion/img/Brushstroke_Print_Belted_Shift_Dress/img_00000004.jpg,skirt
img/Classic_Shift_Dress/img_00000040.jpg,41,train,data/raw/deepfashion/img/Classic_Shift_Dress/img_00000040.jpg,skirt
img/Ruffled_Surplice_Dress/img_00000046.jpg,41,train,data/raw/deepfashion/img/Ruffled_Surplice_Dress/img_00000046.jpg,skirt
img/Lace-Paneled_Illusion_Maxi_Dress/img_00000047.jpg,41,train,data/raw/deepfashion/img/Lace-Paneled_Illusion_Maxi_Dress/img_00000047.jpg,skirt
img/Belted_Lace_Print_Dress/img_00000034.jpg,41,train,data/raw/deepfashion/img/Belted_Lace_Print_Dress/img_00000034.jpg,skirt
img/Abstract_Ikat_Maxi_Dress/img_00000036.jpg,41,train,data/raw/deepfashion/img/Abstract_Ikat_Maxi_Dress/img_00000036.jpg,skirt
img/Organza-Paneled_Midi_T-Shirt_Dress/img_00000047.jpg,41,train,data/raw/deepfashion/img/Organza-Paneled_Midi_T-Shirt_Dress/img_00000047.jpg,skirt
img/Classic_Midi_Dress/img_00000051.jpg,41,train,data/raw/deepfashion/img/Classic_Midi_Dress/img_00000051.jpg,skirt
img/Crochet-Back_Maxi_Dress/img_00000063.jpg,41,train,data/raw/deepfashion/img/Crochet-Back_Maxi_Dress/img_00000063.jpg,skirt
img/Fringed_Cutout_T-Shirt_Dress/img_00000019.jpg,41,train,data/raw/deepfashion/img/Fringed_Cutout_T-Shirt_Dress/img_00000019.jpg,skirt
img/Denim_Cutout_Dress/img_00000055.jpg,41,train,data/raw/deepfashion/img/Denim_Cutout_Dress/img_00000055.jpg,skirt
img/V-Cut_Bodycon_Dress/img_00000078.jpg,41,train,data/raw/deepfashion/img/V-Cut_Bodycon_Dress/img_00000078.jpg,skirt
img/Woven_Shift_Dress/img_00000053.jpg,41,train,data/raw/deepfashion/img/Woven_Shift_Dress/img_00000053.jpg,skirt
img/Leopard_&_Lace_Slip_Dress/img_00000021.jpg,41,train,data/raw/deepfashion/img/Leopard_&_Lace_Slip_Dress/img_00000021.jpg,skirt
img/Cutout-Front_Textured_Bodycon_Dress/img_00000003.jpg,41,train,data/raw/deepfashion/img/Cutout-Front_Textured_Bodycon_Dress/img_00000003.jpg,skirt
img/Cutout_Sleeveless_Jumpsuit/img_00000008.jpg,42,train,data/raw/deepfashion/img/Cutout_Sleeveless_Jumpsuit/img_00000008.jpg,skirt
img/Daisy_Print_Shift_Dress/img_00000006.jpg,41,train,data/raw/deepfashion/img/Daisy_Print_Shift_Dress/img_00000006.jpg,skirt
img/Chevron_Print_Cami_Maxi_Dress/img_00000022.jpg,41,train,data/raw/deepfashion/img/Chevron_Print_Cami_Maxi_Dress/img_00000022.jpg,skirt
img/Watercolor_Rose_Print_Dress/img_00000023.jpg,41,train,data/raw/deepfashion/img/Watercolor_Rose_Print_Dress/img_00000023.jpg,skirt
img/Crepe_Woven_Cami_Dress/img_00000005.jpg,41,train,data/raw/deepfashion/img/Crepe_Woven_Cami_Dress/img_00000005.jpg,skirt
img/High-Slit_Abstract_Print_Maxi_Dress/img_00000035.jpg,41,train,data/raw/deepfashion/img/High-Slit_Abstract_Print_Maxi_Dress/img_00000035.jpg,skirt
img/Cap-Sleeved_Midi_Dress/img_00000039.jpg,41,train,data/raw/deepfashion/img/Cap-Sleeved_Midi_Dress/img_00000039.jpg,skirt
img/Whimsical_Lace_Dress/img_00000016.jpg,41,train,data/raw/deepfashion/img/Whimsical_Lace_Dress/img_00000016.jpg,skirt
img/Abstract_Print_Fit_&_Flare_Dress/img_00000013.jpg,41,train,data/raw/deepfashion/img/Abstract_Print_Fit_&_Flare_Dress/img_00000013.jpg,skirt
img/Heathered_Knit_Dress/img_00000022.jpg,41,train,data/raw/deepfashion/img/Heathered_Knit_Dress/img_00000022.jpg,skirt
img/Tropical_V-Cut_Maxi_Dress/img_00000041.jpg,41,train,data/raw/deepfashion/img/Tropical_V-Cut_Maxi_Dress/img_00000041.jpg,skirt
img/Knit_Trapeze_Dress/img_00000018.jpg,41,train,data/raw/deepfashion/img/Knit_Trapeze_Dress/img_00000018.jpg,skirt
img/Paisley_Print_Sun_Dress/img_00000045.jpg,41,train,data/raw/deepfashion/img/Paisley_Print_Sun_Dress/img_00000045.jpg,skirt
img/Zippered_Knit_Dress/img_00000036.jpg,41,train,data/raw/deepfashion/img/Zippered_Knit_Dress/img_00000036.jpg,skirt
img/Hooded_Maxi_Dress/img_00000007.jpg,41,train,data/raw/deepfashion/img/Hooded_Maxi_Dress/img_00000007.jpg,skirt
img/Rose_Print_Shift_Dress/img_00000019.jpg,41,train,data/raw/deepfashion/img/Rose_Print_Shift_Dress/img_00000019.jpg,skirt
img/Floral_Elephant_Print_Dress/img_00000010.jpg,41,train,data/raw/deepfashion/img/Floral_Elephant_Print_Dress/img_00000010.jpg,skirt
img/Lace_Overlay_Dress/img_00000062.jpg,41,train,data/raw/deepfashion/img/Lace_Overlay_Dress/img_00000062.jpg,skirt
img/Lace_Inset_Cami_Dress/img_00000025.jpg,41,train,data/raw/deepfashion/img/Lace_Inset_Cami_Dress/img_00000025.jpg,skirt
img/Side-Slit_Marled_Dress/img_00000003.jpg,41,train,data/raw/deepfashion/img/Side-Slit_Marled_Dress/img_00000003.jpg,skirt
img/Paisley_Print_Jumpsuit/img_00000008.jpg,42,train,data/raw/deepfashion/img/Paisley_Print_Jumpsuit/img_00000008.jpg,skirt
img/Racerback_Bodycon_Dress/img_00000038.jpg,41,train,data/raw/deepfashion/img/Racerback_Bodycon_Dress/img_00000038.jpg,skirt
img/Floral_Lace_Print_Dress/img_00000024.jpg,41,train,data/raw/deepfashion/img/Floral_Lace_Print_Dress/img_00000024.jpg,skirt
img/Rugby_Stripe_Shift_Dress/img_00000030.jpg,41,train,data/raw/deepfashion/img/Rugby_Stripe_Shift_Dress/img_00000030.jpg,skirt
img/Lace_V-Back_Dress/img_00000062.jpg,41,train,data/raw/deepfashion/img/Lace_V-Back_Dress/img_00000062.jpg,skirt
img/Embroidered_Stripe_Dress/img_00000048.jpg,41,train,data/raw/deepfashion/img/Embroidered_Stripe_Dress/img_00000048.jpg,skirt
img/Abstract_Geo_Print_Jumpsuit/img_00000015.jpg,42,train,data/raw/deepfashion/img/Abstract_Geo_Print_Jumpsuit/img_00000015.jpg,skirt
img/Ribbed_Sweetheart_Dress/img_00000007.jpg,41,train,data/raw/deepfashion/img/Ribbed_Sweetheart_Dress/img_00000007.jpg,skirt
img/Fan_Print_A-Line_Dress/img_00000007.jpg,41,train,data/raw/deepfashion/img/Fan_Print_A-Line_Dress/img_00000007.jpg,skirt
img/Heathered_Knit_Drawstring_Jumpsuit/img_00000001.jpg,42,train,data/raw/deepfashion/img/Heathered_Knit_Drawstring_Jumpsuit/img_00000001.jpg,skirt
img/Drawstring_Denim_Dress/img_00000044.jpg,41,train,data/raw/deepfashion/img/Drawstring_Denim_Dress/img_00000044.jpg,skirt
img/Bodycon_Tank_Dress/img_00000042.jpg,41,train,data/raw/deepfashion/img/Bodycon_Tank_Dress/img_00000042.jpg,skirt
img/Marled_Midi_Turtleneck_Dress/img_00000022.jpg,41,train,data/raw/deepfashion/img/Marled_Midi_Turtleneck_Dress/img_00000022.jpg,skirt
img/High-Low_Zigzag_Dress/img_00000013.jpg,41,train,data/raw/deepfashion/img/High-Low_Zigzag_Dress/img_00000013.jpg,skirt
img/Layered_A-Line_Dress/img_00000035.jpg,41,train,data/raw/deepfashion/img/Layered_A-Line_Dress/img_00000035.jpg,skirt
img/Layered_A-Line_Dress/img_00000077.jpg,41,train,data/raw/deepfashion/img/Layered_A-Line_Dress/img_00000077.jpg,skirt
img/Lace_Fit_&_Flare_Dress/img_00000032.jpg,41,train,data/raw/deepfashion/img/Lace_Fit_&_Flare_Dress/img_00000032.jpg,skirt
img/Edgy_Girl_Fit_&_Flare_Dress/img_00000006.jpg,41,train,data/raw/deepfashion/img/Edgy_Girl_Fit_&_Flare_Dress/img_00000006.jpg,skirt
img/Ruched_Pencil_Dress/img_00000041.jpg,41,train,data/raw/deepfashion/img/Ruched_Pencil_Dress/img_00000041.jpg,skirt
img/Shirred_Gauze_Midi_Dress/img_00000038.jpg,41,train,data/raw/deepfashion/img/Shirred_Gauze_Midi_Dress/img_00000038.jpg,skirt
img/Jersey_Trapeze_Dress/img_00000042.jpg,41,train,data/raw/deepfashion/img/Jersey_Trapeze_Dress/img_00000042.jpg,skirt
img/Crochet_Yoke_Embroidered_Dress/img_00000043.jpg,41,train,data/raw/deepfashion/img/Crochet_Yoke_Embroidered_Dress/img_00000043.jpg,skirt
img/Eyelash_Lace_Pleated_Dress/img_00000010.jpg,41,train,data/raw/deepfashion/img/Eyelash_Lace_Pleated_Dress/img_00000010.jpg,skirt
img/Floral_Print_Strappy_Dress/img_00000012.jpg,41,train,data/raw/deepfashion/img/Floral_Print_Strappy_Dress/img_00000012.jpg,skirt
img/Faux_Wrap_Heathered_Sheath_Dress/img_00000032.jpg,41,train,data/raw/deepfashion/img/Faux_Wrap_Heathered_Sheath_Dress/img_00000032.jpg,skirt
img/Stripe_Midi_Jumpsuit/img_00000026.jpg,42,train,data/raw/deepfashion/img/Stripe_Midi_Jumpsuit/img_00000026.jpg,skirt
img/Everyday_Combo_Maxi_Dress/img_00000022.jpg,41,train,data/raw/deepfashion/img/Everyday_Combo_Maxi_Dress/img_00000022.jpg,skirt
img/Pleated_Ponte_Knit_Dress/img_00000055.jpg,41,train,data/raw/deepfashion/img/Pleated_Ponte_Knit_Dress/img_00000055.jpg,skirt
img/Strappy_V-Back_Jumpsuit/img_00000023.jpg,42,train,data/raw/deepfashion/img/Strappy_V-Back_Jumpsuit/img_00000023.jpg,skirt
img/Botanical_Print_Shift_Dress/img_00000001.jpg,41,train,data/raw/deepfashion/img/Botanical_Print_Shift_Dress/img_00000001.jpg,skirt
img/Textured_Funnel_Neck_Dress/img_00000025.jpg,41,train,data/raw/deepfashion/img/Textured_Funnel_Neck_Dress/img_00000025.jpg,skirt
img/Draped_Hem_V-Neck_Dress/img_00000035.jpg,41,train,data/raw/deepfashion/img/Draped_Hem_V-Neck_Dress/img_00000035.jpg,skirt
img/Worldly_Girl_Cutout_Dress/img_00000042.jpg,41,train,data/raw/deepfashion/img/Worldly_Girl_Cutout_Dress/img_00000042.jpg,skirt
img/Linen_Babydoll_Dress/img_00000027.jpg,41,train,data/raw/deepfashion/img/Linen_Babydoll_Dress/img_00000027.jpg,skirt
img/Caged_V-Neck_Maxi_Dress/img_00000007.jpg,41,train,data/raw/deepfashion/img/Caged_V-Neck_Maxi_Dress/img_00000007.jpg,skirt
img/Woven_Shift_Dress/img_00000014.jpg,41,train,data/raw/deepfashion/img/Woven_Shift_Dress/img_00000014.jpg,skirt
img/Strapless_Floral_Print_Dress/img_00000010.jpg,41,train,data/raw/deepfashion/img/Strapless_Floral_Print_Dress/img_00000010.jpg,skirt
img/Strapless_X-Ray_Roses_Dress/img_00000027.jpg,41,train,data/raw/deepfashion/img/Strapless_X-Ray_Roses_Dress/img_00000027.jpg,skirt
img/Belted_Maxi_Dress/img_00000058.jpg,41,train,data/raw/deepfashion/img/Belted_Maxi_Dress/img_00000058.jpg,skirt
img/Ribbed_Knit_Dress/img_00000020.jpg,41,train,data/raw/deepfashion/img/Ribbed_Knit_Dress/img_00000020.jpg,skirt
img/Ornate_Floral_Babydoll_Dress/img_00000003.jpg,41,train,data/raw/deepfashion/img/Ornate_Floral_Babydoll_Dress/img_00000003.jpg,skirt
img/Scoop_Neck_Maxi_Dress/img_00000001.jpg,41,train,data/raw/deepfashion/img/Scoop_Neck_Maxi_Dress/img_00000001.jpg,skirt
img/Embroidered_Babydoll_Dress/img_00000002.jpg,41,train,data/raw/deepfashion/img/Embroidered_Babydoll_Dress/img_00000002.jpg,skirt
img/Cutout-Back_Midi_Dress/img_00000014.jpg,41,train,data/raw/deepfashion/img/Cutout-Back_Midi_Dress/img_00000014.jpg,skirt
img/Belted_Lace_Print_Dress/img_00000013.jpg,41,train,data/raw/deepfashion/img/Belted_Lace_Print_Dress/img_00000013.jpg,skirt
img/Pleated_Ponte_Knit_Dress/img_00000022.jpg,41,train,data/raw/deepfashion/img/Pleated_Ponte_Knit_Dress/img_00000022.jpg,skirt
img/Flirty_Floral_Smock_Dress/img_00000026.jpg,41,train,data/raw/deepfashion/img/Flirty_Floral_Smock_Dress/img_00000026.jpg,skirt
img/Knit_Trapeze_Dress/img_00000032.jpg,41,train,data/raw/deepfashion/img/Knit_Trapeze_Dress/img_00000032.jpg,skirt
img/Floral_Paisley_Cami_Dress/img_00000028.jpg,41,train,data/raw/deepfashion/img/Floral_Paisley_Cami_Dress/img_00000028.jpg,skirt
img/Pleated_Metallic_Tweed_Dress/img_00000032.jpg,41,train,data/raw/deepfashion/img/Pleated_Metallic_Tweed_Dress/img_00000032.jpg,skirt
img/Striped_Drop-Waist_Dress/img_00000038.jpg,41,train,data/raw/deepfashion/img/Striped_Drop-Waist_Dress/img_00000038.jpg,skirt
img/Chevron-Striped_Maxi_Dress/img_00000028.jpg,41,train,data/raw/deepfashion/img/Chevron-Striped_Maxi_Dress/img_00000028.jpg,skirt
img/Abstract_Paisley_Print_Jumpsuit/img_00000045.jpg,42,train,data/raw/deepfashion/img/Abstract_Paisley_Print_Jumpsuit/img_00000045.jpg,skirt
img/Origami_Crepe_Dress/img_00000011.jpg,41,train,data/raw/deepfashion/img/Origami_Crepe_Dress/img_00000011.jpg,skirt
img/Eyelet_Fit_&_Flare_Dress/img_00000017.jpg,41,train,data/raw/deepfashion/img/Eyelet_Fit_&_Flare_Dress/img_00000017.jpg,skirt
img/Surplice_Cami_Dress/img_00000015.jpg,41,train,data/raw/deepfashion/img/Surplice_Cami_Dress/img_00000015.jpg,skirt
img/Floral_Lace_Mini_Dress/img_00000076.jpg,41,train,data/raw/deepfashion/img/Floral_Lace_Mini_Dress/img_00000076.jpg,skirt
img/Bejeweled_Waist_Maxi_Dress/img_00000007.jpg,41,train,data/raw/deepfashion/img/Bejeweled_Waist_Maxi_Dress/img_00000007.jpg,skirt
img/Crepe_Woven_Surplice_Dress/img_00000002.jpg,41,train,data/raw/deepfashion/img/Crepe_Woven_Surplice_Dress/img_00000002.jpg,skirt
img/Shredded_Back_Midi_Dress/img_00000034.jpg,41,train,data/raw/deepfashion/img/Shredded_Back_Midi_Dress/img_00000034.jpg,skirt
img/Collared_Denim_Shift_Dress/img_00000014.jpg,41,train,data/raw/deepfashion/img/Collared_Denim_Shift_Dress/img_00000014.jpg,skirt
img/Ornate-Embroidered_Peasant_Dress/img_00000011.jpg,41,train,data/raw/deepfashion/img/Ornate-Embroidered_Peasant_Dress/img_00000011.jpg,skirt
img/Belted_Mandala_Print_Dress/img_00000033.jpg,41,train,data/raw/deepfashion/img/Belted_Mandala_Print_Dress/img_00000033.jpg,skirt
img/Textured_Woven_A-Line_Dress/img_00000044.jpg,41,train,data/raw/deepfashion/img/Textured_Woven_A-Line_Dress/img_00000044.jpg,skirt
img/Abstract_Floral_Tie-Waist_Dress/img_00000048.jpg,41,train,data/raw/deepfashion/img/Abstract_Floral_Tie-Waist_Dress/img_00000048.jpg,skirt
img/Wide-Leg_Surplice_Jumpsuit/img_00000049.jpg,42,train,data/raw/deepfashion/img/Wide-Leg_Surplice_Jumpsuit/img_00000049.jpg,skirt
img/Paint_It_Red_Valentina_Dress/img_00000063.jpg,41,train,data/raw/deepfashion/img/Paint_It_Red_Valentina_Dress/img_00000063.jpg,skirt
img/Striped_Bodycon_Dress/img_00000071.jpg,41,train,data/raw/deepfashion/img/Striped_Bodycon_Dress/img_00000071.jpg,skirt
img/Embroidered_Gauze_Belted_Dress/img_00000050.jpg,41,train,data/raw/deepfashion/img/Embroidered_Gauze_Belted_Dress/img_00000050.jpg,skirt
img/Pleated_Jacquard_Tea_Dress/img_00000053.jpg,41,train,data/raw/deepfashion/img/Pleated_Jacquard_Tea_Dress/img_00000053.jpg,skirt
img/Medallion_Print_Shift_Dress/img_00000036.jpg,41,train,data/raw/deepfashion/img/Medallion_Print_Shift_Dress/img_00000036.jpg,skirt
img/Layered_Cutout_Midi_Dress/img_00000009.jpg,41,train,data/raw/deepfashion/img/Layered_Cutout_Midi_Dress/img_00000009.jpg,skirt
img/Chiffon_Surplice_Dress/img_00000030.jpg,41,train,data/raw/deepfashion/img/Chiffon_Surplice_Dress/img_00000030.jpg,skirt
img/Front-Slit_Pleated_Shift_Dress/img_00000001.jpg,41,train,data/raw/deepfashion/img/Front-Slit_Pleated_Shift_Dress/img_00000001.jpg,skirt
img/Paisley_Print_Jumpsuit/img_00000001.jpg,42,train,data/raw/deepfashion/img/Paisley_Print_Jumpsuit/img_00000001.jpg,skirt
img/Rose_Print_Maxi_Dress/img_00000004.jpg,41,train,data/raw/deepfashion/img/Rose_Print_Maxi_Dress/img_00000004.jpg,skirt
img/Utility_Jumpsuit/img_00000043.jpg,42,train,data/raw/deepfashion/img/Utility_Jumpsuit/img_00000043.jpg,skirt
img/Belted_Plaid_Dress/img_00000064.jpg,41,train,data/raw/deepfashion/img/Belted_Plaid_Dress/img_00000064.jpg,skirt
img/Double-V_Slip_Dress/img_00000053.jpg,41,train,data/raw/deepfashion/img/Double-V_Slip_Dress/img_00000053.jpg,skirt
img/Crochet_Halter_Maxi_Dress/img_00000024.jpg,41,train,data/raw/deepfashion/img/Crochet_Halter_Maxi_Dress/img_00000024.jpg,skirt
img/Surplice_Cami_Dress/img_00000024.jpg,41,train,data/raw/deepfashion/img/Surplice_Cami_Dress/img_00000024.jpg,skirt
img/Tribal_Print_Chiffon_Dress/img_00000022.jpg,41,train,data/raw/deepfashion/img/Tribal_Print_Chiffon_Dress/img_00000022.jpg,skirt
img/Garden_Party_Bow_Dress/img_00000044.jpg,41,train,data/raw/deepfashion/img/Garden_Party_Bow_Dress/img_00000044.jpg,skirt
img/Printed_Drop-Waist_Cami_Dress/img_00000042.jpg,41,train,data/raw/deepfashion/img/Printed_Drop-Waist_Cami_Dress/img_00000042.jpg,skirt
img/Abstract_Southwestern_Print_Flounce_Dress/img_00000017.jpg,41,train,data/raw/deepfashion/img/Abstract_Southwestern_Print_Flounce_Dress/img_00000017.jpg,skirt
img/Ribbed_Stripe-Trim_Dress/img_00000008.jpg,41,train,data/raw/deepfashion/img/Ribbed_Stripe-Trim_Dress/img_00000008.jpg,skirt
img/Belted_Stripe_Pattern_Dress/img_00000034.jpg,41,train,data/raw/deepfashion/img/Belted_Stripe_Pattern_Dress/img_00000034.jpg,skirt
img/Abstract_Print_Maxi_Dress/img_00000064.jpg,41,train,data/raw/deepfashion/img/Abstract_Print_Maxi_Dress/img_00000064.jpg,skirt
img/Ruffled_Lace_Sheath_Dress/img_00000046.jpg,41,train,data/raw/deepfashion/img/Ruffled_Lace_Sheath_Dress/img_00000046.jpg,skirt
img/Metallic_Geo-Patterned_Dress/img_00000035.jpg,41,train,data/raw/deepfashion/img/Metallic_Geo-Patterned_Dress/img_00000035.jpg,skirt
img/Floral_Lace_Halter_Dress/img_00000001.jpg,41,train,data/raw/deepfashion/img/Floral_Lace_Halter_Dress/img_00000001.jpg,skirt
img/Jersey_Knit_Trapeze_Dress/img_00000057.jpg,41,train,data/raw/deepfashion/img/Jersey_Knit_Trapeze_Dress/img_00000057.jpg,skirt
img/Caged_Side_Longline_Dress/img_00000002.jpg,41,train,data/raw/deepfashion/img/Caged_Side_Longline_Dress/img_00000002.jpg,skirt
img/Smocked_Floral_Maxi_Dress/img_00000030.jpg,41,train,data/raw/deepfashion/img/Smocked_Floral_Maxi_Dress/img_00000030.jpg,skirt
img/Pleated_Floral_Sheath_Dress/img_00000024.jpg,41,train,data/raw/deepfashion/img/Pleated_Floral_Sheath_Dress/img_00000024.jpg,skirt
img/Textured_Knit_Skater_Dress/img_00000050.jpg,41,train,data/raw/deepfashion/img/Textured_Knit_Skater_Dress/img_00000050.jpg,skirt
img/Semi-Sheer_Ribbed_Midi_Dress/img_00000023.jpg,41,train,data/raw/deepfashion/img/Semi-Sheer_Ribbed_Midi_Dress/img_00000023.jpg,skirt
img/Seam-Stitched_Shift_Dress/img_00000028.jpg,41,train,data/raw/deepfashion/img/Seam-Stitched_Shift_Dress/img_00000028.jpg,skirt
img/Crossback_Jumpsuit/img_00000064.jpg,42,train,data/raw/deepfashion/img/Crossback_Jumpsuit/img_00000064.jpg,skirt
img/Floral_Print_Smock_Dress/img_00000036.jpg,41,train,data/raw/deepfashion/img/Floral_Print_Smock_Dress/img_00000036.jpg,skirt
img/Crisscross_Open-Back_Maxi_Dress/img_00000032.jpg,41,train,data/raw/deepfashion/img/Crisscross_Open-Back_Maxi_Dress/img_00000032.jpg,skirt
img/Bird_Print_Sateen_Dress/img_00000037.jpg,41,train,data/raw/deepfashion/img/Bird_Print_Sateen_Dress/img_00000037.jpg,skirt
img/Floral_Print_Poncho_Dress/img_00000007.jpg,41,train,data/raw/deepfashion/img/Floral_Print_Poncho_Dress/img_00000007.jpg,skirt
img/Sheer_Mesh_Maxi_Dress/img_00000001.jpg,41,train,data/raw/deepfashion/img/Sheer_Mesh_Maxi_Dress/img_00000001.jpg,skirt
img/Raw-Edged_Smock_Dress/img_00000003.jpg,41,train,data/raw/deepfashion/img/Raw-Edged_Smock_Dress/img_00000003.jpg,skirt
img/Geo_Print_Strappy_Maxi_Dress/img_00000054.jpg,41,train,data/raw/deepfashion/img/Geo_Print_Strappy_Maxi_Dress/img_00000054.jpg,skirt
img/Textured_Floral_Bodycon_Dress/img_00000040.jpg,41,train,data/raw/deepfashion/img/Textured_Floral_Bodycon_Dress/img_00000040.jpg,skirt
img/Floral_Print_Strappy_Dress/img_00000065.jpg,41,train,data/raw/deepfashion/img/Floral_Print_Strappy_Dress/img_00000065.jpg,skirt
img/Lace-Cutout_Sheath_Dress/img_00000037.jpg,41,train,data/raw/deepfashion/img/Lace-Cutout_Sheath_Dress/img_00000037.jpg,skirt
img/Eyelash_Lace_Combo_Dress/img_00000017.jpg,41,train,data/raw/deepfashion/img/Eyelash_Lace_Combo_Dress/img_00000017.jpg,skirt
img/Eyelash_Lace_Surplice_Dress/img_00000034.jpg,41,train,data/raw/deepfashion/img/Eyelash_Lace_Surplice_Dress/img_00000034.jpg,skirt
img/Heathered_Knit_Midi_Dress/img_00000005.jpg,41,train,data/raw/deepfashion/img/Heathered_Knit_Midi_Dress/img_00000005.jpg,skirt
img/Bold_Moves_Bodycon_Dress/img_00000007.jpg,41,train,data/raw/deepfashion/img/Bold_Moves_Bodycon_Dress/img_00000007.jpg,skirt
img/Cuffed_Tee_Shirt_Dress/img_00000008.jpg,41,train,data/raw/deepfashion/img/Cuffed_Tee_Shirt_Dress/img_00000008.jpg,skirt
img/Sleeveless_Combo_Jumpsuit/img_00000045.jpg,42,train,data/raw/deepfashion/img/Sleeveless_Combo_Jumpsuit/img_00000045.jpg,skirt
img/Stripe_Midi_Jumpsuit/img_00000011.jpg,42,train,data/raw/deepfashion/img/Stripe_Midi_Jumpsuit/img_00000011.jpg,skirt
img/Crochet_Lace_Shift_Dress/img_00000015.jpg,41,train,data/raw/deepfashion/img/Crochet_Lace_Shift_Dress/img_00000015.jpg,skirt
img/Fit_&_Flare_Combo_Cami_Dress/img_00000002.jpg,41,train,data/raw/deepfashion/img/Fit_&_Flare_Combo_Cami_Dress/img_00000002.jpg,skirt
img/Floral_Cap-Sleeved_Dress/img_00000057.jpg,41,train,data/raw/deepfashion/img/Floral_Cap-Sleeved_Dress/img_00000057.jpg,skirt
img/Abstract_Splatter_Bodycon_Dress/img_00000019.jpg,41,train,data/raw/deepfashion/img/Abstract_Splatter_Bodycon_Dress/img_00000019.jpg,skirt
img/Tribal_Print_Jumpsuit/img_00000058.jpg,42,train,data/raw/deepfashion/img/Tribal_Print_Jumpsuit/img_00000058.jpg,skirt
img/Palm_Leaf_Print_Bodycon_Dress/img_00000008.jpg,41,train,data/raw/deepfashion/img/Palm_Leaf_Print_Bodycon_Dress/img_00000008.jpg,skirt
img/Belted_Skater_Dress/img_00000055.jpg,41,train,data/raw/deepfashion/img/Belted_Skater_Dress/img_00000055.jpg,skirt
img/Illusion_Fit_&_Flare_Dress/img_00000033.jpg,41,train,data/raw/deepfashion/img/Illusion_Fit_&_Flare_Dress/img_00000033.jpg,skirt
img/Embroidered_Crepe_Surplice_Jumpsuit/img_00000012.jpg,42,train,data/raw/deepfashion/img/Embroidered_Crepe_Surplice_Jumpsuit/img_00000012.jpg,skirt
img/Lace_Inset_Cami_Dress/img_00000005.jpg,41,train,data/raw/deepfashion/img/Lace_Inset_Cami_Dress/img_00000005.jpg,skirt
img/Chiffon_Pleated_Jumpsuit/img_00000059.jpg,42,train,data/raw/deepfashion/img/Chiffon_Pleated_Jumpsuit/img_00000059.jpg,skirt
img/Hooded_Button-Down_Dress/img_00000011.jpg,41,train,data/raw/deepfashion/img/Hooded_Button-Down_Dress/img_00000011.jpg,skirt
img/Chiffon-Paneled_Sheath_Dress/img_00000050.jpg,41,train,data/raw/deepfashion/img/Chiffon-Paneled_Sheath_Dress/img_00000050.jpg,skirt
img/Flounced_Watercolor_Print_Cami_Dress/img_00000002.jpg,41,train,data/raw/deepfashion/img/Flounced_Watercolor_Print_Cami_Dress/img_00000002.jpg,skirt
img/Striped_Maxi_Dress/img_00000022.jpg,41,train,data/raw/deepfashion/img/Striped_Maxi_Dress/img_00000022.jpg,skirt
img/Chevron_Print_Dress/img_00000021.jpg,41,train,data/raw/deepfashion/img/Chevron_Print_Dress/img_00000021.jpg,skirt
img/Floral_Wide-Leg_Cami_Jumpsuit/img_00000008.jpg,42,train,data/raw/deepfashion/img/Floral_Wide-Leg_Cami_Jumpsuit/img_00000008.jpg,skirt
img/Belted_Ladder-Back_Dress/img_00000038.jpg,41,train,data/raw/deepfashion/img/Belted_Ladder-Back_Dress/img_00000038.jpg,skirt
img/Charming_Boucl&eacute;_Dress/img_00000022.jpg,41,train,data/raw/deepfashion/img/Charming_Boucl&eacute;_Dress/img_00000022.jpg,skirt
img/Off-the-Shoulder_Maxi_Dress/img_00000041.jpg,41,train,data/raw/deepfashion/img/Off-the-Shoulder_Maxi_Dress/img_00000041.jpg,skirt
img/Favorite_Strappy_Shift_Dress/img_00000029.jpg,41,train,data/raw/deepfashion/img/Favorite_Strappy_Shift_Dress/img_00000029.jpg,skirt
img/Polka_Dot_Chiffon_Dress/img_00000054.jpg,41,train,data/raw/deepfashion/img/Polka_Dot_Chiffon_Dress/img_00000054.jpg,skirt
img/Rose_Print_Shift_Dress/img_00000037.jpg,41,train,data/raw/deepfashion/img/Rose_Print_Shift_Dress/img_00000037.jpg,skirt
img/Pleated_Combo_Dress/img_00000027.jpg,41,train,data/raw/deepfashion/img/Pleated_Combo_Dress/img_00000027.jpg,skirt
img/Abstract_Floral_Print_Dress/img_00000006.jpg,41,train,data/raw/deepfashion/img/Abstract_Floral_Print_Dress/img_00000006.jpg,skirt
img/Ditsy_Floral_&_Lace_Dress/img_00000059.jpg,41,train,data/raw/deepfashion/img/Ditsy_Floral_&_Lace_Dress/img_00000059.jpg,skirt
img/Sleeveless_Quilted_Skater_Dress/img_00000012.jpg,41,train,data/raw/deepfashion/img/Sleeveless_Quilted_Skater_Dress/img_00000012.jpg,skirt
img/Floral_Lace_Fit_&_Flare_Dress/img_00000014.jpg,41,train,data/raw/deepfashion/img/Floral_Lace_Fit_&_Flare_Dress/img_00000014.jpg,skirt
img/Tiered_Fringe_Cami_Dress/img_00000050.jpg,41,train,data/raw/deepfashion/img/Tiered_Fringe_Cami_Dress/img_00000050.jpg,skirt
img/Heathered_Metallic_Bodycon_Dress/img_00000029.jpg,41,train,data/raw/deepfashion/img/Heathered_Metallic_Bodycon_Dress/img_00000029.jpg,skirt
img/Floral_Lace_Bodycon_Dress/img_00000026.jpg,41,train,data/raw/deepfashion/img/Floral_Lace_Bodycon_Dress/img_00000026.jpg,skirt
img/Y-Back_Halter_Dress/img_00000049.jpg,41,train,data/raw/deepfashion/img/Y-Back_Halter_Dress/img_00000049.jpg,skirt
img/Faux-Wrap_Surplice_Printed_Dress/img_00000041.jpg,41,train,data/raw/deepfashion/img/Faux-Wrap_Surplice_Printed_Dress/img_00000041.jpg,skirt
img/Striped_A-line_Dress/img_00000049.jpg,41,train,data/raw/deepfashion/img/Striped_A-line_Dress/img_00000049.jpg,skirt
img/Zippered_Colorblock_Crepe_Jumpsuit/img_00000048.jpg,42,train,data/raw/deepfashion/img/Zippered_Colorblock_Crepe_Jumpsuit/img_00000048.jpg,skirt
img/Ikat_Print_Chiffon_Dress/img_00000056.jpg,41,train,data/raw/deepfashion/img/Ikat_Print_Chiffon_Dress/img_00000056.jpg,skirt
img/Lace_Combo_Smock_Dress/img_00000004.jpg,41,train,data/raw/deepfashion/img/Lace_Combo_Smock_Dress/img_00000004.jpg,skirt
img/Belted_Lace_Skater_Dress/img_00000005.jpg,41,train,data/raw/deepfashion/img/Belted_Lace_Skater_Dress/img_00000005.jpg,skirt
img/Night_Moves_Surplice_Dress/img_00000020.jpg,41,train,data/raw/deepfashion/img/Night_Moves_Surplice_Dress/img_00000020.jpg,skirt
img/Striped_Floral_Trapeze_Dress/img_00000024.jpg,41,train,data/raw/deepfashion/img/Striped_Floral_Trapeze_Dress/img_00000024.jpg,skirt
img/Abstract_Print_V-Back_Dress/img_00000012.jpg,41,train,data/raw/deepfashion/img/Abstract_Print_V-Back_Dress/img_00000012.jpg,skirt
img/Bold_Moves_Bodycon_Dress/img_00000056.jpg,41,train,data/raw/deepfashion/img/Bold_Moves_Bodycon_Dress/img_00000056.jpg,skirt
img/Woven_Sheath_Dress/img_00000040.jpg,41,train,data/raw/deepfashion/img/Woven_Sheath_Dress/img_00000040.jpg,skirt
img/Striped_Racerback_Maxi_Dress/img_00000010.jpg,41,train,data/raw/deepfashion/img/Striped_Racerback_Maxi_Dress/img_00000010.jpg,skirt
img/Striped_Bodycon_Midi_Dress/img_00000045.jpg,41,train,data/raw/deepfashion/img/Striped_Bodycon_Midi_Dress/img_00000045.jpg,skirt
img/Hooded_Stripe_Dress/img_00000022.jpg,41,train,data/raw/deepfashion/img/Hooded_Stripe_Dress/img_00000022.jpg,skirt
img/Festive_Fit_&_Flare_Dress/img_00000015.jpg,41,train,data/raw/deepfashion/img/Festive_Fit_&_Flare_Dress/img_00000015.jpg,skirt
img/Bejeweled_Waist_Maxi_Dress/img_00000020.jpg,41,train,data/raw/deepfashion/img/Bejeweled_Waist_Maxi_Dress/img_00000020.jpg,skirt
img/Button_Front_Shirt_Dress/img_00000071.jpg,41,train,data/raw/deepfashion/img/Button_Front_Shirt_Dress/img_00000071.jpg,skirt
img/Embroidered_Sweetheart_Dress/img_00000041.jpg,41,train,data/raw/deepfashion/img/Embroidered_Sweetheart_Dress/img_00000041.jpg,skirt
img/Floral_Lace_Mini_Dress/img_00000044.jpg,41,train,data/raw/deepfashion/img/Floral_Lace_Mini_Dress/img_00000044.jpg,skirt
img/Suspender_Button-Down_Maxi_Dress/img_00000002.jpg,41,train,data/raw/deepfashion/img/Suspender_Button-Down_Maxi_Dress/img_00000002.jpg,skirt
img/Collared_Abstract_Print_Dress/img_00000032.jpg,41,train,data/raw/deepfashion/img/Collared_Abstract_Print_Dress/img_00000032.jpg,skirt
img/Beaded_Collar_Shift_Dress/img_00000035.jpg,41,train,data/raw/deepfashion/img/Beaded_Collar_Shift_Dress/img_00000035.jpg,skirt
img/Diamond-Embroidered_Mini_Dress/img_00000048.jpg,41,train,data/raw/deepfashion/img/Diamond-Embroidered_Mini_Dress/img_00000048.jpg,skirt
img/Pleated_A-Line_Dress/img_00000067.jpg,41,train,data/raw/deepfashion/img/Pleated_A-Line_Dress/img_00000067.jpg,skirt
img/Brushstroke_Stripe_Deep-V_Jumpsuit/img_00000031.jpg,42,train,data/raw/deepfashion/img/Brushstroke_Stripe_Deep-V_Jumpsuit/img_00000031.jpg,skirt
img/Twist-Back_Colorblocked_Dress/img_00000006.jpg,41,train,data/raw/deepfashion/img/Twist-Back_Colorblocked_Dress/img_00000006.jpg,skirt
img/Lace_Print_Shift_Dress/img_00000009.jpg,41,train,data/raw/deepfashion/img/Lace_Print_Shift_Dress/img_00000009.jpg,skirt
img/Knit_Bodycon_Dress/img_00000004.jpg,41,train,data/raw/deepfashion/img/Knit_Bodycon_Dress/img_00000004.jpg,skirt
img/Daisy_Print_Dress/img_00000016.jpg,41,train,data/raw/deepfashion/img/Daisy_Print_Dress/img_00000016.jpg,skirt
img/Striped_Maxi_Cami_Dress/img_00000058.jpg,41,train,data/raw/deepfashion/img/Striped_Maxi_Cami_Dress/img_00000058.jpg,skirt
img/Zipped_Lace_Dress/img_00000037.jpg,41,train,data/raw/deepfashion/img/Zipped_Lace_Dress/img_00000037.jpg,skirt
img/Romantic_Rose_Dress/img_00000019.jpg,41,train,data/raw/deepfashion/img/Romantic_Rose_Dress/img_00000019.jpg,skirt
img/High-Slit_Maxi_Dress/img_00000073.jpg,41,train,data/raw/deepfashion/img/High-Slit_Maxi_Dress/img_00000073.jpg,skirt
img/Woven_Ruffle_Cami_Jumpsuit/img_00000020.jpg,42,train,data/raw/deepfashion/img/Woven_Ruffle_Cami_Jumpsuit/img_00000020.jpg,skirt
img/Beaded_Cross-Back_Maxi_Dress/img_00000052.jpg,41,train,data/raw/deepfashion/img/Beaded_Cross-Back_Maxi_Dress/img_00000052.jpg,skirt
img/Vented_Cutout_Sheath_Dress/img_00000011.jpg,41,train,data/raw/deepfashion/img/Vented_Cutout_Sheath_Dress/img_00000011.jpg,skirt
img/Stretch_Knit_Trapeze_Dress/img_00000003.jpg,41,train,data/raw/deepfashion/img/Stretch_Knit_Trapeze_Dress/img_00000003.jpg,skirt
img/Stripe_Cutout-Back_Maxi_Dress/img_00000035.jpg,41,train,data/raw/deepfashion/img/Stripe_Cutout-Back_Maxi_Dress/img_00000035.jpg,skirt
img/Baroque_Midi_Dress/img_00000039.jpg,41,train,data/raw/deepfashion/img/Baroque_Midi_Dress/img_00000039.jpg,skirt
img/Contrast-Paneled_Chambray_Dress/img_00000003.jpg,41,train,data/raw/deepfashion/img/Contrast-Paneled_Chambray_Dress/img_00000003.jpg,skirt
img/Leopard_&_Lace_Slip_Dress/img_00000014.jpg,41,train,data/raw/deepfashion/img/Leopard_&_Lace_Slip_Dress/img_00000014.jpg,skirt
img/Heathered_Skater_Dress/img_00000012.jpg,41,train,data/raw/deepfashion/img/Heathered_Skater_Dress/img_00000012.jpg,skirt
img/Box-Pleated_Maxi_Dress/img_00000039.jpg,41,train,data/raw/deepfashion/img/Box-Pleated_Maxi_Dress/img_00000039.jpg,skirt
img/Strappy_V-Neck_Jumpsuit/img_00000013.jpg,42,train,data/raw/deepfashion/img/Strappy_V-Neck_Jumpsuit/img_00000013.jpg,skirt
img/Sequined_Striped_Bodycon_Dress/img_00000071.jpg,41,train,data/raw/deepfashion/img/Sequined_Striped_Bodycon_Dress/img_00000071.jpg,skirt
img/Geo_Striped_Maxi_Dress/img_00000054.jpg,41,train,data/raw/deepfashion/img/Geo_Striped_Maxi_Dress/img_00000054.jpg,skirt
img/Floral_Lace_Cutout_Dress/img_00000005.jpg,41,train,data/raw/deepfashion/img/Floral_Lace_Cutout_Dress/img_00000005.jpg,skirt
img/Paisley_Fit_&_Flare_Dress/img_00000037.jpg,41,train,data/raw/deepfashion/img/Paisley_Fit_&_Flare_Dress/img_00000037.jpg,skirt
img/Shredded_Back_Midi_Dress/img_00000012.jpg,41,train,data/raw/deepfashion/img/Shredded_Back_Midi_Dress/img_00000012.jpg,skirt
img/Southwestern-Printed_Jumpsuit/img_00000019.jpg,42,train,data/raw/deepfashion/img/Southwestern-Printed_Jumpsuit/img_00000019.jpg,skirt
img/Crossback_Cami_Skater_Dress/img_00000045.jpg,41,train,data/raw/deepfashion/img/Crossback_Cami_Skater_Dress/img_00000045.jpg,skirt
img/Mesh-Paneled_Fit_&_Flare_Dress/img_00000011.jpg,41,train,data/raw/deepfashion/img/Mesh-Paneled_Fit_&_Flare_Dress/img_00000011.jpg,skirt
img/Mesh_Maxi_Dress/img_00000018.jpg,41,train,data/raw/deepfashion/img/Mesh_Maxi_Dress/img_00000018.jpg,skirt
img/Ruched_V-Neck_Jumpsuit/img_00000032.jpg,42,train,data/raw/deepfashion/img/Ruched_V-Neck_Jumpsuit/img_00000032.jpg,skirt
img/Tropical_Floral_Print_Dress/img_00000052.jpg,41,train,data/raw/deepfashion/img/Tropical_Floral_Print_Dress/img_00000052.jpg,skirt
img/Medallion_Print_Bell-Sleeve_Dress/img_00000057.jpg,41,train,data/raw/deepfashion/img/Medallion_Print_Bell-Sleeve_Dress/img_00000057.jpg,skirt
img/Strapless_Colorblock_Maxi_Dress/img_00000025.jpg,41,train,data/raw/deepfashion/img/Strapless_Colorblock_Maxi_Dress/img_00000025.jpg,skirt
img/Textured_Floral_Bodycon_Dress/img_00000023.jpg,41,train,data/raw/deepfashion/img/Textured_Floral_Bodycon_Dress/img_00000023.jpg,skirt
img/Mesh-Trimmed_Skater_Dress/img_00000002.jpg,41,train,data/raw/deepfashion/img/Mesh-Trimmed_Skater_Dress/img_00000002.jpg,skirt
img/Abstract_Animal_Print_Dress/img_00000024.jpg,41,train,data/raw/deepfashion/img/Abstract_Animal_Print_Dress/img_00000024.jpg,skirt
img/Faux-Wrap_Surplice_Dress/img_00000024.jpg,41,train,data/raw/deepfashion/img/Faux-Wrap_Surplice_Dress/img_00000024.jpg,skirt
img/Grid_Print_Jumpsuit/img_00000009.jpg,42,train,data/raw/deepfashion/img/Grid_Print_Jumpsuit/img_00000009.jpg,skirt
img/Flounce_Cami_Maxi_Dress/img_00000026.jpg,41,train,data/raw/deepfashion/img/Flounce_Cami_Maxi_Dress/img_00000026.jpg,skirt
img/Collarless_Two-Tone_Knit_Cardigan/img_00000006.jpg,6,train,data/raw/deepfashion/img/Collarless_Two-Tone_Knit_Cardigan/img_00000006.jpg,top
img/Wander_With_Love_Tank/img_00000022.jpg,17,train,data/raw/deepfashion/img/Wander_With_Love_Tank/img_00000022.jpg,top
img/Collarless_Two-Tone_Knit_Cardigan/img_00000018.jpg,6,train,data/raw/deepfashion/img/Collarless_Two-Tone_Knit_Cardigan/img_00000018.jpg,top
img/Miami_Heat_Graphic_Tee/img_00000044.jpg,18,train,data/raw/deepfashion/img/Miami_Heat_Graphic_Tee/img_00000044.jpg,top
img/Relaxed_Draped_Cardigan/img_00000048.jpg,6,train,data/raw/deepfashion/img/Relaxed_Draped_Cardigan/img_00000048.jpg,top
img/Splatter_Print_Muscle_Tee/img_00000025.jpg,18,train,data/raw/deepfashion/img/Splatter_Print_Muscle_Tee/img_00000025.jpg,top
img/Windowpane_Print_Blouse/img_00000001.jpg,3,train,data/raw/deepfashion/img/Windowpane_Print_Blouse/img_00000001.jpg,top
img/Shirred_Lace-Paneled_Blouse/img_00000105.jpg,3,train,data/raw/deepfashion/img/Shirred_Lace-Paneled_Blouse/img_00000105.jpg,top
img/Heathered_Colorblock_Racerback_Tank/img_00000026.jpg,17,train,data/raw/deepfashion/img/Heathered_Colorblock_Racerback_Tank/img_00000026.jpg,top
img/Reason_Stars_and_Stripes_Tank/img_00000038.jpg,17,train,data/raw/deepfashion/img/Reason_Stars_and_Stripes_Tank/img_00000038.jpg,top
img/Boxy_Plaid_Flannel/img_00000058.jpg,7,train,data/raw/deepfashion/img/Boxy_Plaid_Flannel/img_00000058.jpg,top
img/Marled_Twist-Front_Blouse/img_00000046.jpg,3,train,data/raw/deepfashion/img/Marled_Twist-Front_Blouse/img_00000046.jpg,top
img/Woven_Flounce_Tank/img_00000029.jpg,17,train,data/raw/deepfashion/img/Woven_Flounce_Tank/img_00000029.jpg,top
img/Chambray_Tank_Top/img_00000059.jpg,19,train,data/raw/deepfashion/img/Chambray_Tank_Top/img_00000059.jpg,top
img/Tiered_Crochet_Tank/img_00000016.jpg,17,train,data/raw/deepfashion/img/Tiered_Crochet_Tank/img_00000016.jpg,top
img/Fringed_Crochet_Tank/img_00000019.jpg,17,train,data/raw/deepfashion/img/Fringed_Crochet_Tank/img_00000019.jpg,top
img/But_Not_Really_Muscle_Tee/img_00000045.jpg,18,train,data/raw/deepfashion/img/But_Not_Really_Muscle_Tee/img_00000045.jpg,top
img/Beauty_&_Brains_Muscle_Tee/img_00000032.jpg,18,train,data/raw/deepfashion/img/Beauty_&_Brains_Muscle_Tee/img_00000032.jpg,top
img/Ribbed_Asymmetrical_Zipper_Cardigan/img_00000011.jpg,6,train,data/raw/deepfashion/img/Ribbed_Asymmetrical_Zipper_Cardigan/img_00000011.jpg,top
img/Buttoned_Knit_Tank/img_00000004.jpg,17,train,data/raw/deepfashion/img/Buttoned_Knit_Tank/img_00000004.jpg,top
img/Paris_Graphic_Tee/img_00000030.jpg,18,train,data/raw/deepfashion/img/Paris_Graphic_Tee/img_00000030.jpg,top
img/Zip_Collar_Bomber/img_00000045.jpg,4,train,data/raw/deepfashion/img/Zip_Collar_Bomber/img_00000045.jpg,top
img/Basquiat_Crown_Tee/img_00000035.jpg,18,train,data/raw/deepfashion/img/Basquiat_Crown_Tee/img_00000035.jpg,top
img/Clustered_Floral_Heathered_Tee/img_00000014.jpg,18,train,data/raw/deepfashion/img/Clustered_Floral_Heathered_Tee/img_00000014.jpg,top
img/The_Beatles_Baseball_Tee/img_00000034.jpg,18,train,data/raw/deepfashion/img/The_Beatles_Baseball_Tee/img_00000034.jpg,top
img/Married_To_The_Mob_MTTB_Tank/img_00000006.jpg,17,train,data/raw/deepfashion/img/Married_To_The_Mob_MTTB_Tank/img_00000006.jpg,top
img/Mirrored_Palm_Print_Tee/img_00000016.jpg,18,train,data/raw/deepfashion/img/Mirrored_Palm_Print_Tee/img_00000016.jpg,top
img/Rugby-Striped_Boxy_Tee/img_00000003.jpg,18,train,data/raw/deepfashion/img/Rugby-Striped_Boxy_Tee/img_00000003.jpg,top
img/Two-Tone_Chunky_Cardigan/img_00000003.jpg,6,train,data/raw/deepfashion/img/Two-Tone_Chunky_Cardigan/img_00000003.jpg,top
img/Boxy_Illusion_Neckline_Top/img_00000002.jpg,19,train,data/raw/deepfashion/img/Boxy_Illusion_Neckline_Top/img_00000002.jpg,top
img/Knit_Dolman_Cardigan/img_00000023.jpg,6,train,data/raw/deepfashion/img/Knit_Dolman_Cardigan/img_00000023.jpg,top
img/Tie-Dye_Longline_Cardigan/img_00000010.jpg,6,train,data/raw/deepfashion/img/Tie-Dye_Longline_Cardigan/img_00000010.jpg,top
img/Chambray-Trim_Pocket_Tee/img_00000044.jpg,18,train,data/raw/deepfashion/img/Chambray-Trim_Pocket_Tee/img_00000044.jpg,top
img/Slouchy_Twill_Utility_Jacket/img_00000012.jpg,11,train,data/raw/deepfashion/img/Slouchy_Twill_Utility_Jacket/img_00000012.jpg,top
img/Abstract_Geo_Print_Blouse/img_00000078.jpg,3,train,data/raw/deepfashion/img/Abstract_Geo_Print_Blouse/img_00000078.jpg,top
img/Heart_Printed_Tie-Neck_Blouse/img_00000081.jpg,3,train,data/raw/deepfashion/img/Heart_Printed_Tie-Neck_Blouse/img_00000081.jpg,top
img/Paisley_Tribal_Print_Tee/img_00000046.jpg,18,train,data/raw/deepfashion/img/Paisley_Tribal_Print_Tee/img_00000046.jpg,top
img/Paris_Graphic_Tee/img_00000056.jpg,18,train,data/raw/deepfashion/img/Paris_Graphic_Tee/img_00000056.jpg,top
img/Bandana_Print_Crop_Top/img_00000057.jpg,19,train,data/raw/deepfashion/img/Bandana_Print_Crop_Top/img_00000057.jpg,top
img/Textured_Knit_Open-Front_Cardigan/img_00000005.jpg,6,train,data/raw/deepfashion/img/Textured_Knit_Open-Front_Cardigan/img_00000005.jpg,top
img/DEFYANT_Faux-Leather_Paneled_Mesh_Tee/img_00000020.jpg,18,train,data/raw/deepfashion/img/DEFYANT_Faux-Leather_Paneled_Mesh_Tee/img_00000020.jpg,top
img/The_Rolling_Stones_Graphic_Tee/img_00000065.jpg,18,train,data/raw/deepfashion/img/The_Rolling_Stones_Graphic_Tee/img_00000065.jpg,top
img/Colorblock_Athletic_Tank/img_00000006.jpg,17,train,data/raw/deepfashion/img/Colorblock_Athletic_Tank/img_00000006.jpg,top
img/Striped_Boat_neck_Tee/img_00000070.jpg,18,train,data/raw/deepfashion/img/Striped_Boat_neck_Tee/img_00000070.jpg,top
img/Buttoned_Baseball_Tee/img_00000010.jpg,18,train,data/raw/deepfashion/img/Buttoned_Baseball_Tee/img_00000010.jpg,top
img/Faux_Leather_Peplum_Jacket/img_00000020.jpg,11,train,data/raw/deepfashion/img/Faux_Leather_Peplum_Jacket/img_00000020.jpg,top
img/Miami_Heat_Graphic_Tank/img_00000030.jpg,17,train,data/raw/deepfashion/img/Miami_Heat_Graphic_Tank/img_00000030.jpg,top
img/Ribbed_Knit_Cardigan/img_00000054.jpg,6,train,data/raw/deepfashion/img/Ribbed_Knit_Cardigan/img_00000054.jpg,top
img/Asymmetric_Zip-Front_Cardigan/img_00000051.jpg,6,train,data/raw/deepfashion/img/Asymmetric_Zip-Front_Cardigan/img_00000051.jpg,top
img/Colorblocked_Faux_Leather_Varsity_Jacket/img_00000025.jpg,11,train,data/raw/deepfashion/img/Colorblocked_Faux_Leather_Varsity_Jacket/img_00000025.jpg,top
img/Boxy_Crepe_Top/img_00000040.jpg,19,train,data/raw/deepfashion/img/Boxy_Crepe_Top/img_00000040.jpg,top
img/Classic_Self-Tie_Blouse/img_00000019.jpg,3,train,data/raw/deepfashion/img/Classic_Self-Tie_Blouse/img_00000019.jpg,top
img/Boxy_Winged_Tee/img_00000009.jpg,18,train,data/raw/deepfashion/img/Boxy_Winged_Tee/img_00000009.jpg,top
img/Classic_Raglan_Tee/img_00000050.jpg,18,train,data/raw/deepfashion/img/Classic_Raglan_Tee/img_00000050.jpg,top
img/Cuffed-Sleeve_Pocket_Tee/img_00000034.jpg,18,train,data/raw/deepfashion/img/Cuffed-Sleeve_Pocket_Tee/img_00000034.jpg,top
img/Free_Spirit_Kimono_Cardigan/img_00000002.jpg,6,train,data/raw/deepfashion/img/Free_Spirit_Kimono_Cardigan/img_00000002.jpg,top
img/Camouflage_Utility_Jacket/img_00000003.jpg,11,train,data/raw/deepfashion/img/Camouflage_Utility_Jacket/img_00000003.jpg,top
img/Control_Sector_Shard_Print_Tee/img_00000016.jpg,18,train,data/raw/deepfashion/img/Control_Sector_Shard_Print_Tee/img_00000016.jpg,top
img/Racerback_Tank/img_00000026.jpg,17,train,data/raw/deepfashion/img/Racerback_Tank/img_00000026.jpg,top
img/Essential_Raglan_Tee/img_00000025.jpg,18,train,data/raw/deepfashion/img/Essential_Raglan_Tee/img_00000025.jpg,top
img/Floral_Eyelet_Tank/img_00000029.jpg,17,train,data/raw/deepfashion/img/Floral_Eyelet_Tank/img_00000029.jpg,top
img/Ombr&eacute;_Heart_Muscle_Tee/img_00000027.jpg,18,train,data/raw/deepfashion/img/Ombr&eacute;_Heart_Muscle_Tee/img_00000027.jpg,top
img/Tie-Dye_Boxy_Tee/img_00000015.jpg,18,train,data/raw/deepfashion/img/Tie-Dye_Boxy_Tee/img_00000015.jpg,top
img/Two-Pocket_Cardigan/img_00000065.jpg,6,train,data/raw/deepfashion/img/Two-Pocket_Cardigan/img_00000065.jpg,top
img/Structured_Quilted_Jacket/img_00000032.jpg,11,train,data/raw/deepfashion/img/Structured_Quilted_Jacket/img_00000032.jpg,top
img/I_Need_Coffee_Tee/img_00000027.jpg,18,train,data/raw/deepfashion/img/I_Need_Coffee_Tee/img_00000027.jpg,top
img/Classic_Crocheted_Lace_Blouse/img_00000004.jpg,3,train,data/raw/deepfashion/img/Classic_Crocheted_Lace_Blouse/img_00000004.jpg,top
img/Married_To_The_Mob_Next_Tee/img_00000019.jpg,18,train,data/raw/deepfashion/img/Married_To_The_Mob_Next_Tee/img_00000019.jpg,top
img/Polka_Dot_Baseball_Tee/img_00000015.jpg,18,train,data/raw/deepfashion/img/Polka_Dot_Baseball_Tee/img_00000015.jpg,top
img/Time_To_Shine_Tee/img_00000040.jpg,18,train,data/raw/deepfashion/img/Time_To_Shine_Tee/img_00000040.jpg,top
img/Longline_Chiffon_Cardigan/img_00000011.jpg,6,train,data/raw/deepfashion/img/Longline_Chiffon_Cardigan/img_00000011.jpg,top
img/Best_Friend_Muscle_Tee/img_00000018.jpg,18,train,data/raw/deepfashion/img/Best_Friend_Muscle_Tee/img_00000018.jpg,top
img/Abstract_Slub_Knit_Top/img_00000013.jpg,19,train,data/raw/deepfashion/img/Abstract_Slub_Knit_Top/img_00000013.jpg,top
img/Heathered_Ribbed-Knit_Cardigan/img_00000005.jpg,6,train,data/raw/deepfashion/img/Heathered_Ribbed-Knit_Cardigan/img_00000005.jpg,top
img/Athletic_Mesh_Sports_Tank/img_00000053.jpg,17,train,data/raw/deepfashion/img/Athletic_Mesh_Sports_Tank/img_00000053.jpg,top
img/Draped_Pocket_Kimono_Cardigan/img_00000040.jpg,6,train,data/raw/deepfashion/img/Draped_Pocket_Kimono_Cardigan/img_00000040.jpg,top
img/Polka_Dot_Tee/img_00000036.jpg,18,train,data/raw/deepfashion/img/Polka_Dot_Tee/img_00000036.jpg,top
img/Hooded_Twill_Field_Jacket/img_00000026.jpg,11,train,data/raw/deepfashion/img/Hooded_Twill_Field_Jacket/img_00000026.jpg,top
img/Macram&eacute;-Back_LA_Tank/img_00000012.jpg,17,train,data/raw/deepfashion/img/Macram&eacute;-Back_LA_Tank/img_00000012.jpg,top
img/Classic_Raglan_Tee/img_00000007.jpg,18,train,data/raw/deepfashion/img/Classic_Raglan_Tee/img_00000007.jpg,top
img/Distressed_Splatter_Print_Tee/img_00000041.jpg,18,train,data/raw/deepfashion/img/Distressed_Splatter_Print_Tee/img_00000041.jpg,top
img/Faded_Floral_Print_Tank/img_00000012.jpg,17,train,data/raw/deepfashion/img/Faded_Floral_Print_Tank/img_00000012.jpg,top
img/Boxy_Split-Neck_Blouse/img_00000104.jpg,3,train,data/raw/deepfashion/img/Boxy_Split-Neck_Blouse/img_00000104.jpg,top
img/Layered_Chiffon_Blouse/img_00000018.jpg,3,train,data/raw/deepfashion/img/Layered_Chiffon_Blouse/img_00000018.jpg,top
img/Boxy_Eyelash_Crochet_Top/img_00000020.jpg,19,train,data/raw/deepfashion/img/Boxy_Eyelash_Crochet_Top/img_00000020.jpg,top
img/Mixed_Geo_Print_Tee/img_00000014.jpg,18,train,data/raw/deepfashion/img/Mixed_Geo_Print_Tee/img_00000014.jpg,top
img/Slub_Knit_Tank/img_00000020.jpg,17,train,data/raw/deepfashion/img/Slub_Knit_Tank/img_00000020.jpg,top
img/Zippered_Bomber_Jacket/img_00000057.jpg,11,train,data/raw/deepfashion/img/Zippered_Bomber_Jacket/img_00000057.jpg,top
img/Sushi_Roll_Graphic_Tee/img_00000002.jpg,18,train,data/raw/deepfashion/img/Sushi_Roll_Graphic_Tee/img_00000002.jpg,top
img/Los_Angeles_Lakers_Baseball_Tee/img_00000035.jpg,18,train,data/raw/deepfashion/img/Los_Angeles_Lakers_Baseball_Tee/img_00000035.jpg,top
img/Slub_Knit_Perfect_Tee/img_00000031.jpg,18,train,data/raw/deepfashion/img/Slub_Knit_Perfect_Tee/img_00000031.jpg,top
img/Classic_Cotton_Tee/img_00000009.jpg,18,train,data/raw/deepfashion/img/Classic_Cotton_Tee/img_00000009.jpg,top
img/Crochet-Trimmed_Blouse/img_00000021.jpg,3,train,data/raw/deepfashion/img/Crochet-Trimmed_Blouse/img_00000021.jpg,top
img/Basic_Athletic_Racerback_Tank/img_00000038.jpg,17,train,data/raw/deepfashion/img/Basic_Athletic_Racerback_Tank/img_00000038.jpg,top
img/Dot-Patterned_Tank/img_00000012.jpg,17,train,data/raw/deepfashion/img/Dot-Patterned_Tank/img_00000012.jpg,top
img/Open-Front_Jersey_Cardigan/img_00000010.jpg,6,train,data/raw/deepfashion/img/Open-Front_Jersey_Cardigan/img_00000010.jpg,top
img/Tulip_Back_Crepe_Blouse/img_00000092.jpg,3,train,data/raw/deepfashion/img/Tulip_Back_Crepe_Blouse/img_00000092.jpg,top
img/Fringed_Open-Front_Cardigan/img_00000016.jpg,6,train,data/raw/deepfashion/img/Fringed_Open-Front_Cardigan/img_00000016.jpg,top
img/Mascot_Graphic_Tee/img_00000019.jpg,18,train,data/raw/deepfashion/img/Mascot_Graphic_Tee/img_00000019.jpg,top
img/Southwestern_Pattern_Trim_Tee/img_00000031.jpg,18,train,data/raw/deepfashion/img/Southwestern_Pattern_Trim_Tee/img_00000031.jpg,top
img/World_Traveler_Muscle_Tee/img_00000014.jpg,18,train,data/raw/deepfashion/img/World_Traveler_Muscle_Tee/img_00000014.jpg,top
img/Ruffled_Tie-Neck_Blouse/img_00000002.jpg,3,train,data/raw/deepfashion/img/Ruffled_Tie-Neck_Blouse/img_00000002.jpg,top
img/L.A._Graphic_Tee/img_00000013.jpg,18,train,data/raw/deepfashion/img/L.A._Graphic_Tee/img_00000013.jpg,top
img/Blah_Blah_Blah_Tee/img_00000017.jpg,18,train,data/raw/deepfashion/img/Blah_Blah_Blah_Tee/img_00000017.jpg,top
img/Baroque_Print_Blouse/img_00000026.jpg,3,train,data/raw/deepfashion/img/Baroque_Print_Blouse/img_00000026.jpg,top
img/Scalloped_Crochet_Tank/img_00000007.jpg,17,train,data/raw/deepfashion/img/Scalloped_Crochet_Tank/img_00000007.jpg,top
img/Draped_Marled_Knit_Cardigan/img_00000023.jpg,6,train,data/raw/deepfashion/img/Draped_Marled_Knit_Cardigan/img_00000023.jpg,top
img/Buttoned_Cami_Crop_Top/img_00000015.jpg,19,train,data/raw/deepfashion/img/Buttoned_Cami_Crop_Top/img_00000015.jpg,top
img/Collared_Plaid_Blouse/img_00000049.jpg,3,train,data/raw/deepfashion/img/Collared_Plaid_Blouse/img_00000049.jpg,top
img/Curved_Hem_Racerback_Tank/img_00000035.jpg,17,train,data/raw/deepfashion/img/Curved_Hem_Racerback_Tank/img_00000035.jpg,top
img/Mixed_Ornate_Print_Blouse/img_00000005.jpg,3,train,data/raw/deepfashion/img/Mixed_Ornate_Print_Blouse/img_00000005.jpg,top
img/Chiffon_Maxi_Cardigan/img_00000068.jpg,6,train,data/raw/deepfashion/img/Chiffon_Maxi_Cardigan/img_00000068.jpg,top
img/Contrast-Piped_Blouse/img_00000029.jpg,3,train,data/raw/deepfashion/img/Contrast-Piped_Blouse/img_00000029.jpg,top
img/High-Low_Longline_Tee/img_00000037.jpg,18,train,data/raw/deepfashion/img/High-Low_Longline_Tee/img_00000037.jpg,top
img/Polka_Dot_Chambray_Button-Down/img_00000035.jpg,5,train,data/raw/deepfashion/img/Polka_Dot_Chambray_Button-Down/img_00000035.jpg,top
img/Boxy_Grid_Print_Top/img_00000003.jpg,19,train,data/raw/deepfashion/img/Boxy_Grid_Print_Top/img_00000003.jpg,top
img/Hooded_Puffer_Jacket/img_00000047.jpg,11,train,data/raw/deepfashion/img/Hooded_Puffer_Jacket/img_00000047.jpg,top
img/Boxy_Striped_Crop_Top/img_00000014.jpg,19,train,data/raw/deepfashion/img/Boxy_Striped_Crop_Top/img_00000014.jpg,top
img/Gross_Graphic_Tee/img_00000023.jpg,18,train,data/raw/deepfashion/img/Gross_Graphic_Tee/img_00000023.jpg,top
img/Colorblocked_Tee/img_00000029.jpg,18,train,data/raw/deepfashion/img/Colorblocked_Tee/img_00000029.jpg,top
img/Asymmetric_Zip-Front_Cardigan/img_00000039.jpg,6,train,data/raw/deepfashion/img/Asymmetric_Zip-Front_Cardigan/img_00000039.jpg,top
img/Button-Down_Maxi_Cardigan/img_00000055.jpg,6,train,data/raw/deepfashion/img/Button-Down_Maxi_Cardigan/img_00000055.jpg,top
img/Things_I_Love_Tee/img_00000029.jpg,18,train,data/raw/deepfashion/img/Things_I_Love_Tee/img_00000029.jpg,top
img/Heathered_Knit_Longline_Jacket/img_00000021.jpg,11,train,data/raw/deepfashion/img/Heathered_Knit_Longline_Jacket/img_00000021.jpg,top
img/Angel-Sleeved_Top/img_00000003.jpg,19,train,data/raw/deepfashion/img/Angel-Sleeved_Top/img_00000003.jpg,top
img/Off-The-Shoulder_Blouse/img_00000076.jpg,3,train,data/raw/deepfashion/img/Off-The-Shoulder_Blouse/img_00000076.jpg,top
img/Oversized_Fuzzy_Knit_Cardigan/img_00000022.jpg,6,train,data/raw/deepfashion/img/Oversized_Fuzzy_Knit_Cardigan/img_00000022.jpg,top
img/Rugrats_Graphic_Tee/img_00000050.jpg,18,train,data/raw/deepfashion/img/Rugrats_Graphic_Tee/img_00000050.jpg,top
img/Striped_Slub_Knit_Tank/img_00000023.jpg,17,train,data/raw/deepfashion/img/Striped_Slub_Knit_Tank/img_00000023.jpg,top
img/Longline_Collared_Crepe_Jacket/img_00000009.jpg,11,train,data/raw/deepfashion/img/Longline_Collared_Crepe_Jacket/img_00000009.jpg,top
img/Classic_Distressed_Denim_Jacket/img_00000010.jpg,11,train,data/raw/deepfashion/img/Classic_Distressed_Denim_Jacket/img_00000010.jpg,top
img/Chambray_Halter_Top/img_00000011.jpg,19,train,data/raw/deepfashion/img/Chambray_Halter_Top/img_00000011.jpg,top
img/Striped_Stretch-Knit_Tee/img_00000011.jpg,18,train,data/raw/deepfashion/img/Striped_Stretch-Knit_Tee/img_00000011.jpg,top
img/Abstract_Print_Zipper_Blouse/img_00000061.jpg,3,train,data/raw/deepfashion/img/Abstract_Print_Zipper_Blouse/img_00000061.jpg,top
img/Abstract_Print_Twist-Back_Blouse/img_00000046.jpg,3,train,data/raw/deepfashion/img/Abstract_Print_Twist-Back_Blouse/img_00000046.jpg,top
img/Zip-Up_Puffer_Jacket/img_00000049.jpg,11,train,data/raw/deepfashion/img/Zip-Up_Puffer_Jacket/img_00000049.jpg,top
img/Embroidered_Split_Neck_Peasant_Blouse/img_00000080.jpg,3,train,data/raw/deepfashion/img/Embroidered_Split_Neck_Peasant_Blouse/img_00000080.jpg,top
img/Open-Back_Blouse/img_00000009.jpg,3,train,data/raw/deepfashion/img/Open-Back_Blouse/img_00000009.jpg,top
img/Classic_Cotton_Jersey_Tee/img_00000035.jpg,18,train,data/raw/deepfashion/img/Classic_Cotton_Jersey_Tee/img_00000035.jpg,top
img/Rose_Print_Knit_Tee/img_00000003.jpg,18,train,data/raw/deepfashion/img/Rose_Print_Knit_Tee/img_00000003.jpg,top
img/Marled_Knit_Cardigan/img_00000002.jpg,6,train,data/raw/deepfashion/img/Marled_Knit_Cardigan/img_00000002.jpg,top
img/Two-Pocket_Cardigan/img_00000071.jpg,6,train,data/raw/deepfashion/img/Two-Pocket_Cardigan/img_00000071.jpg,top
img/Slub_Knit_Buttoned-Back_Blouse/img_00000128.jpg,3,train,data/raw/deepfashion/img/Slub_Knit_Buttoned-Back_Blouse/img_00000128.jpg,top
img/Cotton_V-Neck_Tee/img_00000073.jpg,18,train,data/raw/deepfashion/img/Cotton_V-Neck_Tee/img_00000073.jpg,top
img/Perfect_Graphic_Tee/img_00000005.jpg,18,train,data/raw/deepfashion/img/Perfect_Graphic_Tee/img_00000005.jpg,top
img/Rose_Print_Tee/img_00000007.jpg,18,train,data/raw/deepfashion/img/Rose_Print_Tee/img_00000007.jpg,top
img/Heathered_Shawl_Collar_Cardigan/img_00000044.jpg,6,train,data/raw/deepfashion/img/Heathered_Shawl_Collar_Cardigan/img_00000044.jpg,top
img/Bandana_Print_Layered_Tee/img_00000027.jpg,18,train,data/raw/deepfashion/img/Bandana_Print_Layered_Tee/img_00000027.jpg,top
img/Ruffle-Trimmed_Blouse/img_00000034.jpg,3,train,data/raw/deepfashion/img/Ruffle-Trimmed_Blouse/img_00000034.jpg,top
img/Crochet_Woven_Blouse/img_00000104.jpg,3,train,data/raw/deepfashion/img/Crochet_Woven_Blouse/img_00000104.jpg,top
img/Polka_Dot_Chambray_Button-Down/img_00000075.jpg,5,train,data/raw/deepfashion/img/Polka_Dot_Chambray_Button-Down/img_00000075.jpg,top
img/Sleek_Draped_Blouse/img_00000067.jpg,3,train,data/raw/deepfashion/img/Sleek_Draped_Blouse/img_00000067.jpg,top
img/Distressed_Mickey_Muscle_Tee/img_00000023.jpg,18,train,data/raw/deepfashion/img/Distressed_Mickey_Muscle_Tee/img_00000023.jpg,top
img/Longline_Denim_Jacket/img_00000029.jpg,11,train,data/raw/deepfashion/img/Longline_Denim_Jacket/img_00000029.jpg,top
img/Mandarin_Collar_Pocket_Blouse/img_00000075.jpg,3,train,data/raw/deepfashion/img/Mandarin_Collar_Pocket_Blouse/img_00000075.jpg,top
img/Micro-Striped_Suit_Jacket/img_00000009.jpg,11,train,data/raw/deepfashion/img/Micro-Striped_Suit_Jacket/img_00000009.jpg,top
img/Heart_Print_Boxy_Tee/img_00000036.jpg,18,train,data/raw/deepfashion/img/Heart_Print_Boxy_Tee/img_00000036.jpg,top
img/Soft_Stripe_Crochet_Tank/img_00000011.jpg,17,train,data/raw/deepfashion/img/Soft_Stripe_Crochet_Tank/img_00000011.jpg,top
img/Paisley_Dolman_Cardigan/img_00000017.jpg,6,train,data/raw/deepfashion/img/Paisley_Dolman_Cardigan/img_00000017.jpg,top
img/Drape-Front_Shawl_Collar_Jacket/img_00000015.jpg,11,train,data/raw/deepfashion/img/Drape-Front_Shawl_Collar_Jacket/img_00000015.jpg,top
img/Angel-Sleeved_Top/img_00000055.jpg,19,train,data/raw/deepfashion/img/Angel-Sleeved_Top/img_00000055.jpg,top
img/Crisscross_Neckline_Peasant_Blouse/img_00000012.jpg,3,train,data/raw/deepfashion/img/Crisscross_Neckline_Peasant_Blouse/img_00000012.jpg,top
img/Baroque_Print_Tee/img_00000024.jpg,18,train,data/raw/deepfashion/img/Baroque_Print_Tee/img_00000024.jpg,top
img/Heathered_Tank/img_00000005.jpg,17,train,data/raw/deepfashion/img/Heathered_Tank/img_00000005.jpg,top
img/Speckled_Slub_Knit_Blouse/img_00000081.jpg,3,train,data/raw/deepfashion/img/Speckled_Slub_Knit_Blouse/img_00000081.jpg,top
img/Polka_Dot_Chambray_Button-Down/img_00000045.jpg,5,train,data/raw/deepfashion/img/Polka_Dot_Chambray_Button-Down/img_00000045.jpg,top
img/TMNT_Graphic_Tee/img_00000052.jpg,18,train,data/raw/deepfashion/img/TMNT_Graphic_Tee/img_00000052.jpg,top
img/Bow_Print_Ruffled_Blouse/img_00000023.jpg,3,train,data/raw/deepfashion/img/Bow_Print_Ruffled_Blouse/img_00000023.jpg,top
img/Southwestern_Burnout_Tee/img_00000043.jpg,18,train,data/raw/deepfashion/img/Southwestern_Burnout_Tee/img_00000043.jpg,top
img/Faux_Shearling_Moto_Jacket/img_00000035.jpg,11,train,data/raw/deepfashion/img/Faux_Shearling_Moto_Jacket/img_00000035.jpg,top
img/Abstract_Print_Woven_Cardigan/img_00000032.jpg,6,train,data/raw/deepfashion/img/Abstract_Print_Woven_Cardigan/img_00000032.jpg,top
img/Tropical_Print_Tank/img_00000026.jpg,17,train,data/raw/deepfashion/img/Tropical_Print_Tank/img_00000026.jpg,top
img/Baseball_Stripe_Tee/img_00000034.jpg,18,train,data/raw/deepfashion/img/Baseball_Stripe_Tee/img_00000034.jpg,top
img/Leaf_Print_Blouse/img_00000027.jpg,3,train,data/raw/deepfashion/img/Leaf_Print_Blouse/img_00000027.jpg,top
img/Ikat_Print_Chiffon_Blouse/img_00000072.jpg,3,train,data/raw/deepfashion/img/Ikat_Print_Chiffon_Blouse/img_00000072.jpg,top
img/Crochet_Maxi_Cardigan/img_00000006.jpg,6,train,data/raw/deepfashion/img/Crochet_Maxi_Cardigan/img_00000006.jpg,top
img/Striped_Slub_Knit_Tank/img_00000016.jpg,17,train,data/raw/deepfashion/img/Striped_Slub_Knit_Tank/img_00000016.jpg,top
img/Crochet_Lace-Paneled_Blouse/img_00000010.jpg,3,train,data/raw/deepfashion/img/Crochet_Lace-Paneled_Blouse/img_00000010.jpg,top
img/Sheer_Lace_&_Chiffon_Blouse/img_00000130.jpg,3,train,data/raw/deepfashion/img/Sheer_Lace_&_Chiffon_Blouse/img_00000130.jpg,top
img/Side-Slit_Muscle_Tee/img_00000033.jpg,18,train,data/raw/deepfashion/img/Side-Slit_Muscle_Tee/img_00000033.jpg,top
img/Contrast-Piped_Blouse/img_00000082.jpg,3,train,data/raw/deepfashion/img/Contrast-Piped_Blouse/img_00000082.jpg,top
img/Longline_Faux_Fur_Jacket/img_00000003.jpg,11,train,data/raw/deepfashion/img/Longline_Faux_Fur_Jacket/img_00000003.jpg,top
img/Animal_Print_Satin_Blouse/img_00000033.jpg,3,train,data/raw/deepfashion/img/Animal_Print_Satin_Blouse/img_00000033.jpg,top
img/Striped_Mesh_Running_Tank/img_00000024.jpg,17,train,data/raw/deepfashion/img/Striped_Mesh_Running_Tank/img_00000024.jpg,top
img/Abstract_Print_Woven_Cardigan/img_00000017.jpg,6,train,data/raw/deepfashion/img/Abstract_Print_Woven_Cardigan/img_00000017.jpg,top
img/Windowpane_Print_Blouse/img_00000047.jpg,3,train,data/raw/deepfashion/img/Windowpane_Print_Blouse/img_00000047.jpg,top
img/Mixed_Knit_Cardigan/img_00000036.jpg,6,train,data/raw/deepfashion/img/Mixed_Knit_Cardigan/img_00000036.jpg,top
img/Bike_Print_Tee/img_00000045.jpg,18,train,data/raw/deepfashion/img/Bike_Print_Tee/img_00000045.jpg,top
img/Ruffled-Sleeve_Layered_Blouse/img_00000042.jpg,3,train,data/raw/deepfashion/img/Ruffled-Sleeve_Layered_Blouse/img_00000042.jpg,top
img/To_Get_Likes_Tee/img_00000071.jpg,18,train,data/raw/deepfashion/img/To_Get_Likes_Tee/img_00000071.jpg,top
img/Ruffled_Floral_Chiffon_Blouse/img_00000028.jpg,3,train,data/raw/deepfashion/img/Ruffled_Floral_Chiffon_Blouse/img_00000028.jpg,top
img/Layered_Split-Front_Blouse/img_00000061.jpg,3,train,data/raw/deepfashion/img/Layered_Split-Front_Blouse/img_00000061.jpg,top
img/Fringed_Floral_Crochet_Tank/img_00000017.jpg,17,train,data/raw/deepfashion/img/Fringed_Floral_Crochet_Tank/img_00000017.jpg,top
img/Striped_Stretch-Knit_Tee/img_00000038.jpg,18,train,data/raw/deepfashion/img/Striped_Stretch-Knit_Tee/img_00000038.jpg,top
img/Windowpane_Floral_Crochet_Blouse/img_00000049.jpg,3,train,data/raw/deepfashion/img/Windowpane_Floral_Crochet_Blouse/img_00000049.jpg,top
img/Oversized_Floral_Print_Pocket_Tee/img_00000023.jpg,18,train,data/raw/deepfashion/img/Oversized_Floral_Print_Pocket_Tee/img_00000023.jpg,top
img/Aerosmith_Raglan_Top/img_00000051.jpg,19,train,data/raw/deepfashion/img/Aerosmith_Raglan_Top/img_00000051.jpg,top
img/Collarless_V-Neck_Blouse/img_00000049.jpg,3,train,data/raw/deepfashion/img/Collarless_V-Neck_Blouse/img_00000049.jpg,top
img/Boat_Neck_Striped_Top/img_00000027.jpg,19,train,data/raw/deepfashion/img/Boat_Neck_Striped_Top/img_00000027.jpg,top
img/Abstract_Cutout-Back_Top/img_00000033.jpg,19,train,data/raw/deepfashion/img/Abstract_Cutout-Back_Top/img_00000033.jpg,top
img/Contrast-Trimmed_Heathered_Tank/img_00000029.jpg,17,train,data/raw/deepfashion/img/Contrast-Trimmed_Heathered_Tank/img_00000029.jpg,top
img/Van_Halen_Cutout_Muscle_Tee/img_00000001.jpg,18,train,data/raw/deepfashion/img/Van_Halen_Cutout_Muscle_Tee/img_00000001.jpg,top
img/Burnout_Knit_Tee/img_00000034.jpg,18,train,data/raw/deepfashion/img/Burnout_Knit_Tee/img_00000034.jpg,top
img/Crepe_Henley_Blouse/img_00000033.jpg,3,train,data/raw/deepfashion/img/Crepe_Henley_Blouse/img_00000033.jpg,top
img/Sheer_Beaded_Blouse/img_00000068.jpg,3,train,data/raw/deepfashion/img/Sheer_Beaded_Blouse/img_00000068.jpg,top
img/Collared_Plaid_Blouse/img_00000073.jpg,3,train,data/raw/deepfashion/img/Collared_Plaid_Blouse/img_00000073.jpg,top
img/Split-Back_Pleated_Blouse/img_00000028.jpg,3,train,data/raw/deepfashion/img/Split-Back_Pleated_Blouse/img_00000028.jpg,top
img/Abstract_Varsity-Striped_Top/img_00000020.jpg,19,train,data/raw/deepfashion/img/Abstract_Varsity-Striped_Top/img_00000020.jpg,top
img/Drapey_Muscle_Tee/img_00000036.jpg,18,train,data/raw/deepfashion/img/Drapey_Muscle_Tee/img_00000036.jpg,top
img/Windowpane_Print_Blouse/img_00000046.jpg,3,train,data/raw/deepfashion/img/Windowpane_Print_Blouse/img_00000046.jpg,top
img/Ibiza_Muscle_Tee/img_00000022.jpg,18,train,data/raw/deepfashion/img/Ibiza_Muscle_Tee/img_00000022.jpg,top
img/Heathered_V-Neck_Tee/img_00000032.jpg,18,train,data/raw/deepfashion/img/Heathered_V-Neck_Tee/img_00000032.jpg,top
img/Play_With_My_Hair_Tee/img_00000038.jpg,18,train,data/raw/deepfashion/img/Play_With_My_Hair_Tee/img_00000038.jpg,top
img/Embroidered_Lace-Trimmed_Muscle_Tee/img_00000006.jpg,18,train,data/raw/deepfashion/img/Embroidered_Lace-Trimmed_Muscle_Tee/img_00000006.jpg,top
img/Tie-Dye_Paradise_Tank/img_00000049.jpg,17,train,data/raw/deepfashion/img/Tie-Dye_Paradise_Tank/img_00000049.jpg,top
img/Heathered_Fleece-Lined_Cardigan/img_00000006.jpg,6,train,data/raw/deepfashion/img/Heathered_Fleece-Lined_Cardigan/img_00000006.jpg,top
img/Abstract_Grid-Patterned_Top/img_00000011.jpg,19,train,data/raw/deepfashion/img/Abstract_Grid-Patterned_Top/img_00000011.jpg,top
img/Paint_Splatter_Tank/img_00000017.jpg,17,train,data/raw/deepfashion/img/Paint_Splatter_Tank/img_00000017.jpg,top
img/Cali_State_of_Mind_Tank/img_00000022.jpg,17,train,data/raw/deepfashion/img/Cali_State_of_Mind_Tank/img_00000022.jpg,top
img/Curved_Hem_Ribbed_Tank/img_00000024.jpg,17,train,data/raw/deepfashion/img/Curved_Hem_Ribbed_Tank/img_00000024.jpg,top
img/Sleek_Woven_Pocket_Blouse/img_00000059.jpg,3,train,data/raw/deepfashion/img/Sleek_Woven_Pocket_Blouse/img_00000059.jpg,top
img/Tartan_Plaid_Woven_Tee/img_00000008.jpg,18,train,data/raw/deepfashion/img/Tartan_Plaid_Woven_Tee/img_00000008.jpg,top
img/Layered-Panel_Chiffon_Blouse/img_00000082.jpg,3,train,data/raw/deepfashion/img/Layered-Panel_Chiffon_Blouse/img_00000082.jpg,top
img/Cropped_Faux_Fur_Jacket/img_00000027.jpg,11,train,data/raw/deepfashion/img/Cropped_Faux_Fur_Jacket/img_00000027.jpg,top
img/Boxy_Texture-Striped_Top/img_00000020.jpg,19,train,data/raw/deepfashion/img/Boxy_Texture-Striped_Top/img_00000020.jpg,top
img/Collarless_V-Neck_Blouse/img_00000067.jpg,3,train,data/raw/deepfashion/img/Collarless_V-Neck_Blouse/img_00000067.jpg,top
img/Faux_Leather_&_Mesh_Jacket/img_00000069.jpg,11,train,data/raw/deepfashion/img/Faux_Leather_&_Mesh_Jacket/img_00000069.jpg,top
img/NYC_Tee/img_00000034.jpg,18,train,data/raw/deepfashion/img/NYC_Tee/img_00000034.jpg,top
img/Faux_Fur_Collar_Waffle_Knit_Cardigan/img_00000028.jpg,6,train,data/raw/deepfashion/img/Faux_Fur_Collar_Waffle_Knit_Cardigan/img_00000028.jpg,top
img/Fox_Print_Tee/img_00000071.jpg,18,train,data/raw/deepfashion/img/Fox_Print_Tee/img_00000071.jpg,top
img/Star_Print_Tank/img_00000029.jpg,17,train,data/raw/deepfashion/img/Star_Print_Tank/img_00000029.jpg,top
img/Faded_Denim_Jacket/img_00000038.jpg,11,train,data/raw/deepfashion/img/Faded_Denim_Jacket/img_00000038.jpg,top
img/Split-Neck_Chiffon_Blouse/img_00000040.jpg,3,train,data/raw/deepfashion/img/Split-Neck_Chiffon_Blouse/img_00000040.jpg,top
img/Boxy_Plaid_Flannel/img_00000002.jpg,7,train,data/raw/deepfashion/img/Boxy_Plaid_Flannel/img_00000002.jpg,top
img/Pink_Floyd_Knit_Tee/img_00000010.jpg,18,train,data/raw/deepfashion/img/Pink_Floyd_Knit_Tee/img_00000010.jpg,top
img/Draped_Longline_Cardigan/img_00000010.jpg,6,train,data/raw/deepfashion/img/Draped_Longline_Cardigan/img_00000010.jpg,top
img/Athletic_Mesh-Paneled_Track_Jacket/img_00000038.jpg,11,train,data/raw/deepfashion/img/Athletic_Mesh-Paneled_Track_Jacket/img_00000038.jpg,top
img/Embroidered_Chiffon_Blouse/img_00000063.jpg,3,train,data/raw/deepfashion/img/Embroidered_Chiffon_Blouse/img_00000063.jpg,top
img/Varsity-Striped_Heathered_Tee/img_00000013.jpg,18,train,data/raw/deepfashion/img/Varsity-Striped_Heathered_Tee/img_00000013.jpg,top
img/V-Neck_Shawl_Collar_Blouse/img_00000072.jpg,3,train,data/raw/deepfashion/img/V-Neck_Shawl_Collar_Blouse/img_00000072.jpg,top
img/Floral_Print_Raglan_Tee/img_00000025.jpg,18,train,data/raw/deepfashion/img/Floral_Print_Raglan_Tee/img_00000025.jpg,top
img/Life_in_Progress_Boxy_Denim_Jacket/img_00000002.jpg,11,train,data/raw/deepfashion/img/Life_in_Progress_Boxy_Denim_Jacket/img_00000002.jpg,top
img/Married_To_The_Mob_Shaved_My_Legs_Tank/img_00000006.jpg,17,train,data/raw/deepfashion/img/Married_To_The_Mob_Shaved_My_Legs_Tank/img_00000006.jpg,top
img/Basic_Tank/img_00000071.jpg,17,train,data/raw/deepfashion/img/Basic_Tank/img_00000071.jpg,top
img/Heathered_Pocket_Tee/img_00000047.jpg,18,train,data/raw/deepfashion/img/Heathered_Pocket_Tee/img_00000047.jpg,top
img/Basic_Athletic_Racerback_Tank/img_00000048.jpg,17,train,data/raw/deepfashion/img/Basic_Athletic_Racerback_Tank/img_00000048.jpg,top
img/Petal-Sleeved_Blouse/img_00000086.jpg,3,train,data/raw/deepfashion/img/Petal-Sleeved_Blouse/img_00000086.jpg,top
img/Chic_Sweater_Crop_Top/img_00000003.jpg,19,train,data/raw/deepfashion/img/Chic_Sweater_Crop_Top/img_00000003.jpg,top
img/Elephant_Graphic_Muscle_Tee/img_00000025.jpg,18,train,data/raw/deepfashion/img/Elephant_Graphic_Muscle_Tee/img_00000025.jpg,top
img/Tell_Me_I'm_Pretty_Graphic_Tee/img_00000046.jpg,18,train,data/raw/deepfashion/img/Tell_Me_I'm_Pretty_Graphic_Tee/img_00000046.jpg,top
img/Ruffled_Rose_Blouse/img_00000009.jpg,3,train,data/raw/deepfashion/img/Ruffled_Rose_Blouse/img_00000009.jpg,top
img/Checkered_Print_Chiffon_Blouse/img_00000024.jpg,3,train,data/raw/deepfashion/img/Checkered_Print_Chiffon_Blouse/img_00000024.jpg,top
img/Crisscross_Neckline_Peasant_Blouse/img_00000017.jpg,3,train,data/raw/deepfashion/img/Crisscross_Neckline_Peasant_Blouse/img_00000017.jpg,top
img/Georgette_Tulip_Back_Blouse/img_00000048.jpg,3,train,data/raw/deepfashion/img/Georgette_Tulip_Back_Blouse/img_00000048.jpg,top
img/Heart_Muscle_Tee/img_00000060.jpg,18,train,data/raw/deepfashion/img/Heart_Muscle_Tee/img_00000060.jpg,top
img/Micro-Striped_Crew_Neck_Tee/img_00000003.jpg,18,train,data/raw/deepfashion/img/Micro-Striped_Crew_Neck_Tee/img_00000003.jpg,top
img/Flutter_Sleeve_Blouse/img_00000124.jpg,3,train,data/raw/deepfashion/img/Flutter_Sleeve_Blouse/img_00000124.jpg,top
img/Gauze_Layered-Trim_Blouse/img_00000070.jpg,3,train,data/raw/deepfashion/img/Gauze_Layered-Trim_Blouse/img_00000070.jpg,top
img/Grumpy_Cat_Graphic_Tee/img_00000036.jpg,18,train,data/raw/deepfashion/img/Grumpy_Cat_Graphic_Tee/img_00000036.jpg,top
img/Sunburst_Crochet_Fringe_Tank/img_00000028.jpg,17,train,data/raw/deepfashion/img/Sunburst_Crochet_Fringe_Tank/img_00000028.jpg,top
img/Chevron-Patterned_Zippered_Cardigan/img_00000042.jpg,6,train,data/raw/deepfashion/img/Chevron-Patterned_Zippered_Cardigan/img_00000042.jpg,top
img/Tasseled_Tribal_Print_Cardigan/img_00000011.jpg,6,train,data/raw/deepfashion/img/Tasseled_Tribal_Print_Cardigan/img_00000011.jpg,top
img/Burnout_Knit_Tee/img_00000029.jpg,18,train,data/raw/deepfashion/img/Burnout_Knit_Tee/img_00000029.jpg,top
img/Striped_Cutout-Back_Tank/img_00000043.jpg,17,train,data/raw/deepfashion/img/Striped_Cutout-Back_Tank/img_00000043.jpg,top
img/Get_Cray_Muscle_Tee/img_00000046.jpg,18,train,data/raw/deepfashion/img/Get_Cray_Muscle_Tee/img_00000046.jpg,top
img/Mandarin_Collar_Blouse/img_00000136.jpg,3,train,data/raw/deepfashion/img/Mandarin_Collar_Blouse/img_00000136.jpg,top
img/Crochet_Cover-Up_Tank/img_00000001.jpg,17,train,data/raw/deepfashion/img/Crochet_Cover-Up_Tank/img_00000001.jpg,top
img/Athletic_Mesh_Sports_Tank/img_00000036.jpg,17,train,data/raw/deepfashion/img/Athletic_Mesh_Sports_Tank/img_00000036.jpg,top
img/Gauze_Layered-Trim_Blouse/img_00000014.jpg,3,train,data/raw/deepfashion/img/Gauze_Layered-Trim_Blouse/img_00000014.jpg,top
img/Stripe_V-Neck_Tee/img_00000079.jpg,18,train,data/raw/deepfashion/img/Stripe_V-Neck_Tee/img_00000079.jpg,top
img/Varsity-Striped_Scuba_Knit_Jacket/img_00000012.jpg,11,train,data/raw/deepfashion/img/Varsity-Striped_Scuba_Knit_Jacket/img_00000012.jpg,top
img/Petal-Sleeved_Blouse/img_00000130.jpg,3,train,data/raw/deepfashion/img/Petal-Sleeved_Blouse/img_00000130.jpg,top
img/Tribal_Print_Peasant_Blouse/img_00000092.jpg,3,train,data/raw/deepfashion/img/Tribal_Print_Peasant_Blouse/img_00000092.jpg,top
img/Destroyed_Linen_Tee/img_00000004.jpg,18,train,data/raw/deepfashion/img/Destroyed_Linen_Tee/img_00000004.jpg,top
img/Abstract_Print_Dolman_Top/img_00000017.jpg,19,train,data/raw/deepfashion/img/Abstract_Print_Dolman_Top/img_00000017.jpg,top
img/Contrast_Crew_Neck_Tee/img_00000004.jpg,18,train,data/raw/deepfashion/img/Contrast_Crew_Neck_Tee/img_00000004.jpg,top
img/Striped_Mandarin_Collar_Blouse/img_00000020.jpg,3,train,data/raw/deepfashion/img/Striped_Mandarin_Collar_Blouse/img_00000020.jpg,top
img/NYC_Graphic_Tee/img_00000034.jpg,18,train,data/raw/deepfashion/img/NYC_Graphic_Tee/img_00000034.jpg,top
img/Striped_Chiffon_Blouse/img_00000017.jpg,3,train,data/raw/deepfashion/img/Striped_Chiffon_Blouse/img_00000017.jpg,top
img/2-in-1_Space_Dye_Athletic_Tank/img_00000006.jpg,17,train,data/raw/deepfashion/img/2-in-1_Space_Dye_Athletic_Tank/img_00000006.jpg,top
img/Circle_Crochet-Paneled_Tee/img_00000004.jpg,18,train,data/raw/deepfashion/img/Circle_Crochet-Paneled_Tee/img_00000004.jpg,top
img/Open-Front_Knit_Cardigan/img_00000025.jpg,6,train,data/raw/deepfashion/img/Open-Front_Knit_Cardigan/img_00000025.jpg,top
img/Twisted-Hem_Plaid_Blouse/img_00000022.jpg,3,train,data/raw/deepfashion/img/Twisted-Hem_Plaid_Blouse/img_00000022.jpg,top
img/Boxy_Muscle_Tee/img_00000009.jpg,18,train,data/raw/deepfashion/img/Boxy_Muscle_Tee/img_00000009.jpg,top
img/Crisscross-Back_Striped_Tee/img_00000027.jpg,18,train,data/raw/deepfashion/img/Crisscross-Back_Striped_Tee/img_00000027.jpg,top
img/Ruffled-Sleeve_Layered_Blouse/img_00000022.jpg,3,train,data/raw/deepfashion/img/Ruffled-Sleeve_Layered_Blouse/img_00000022.jpg,top
img/Sheer_Beaded_Blouse/img_00000105.jpg,3,train,data/raw/deepfashion/img/Sheer_Beaded_Blouse/img_00000105.jpg,top
img/Longline_Crepe_Jacket/img_00000025.jpg,11,train,data/raw/deepfashion/img/Longline_Crepe_Jacket/img_00000025.jpg,top
img/Bow_Back_Striped_Top/img_00000059.jpg,19,train,data/raw/deepfashion/img/Bow_Back_Striped_Top/img_00000059.jpg,top
img/Lacy_Knotted_Tee/img_00000010.jpg,18,train,data/raw/deepfashion/img/Lacy_Knotted_Tee/img_00000010.jpg,top
img/TMNT_Graphic_Tee/img_00000075.jpg,18,train,data/raw/deepfashion/img/TMNT_Graphic_Tee/img_00000075.jpg,top
img/Contrast_Crew_Neck_Tee/img_00000059.jpg,18,train,data/raw/deepfashion/img/Contrast_Crew_Neck_Tee/img_00000059.jpg,top
img/Embroidered_Peasant_Blouse/img_00000145.jpg,3,train,data/raw/deepfashion/img/Embroidered_Peasant_Blouse/img_00000145.jpg,top
img/Tulip_Back_Crepe_Blouse/img_00000074.jpg,3,train,data/raw/deepfashion/img/Tulip_Back_Crepe_Blouse/img_00000074.jpg,top
img/Slouchy_Open-Knit_Cardigan/img_00000030.jpg,6,train,data/raw/deepfashion/img/Slouchy_Open-Knit_Cardigan/img_00000030.jpg,top
img/Colorblocked_Crew_Neck_Tee/img_00000042.jpg,18,train,data/raw/deepfashion/img/Colorblocked_Crew_Neck_Tee/img_00000042.jpg,top
img/Embroidered_Southwestern_Pattern_Jacket/img_00000030.jpg,11,train,data/raw/deepfashion/img/Embroidered_Southwestern_Pattern_Jacket/img_00000030.jpg,top
img/Split-Back_Pleated_Blouse/img_00000021.jpg,3,train,data/raw/deepfashion/img/Split-Back_Pleated_Blouse/img_00000021.jpg,top
img/Cuffed-Sleeve_Heathered_Tee/img_00000005.jpg,18,train,data/raw/deepfashion/img/Cuffed-Sleeve_Heathered_Tee/img_00000005.jpg,top
img/Drapey_Trench_Jacket/img_00000077.jpg,11,train,data/raw/deepfashion/img/Drapey_Trench_Jacket/img_00000077.jpg,top
img/Classic_Pocket_Tank/img_00000063.jpg,17,train,data/raw/deepfashion/img/Classic_Pocket_Tank/img_00000063.jpg,top
img/Slouchy_Fuzzy_Knit_Cardigan/img_00000046.jpg,6,train,data/raw/deepfashion/img/Slouchy_Fuzzy_Knit_Cardigan/img_00000046.jpg,top
img/Embroidered_High-Neck_Blouse/img_00000032.jpg,3,train,data/raw/deepfashion/img/Embroidered_High-Neck_Blouse/img_00000032.jpg,top
img/Southwestern-Patterned_Pocket_Tee/img_00000016.jpg,18,train,data/raw/deepfashion/img/Southwestern-Patterned_Pocket_Tee/img_00000016.jpg,top
img/Knotted_Lace_Tank/img_00000031.jpg,17,train,data/raw/deepfashion/img/Knotted_Lace_Tank/img_00000031.jpg,top
img/Fluttered_Polka_Dot_Blouse/img_00000004.jpg,3,train,data/raw/deepfashion/img/Fluttered_Polka_Dot_Blouse/img_00000004.jpg,top
img/Buttoned_Lace_Panel_Top/img_00000015.jpg,19,train,data/raw/deepfashion/img/Buttoned_Lace_Panel_Top/img_00000015.jpg,top
img/Dotted_Stripes_Tank/img_00000030.jpg,17,train,data/raw/deepfashion/img/Dotted_Stripes_Tank/img_00000030.jpg,top
img/Happiness_Graphic_Tee/img_00000031.jpg,18,train,data/raw/deepfashion/img/Happiness_Graphic_Tee/img_00000031.jpg,top
img/Upside-Down_Eiffel_Tower_Tee/img_00000045.jpg,18,train,data/raw/deepfashion/img/Upside-Down_Eiffel_Tower_Tee/img_00000045.jpg,top
img/Flutter-Hem_Tee/img_00000052.jpg,18,train,data/raw/deepfashion/img/Flutter-Hem_Tee/img_00000052.jpg,top
img/Flutter-Sleeve_Blouse/img_00000011.jpg,3,train,data/raw/deepfashion/img/Flutter-Sleeve_Blouse/img_00000011.jpg,top
img/Baroque_Print_Blouse/img_00000110.jpg,3,train,data/raw/deepfashion/img/Baroque_Print_Blouse/img_00000110.jpg,top
img/Longline_Striped_Cardigan/img_00000016.jpg,6,train,data/raw/deepfashion/img/Longline_Striped_Cardigan/img_00000016.jpg,top
img/Chevron-Patterned_Batwing_Cardigan/img_00000002.jpg,6,train,data/raw/deepfashion/img/Chevron-Patterned_Batwing_Cardigan/img_00000002.jpg,top
img/Micro-Striped_Pocket_Tank/img_00000033.jpg,17,train,data/raw/deepfashion/img/Micro-Striped_Pocket_Tank/img_00000033.jpg,top
img/LA_Palm_Graphic_Tee/img_00000002.jpg,18,train,data/raw/deepfashion/img/LA_Palm_Graphic_Tee/img_00000002.jpg,top
img/Scoop_Back_Striped_Tee/img_00000022.jpg,18,train,data/raw/deepfashion/img/Scoop_Back_Striped_Tee/img_00000022.jpg,top
img/Crisscross-Back_Striped_Tee/img_00000010.jpg,18,train,data/raw/deepfashion/img/Crisscross-Back_Striped_Tee/img_00000010.jpg,top
img/Tab-Sleeved_Chiffon_Blouse/img_00000075.jpg,3,train,data/raw/deepfashion/img/Tab-Sleeved_Chiffon_Blouse/img_00000075.jpg,top
img/Woven_Open-Back_Blouse/img_00000040.jpg,3,train,data/raw/deepfashion/img/Woven_Open-Back_Blouse/img_00000040.jpg,top
img/Longline_Ribbed_Cardigan/img_00000015.jpg,6,train,data/raw/deepfashion/img/Longline_Ribbed_Cardigan/img_00000015.jpg,top
img/Cool_Shirt_Day_Tee/img_00000032.jpg,18,train,data/raw/deepfashion/img/Cool_Shirt_Day_Tee/img_00000032.jpg,top
img/Time_To_Shine_Tee/img_00000011.jpg,18,train,data/raw/deepfashion/img/Time_To_Shine_Tee/img_00000011.jpg,top
img/Faux_Shearling_Aviator_Jacket/img_00000014.jpg,11,train,data/raw/deepfashion/img/Faux_Shearling_Aviator_Jacket/img_00000014.jpg,top
img/Crisscross-Back_Striped_Tee/img_00000008.jpg,18,train,data/raw/deepfashion/img/Crisscross-Back_Striped_Tee/img_00000008.jpg,top
img/Draped_Chiffon_Wrap_Jacket/img_00000013.jpg,11,train,data/raw/deepfashion/img/Draped_Chiffon_Wrap_Jacket/img_00000013.jpg,top
img/Scuba_Knit_Peplum_Jacket/img_00000041.jpg,11,train,data/raw/deepfashion/img/Scuba_Knit_Peplum_Jacket/img_00000041.jpg,top
img/Boxy_Striped_Tee/img_00000037.jpg,18,train,data/raw/deepfashion/img/Boxy_Striped_Tee/img_00000037.jpg,top
img/Open_Knit-Paneled_Cardigan/img_00000009.jpg,6,train,data/raw/deepfashion/img/Open_Knit-Paneled_Cardigan/img_00000009.jpg,top
img/Classic_Knit_Turtleneck/img_00000020.jpg,20,train,data/raw/deepfashion/img/Classic_Knit_Turtleneck/img_00000020.jpg,top
img/Boyz_II_Men_Muscle_Tee/img_00000005.jpg,18,train,data/raw/deepfashion/img/Boyz_II_Men_Muscle_Tee/img_00000005.jpg,top
img/Ribbed_Drop-Hem_Longline_Tank/img_00000009.jpg,17,train,data/raw/deepfashion/img/Ribbed_Drop-Hem_Longline_Tank/img_00000009.jpg,top
img/You_Post_Too_Much_Tee/img_00000037.jpg,18,train,data/raw/deepfashion/img/You_Post_Too_Much_Tee/img_00000037.jpg,top
img/Pintucked_Rose_Print_Blouse/img_00000028.jpg,3,train,data/raw/deepfashion/img/Pintucked_Rose_Print_Blouse/img_00000028.jpg,top
img/Athletic_Training_Tank/img_00000058.jpg,17,train,data/raw/deepfashion/img/Athletic_Training_Tank/img_00000058.jpg,top
img/Layered_Split-Front_Blouse/img_00000082.jpg,3,train,data/raw/deepfashion/img/Layered_Split-Front_Blouse/img_00000082.jpg,top
img/Boat_Neck_Knit_Top/img_00000023.jpg,19,train,data/raw/deepfashion/img/Boat_Neck_Knit_Top/img_00000023.jpg,top
img/Checkered_Print_Chiffon_Blouse/img_00000010.jpg,3,train,data/raw/deepfashion/img/Checkered_Print_Chiffon_Blouse/img_00000010.jpg,top
img/Lace-Back_Henley_Tank/img_00000003.jpg,17,train,data/raw/deepfashion/img/Lace-Back_Henley_Tank/img_00000003.jpg,top
img/Classic_Crop_Top/img_00000032.jpg,19,train,data/raw/deepfashion/img/Classic_Crop_Top/img_00000032.jpg,top
img/Chiffon_Curved_Hem_Blouse/img_00000073.jpg,3,train,data/raw/deepfashion/img/Chiffon_Curved_Hem_Blouse/img_00000073.jpg,top
img/Tile_Print_Blouse/img_00000125.jpg,3,train,data/raw/deepfashion/img/Tile_Print_Blouse/img_00000125.jpg,top
img/But_First_Coffee_Tank/img_00000047.jpg,17,train,data/raw/deepfashion/img/But_First_Coffee_Tank/img_00000047.jpg,top
img/V-Back_Tee/img_00000042.jpg,18,train,data/raw/deepfashion/img/V-Back_Tee/img_00000042.jpg,top
img/Cloud_Wash_Tee/img_00000046.jpg,18,train,data/raw/deepfashion/img/Cloud_Wash_Tee/img_00000046.jpg,top
img/Joe_Cool_Cardigan/img_00000009.jpg,6,train,data/raw/deepfashion/img/Joe_Cool_Cardigan/img_00000009.jpg,top
img/Hooded_Cardigan/img_00000030.jpg,6,train,data/raw/deepfashion/img/Hooded_Cardigan/img_00000030.jpg,top
img/West_Coast_Mesh_Tank/img_00000010.jpg,17,train,data/raw/deepfashion/img/West_Coast_Mesh_Tank/img_00000010.jpg,top
img/Sweet_Crochet_Blouse/img_00000087.jpg,3,train,data/raw/deepfashion/img/Sweet_Crochet_Blouse/img_00000087.jpg,top
img/Led_Zeppelin_Graphic_Tee/img_00000022.jpg,18,train,data/raw/deepfashion/img/Led_Zeppelin_Graphic_Tee/img_00000022.jpg,top
img/Three-Button_Flat_Collar_Blouse/img_00000068.jpg,3,train,data/raw/deepfashion/img/Three-Button_Flat_Collar_Blouse/img_00000068.jpg,top
img/Hooded_Canvas_Utility_Jacket/img_00000048.jpg,11,train,data/raw/deepfashion/img/Hooded_Canvas_Utility_Jacket/img_00000048.jpg,top
img/Botanical_Babe_Top/img_00000030.jpg,19,train,data/raw/deepfashion/img/Botanical_Babe_Top/img_00000030.jpg,top
img/Cotton_Modal-Blend_Tank/img_00000022.jpg,17,train,data/raw/deepfashion/img/Cotton_Modal-Blend_Tank/img_00000022.jpg,top
img/Hidden_Zippered_Placket_Blouse/img_00000067.jpg,3,train,data/raw/deepfashion/img/Hidden_Zippered_Placket_Blouse/img_00000067.jpg,top
img/Abstract_Paisley_Button-Down_Top/img_00000036.jpg,19,train,data/raw/deepfashion/img/Abstract_Paisley_Button-Down_Top/img_00000036.jpg,top
img/Classic_Crocheted_Lace_Blouse/img_00000109.jpg,3,train,data/raw/deepfashion/img/Classic_Crocheted_Lace_Blouse/img_00000109.jpg,top
img/V-Neck_Crop_Tee/img_00000070.jpg,18,train,data/raw/deepfashion/img/V-Neck_Crop_Tee/img_00000070.jpg,top
img/Faux_Leather-Trim_Blouse/img_00000121.jpg,3,train,data/raw/deepfashion/img/Faux_Leather-Trim_Blouse/img_00000121.jpg,top
img/Waffle-Textured_Moto_Jacket/img_00000007.jpg,11,train,data/raw/deepfashion/img/Waffle-Textured_Moto_Jacket/img_00000007.jpg,top
img/Snap_Collar_Moto_Jacket/img_00000027.jpg,11,train,data/raw/deepfashion/img/Snap_Collar_Moto_Jacket/img_00000027.jpg,top
img/Striped_Hot_Dog_Tee/img_00000018.jpg,18,train,data/raw/deepfashion/img/Striped_Hot_Dog_Tee/img_00000018.jpg,top
img/Draped_Shawl_Collar_Cardigan/img_00000064.jpg,6,train,data/raw/deepfashion/img/Draped_Shawl_Collar_Cardigan/img_00000064.jpg,top
img/Striped_Racerback_Tank/img_00000058.jpg,17,train,data/raw/deepfashion/img/Striped_Racerback_Tank/img_00000058.jpg,top
img/World_Traveler_Muscle_Tee/img_00000027.jpg,18,train,data/raw/deepfashion/img/World_Traveler_Muscle_Tee/img_00000027.jpg,top
img/Guns_N_Roses_Muscle_Tee/img_00000019.jpg,18,train,data/raw/deepfashion/img/Guns_N_Roses_Muscle_Tee/img_00000019.jpg,top
img/Abstract_Print_Off-the-Shoulder_Top/img_00000025.jpg,19,train,data/raw/deepfashion/img/Abstract_Print_Off-the-Shoulder_Top/img_00000025.jpg,top
img/Quilted_Bomber_Jacket/img_00000044.jpg,11,train,data/raw/deepfashion/img/Quilted_Bomber_Jacket/img_00000044.jpg,top
img/Pizza_Print_Tank/img_00000013.jpg,17,train,data/raw/deepfashion/img/Pizza_Print_Tank/img_00000013.jpg,top
img/Faded_Boxy_Tee/img_00000033.jpg,18,train,data/raw/deepfashion/img/Faded_Boxy_Tee/img_00000033.jpg,top
img/Brooklyn_Nets_Jersey_Tank_Top/img_00000048.jpg,19,train,data/raw/deepfashion/img/Brooklyn_Nets_Jersey_Tank_Top/img_00000048.jpg,top
img/Layered-Panel_Chiffon_Blouse/img_00000020.jpg,3,train,data/raw/deepfashion/img/Layered-Panel_Chiffon_Blouse/img_00000020.jpg,top
img/Asymmetrical_Hem_Tee/img_00000027.jpg,18,train,data/raw/deepfashion/img/Asymmetrical_Hem_Tee/img_00000027.jpg,top
img/Tulip_Sleeve_Satin_Blouse/img_00000071.jpg,3,train,data/raw/deepfashion/img/Tulip_Sleeve_Satin_Blouse/img_00000071.jpg,top
img/Shawl_Collar_Dolman_Cardigan/img_00000022.jpg,6,train,data/raw/deepfashion/img/Shawl_Collar_Dolman_Cardigan/img_00000022.jpg,top
img/Embroidered_Peasant_Blouse/img_00000148.jpg,3,train,data/raw/deepfashion/img/Embroidered_Peasant_Blouse/img_00000148.jpg,top
img/Baroque_Print_Crop_Top/img_00000039.jpg,19,train,data/raw/deepfashion/img/Baroque_Print_Crop_Top/img_00000039.jpg,top
img/Distressed_Longline_Striped_Tee/img_00000034.jpg,18,train,data/raw/deepfashion/img/Distressed_Longline_Striped_Tee/img_00000034.jpg,top
img/Long_Crew_Neck_Tee/img_00000029.jpg,18,train,data/raw/deepfashion/img/Long_Crew_Neck_Tee/img_00000029.jpg,top
img/Faux_Leather-Trim_Blouse/img_00000107.jpg,3,train,data/raw/deepfashion/img/Faux_Leather-Trim_Blouse/img_00000107.jpg,top
img/Belted_Crop_Top/img_00000006.jpg,19,train,data/raw/deepfashion/img/Belted_Crop_Top/img_00000006.jpg,top
img/Garden_Floral_Maxi_Cardigan/img_00000005.jpg,6,train,data/raw/deepfashion/img/Garden_Floral_Maxi_Cardigan/img_00000005.jpg,top
img/Cozy_Abstract_Cardigan/img_00000034.jpg,6,train,data/raw/deepfashion/img/Cozy_Abstract_Cardigan/img_00000034.jpg,top
img/Best_Friend_Muscle_Tee/img_00000022.jpg,18,train,data/raw/deepfashion/img/Best_Friend_Muscle_Tee/img_00000022.jpg,top
img/Civil_Zippered_Longline_Tee/img_00000011.jpg,18,train,data/raw/deepfashion/img/Civil_Zippered_Longline_Tee/img_00000011.jpg,top
img/Cutout_Bow_Blouse/img_00000020.jpg,3,train,data/raw/deepfashion/img/Cutout_Bow_Blouse/img_00000020.jpg,top
img/Collared_Luxe_Faux_Fur_Jacket/img_00000003.jpg,11,train,data/raw/deepfashion/img/Collared_Luxe_Faux_Fur_Jacket/img_00000003.jpg,top
img/Tribal_Print_Muscle_Tee/img_00000003.jpg,18,train,data/raw/deepfashion/img/Tribal_Print_Muscle_Tee/img_00000003.jpg,top
img/Circle_Crochet-Paneled_Tee/img_00000024.jpg,18,train,data/raw/deepfashion/img/Circle_Crochet-Paneled_Tee/img_00000024.jpg,top
img/French_Terry_Pocket_Tee/img_00000055.jpg,18,train,data/raw/deepfashion/img/French_Terry_Pocket_Tee/img_00000055.jpg,top
img/Ribbed_Button-Down_Tank/img_00000016.jpg,17,train,data/raw/deepfashion/img/Ribbed_Button-Down_Tank/img_00000016.jpg,top
img/1981_Graphic_Ringer_Tee/img_00000033.jpg,18,train,data/raw/deepfashion/img/1981_Graphic_Ringer_Tee/img_00000033.jpg,top
img/Floral_Print_Racerback_Tank/img_00000028.jpg,17,train,data/raw/deepfashion/img/Floral_Print_Racerback_Tank/img_00000028.jpg,top
img/Tartan_Plaid_Chiffon_Blouse/img_00000059.jpg,3,train,data/raw/deepfashion/img/Tartan_Plaid_Chiffon_Blouse/img_00000059.jpg,top
img/Crochet_Lace_Tank/img_00000016.jpg,17,train,data/raw/deepfashion/img/Crochet_Lace_Tank/img_00000016.jpg,top
img/Abstract_Print_Boxy_Top/img_00000015.jpg,19,train,data/raw/deepfashion/img/Abstract_Print_Boxy_Top/img_00000015.jpg,top
img/Brooklyn_Nets_Jersey_Tank_Top/img_00000068.jpg,19,train,data/raw/deepfashion/img/Brooklyn_Nets_Jersey_Tank_Top/img_00000068.jpg,top
img/Be_True_Cutoff_Tee/img_00000021.jpg,18,train,data/raw/deepfashion/img/Be_True_Cutoff_Tee/img_00000021.jpg,top
img/Cable_Knit_Fringe_Cardigan/img_00000011.jpg,6,train,data/raw/deepfashion/img/Cable_Knit_Fringe_Cardigan/img_00000011.jpg,top
img/Striped_Baseball_Tee/img_00000083.jpg,18,train,data/raw/deepfashion/img/Striped_Baseball_Tee/img_00000083.jpg,top
img/Classic_Faded_Denim_Jacket/img_00000014.jpg,11,train,data/raw/deepfashion/img/Classic_Faded_Denim_Jacket/img_00000014.jpg,top
img/Cuffed-Sleeve_Heathered_Tee/img_00000002.jpg,18,train,data/raw/deepfashion/img/Cuffed-Sleeve_Heathered_Tee/img_00000002.jpg,top
img/Chiffon_Maxi_Cardigan/img_00000051.jpg,6,train,data/raw/deepfashion/img/Chiffon_Maxi_Cardigan/img_00000051.jpg,top
img/Marble_Print_Tee/img_00000069.jpg,18,train,data/raw/deepfashion/img/Marble_Print_Tee/img_00000069.jpg,top
img/Crocheted_Tonal-Patterned_Cardigan/img_00000009.jpg,6,train,data/raw/deepfashion/img/Crocheted_Tonal-Patterned_Cardigan/img_00000009.jpg,top
img/Abstract-Watercolor_Print_Blouse/img_00000035.jpg,3,train,data/raw/deepfashion/img/Abstract-Watercolor_Print_Blouse/img_00000035.jpg,top
img/Self-Tie_Peasant_Blouse/img_00000002.jpg,3,train,data/raw/deepfashion/img/Self-Tie_Peasant_Blouse/img_00000002.jpg,top
img/Bow_Print_Ruffled_Blouse/img_00000028.jpg,3,train,data/raw/deepfashion/img/Bow_Print_Ruffled_Blouse/img_00000028.jpg,top
img/Loop_Knit_Open-Front_Cardigan/img_00000032.jpg,6,train,data/raw/deepfashion/img/Loop_Knit_Open-Front_Cardigan/img_00000032.jpg,top
img/Classic_Crepe_Blouse/img_00000003.jpg,3,train,data/raw/deepfashion/img/Classic_Crepe_Blouse/img_00000003.jpg,top
img/Tupac_Muscle_Tee/img_00000033.jpg,18,train,data/raw/deepfashion/img/Tupac_Muscle_Tee/img_00000033.jpg,top
img/Ethereal_Draped_Front_Blouse/img_00000061.jpg,3,train,data/raw/deepfashion/img/Ethereal_Draped_Front_Blouse/img_00000061.jpg,top
img/Longline_Open-Knit_Cardigan/img_00000006.jpg,6,train,data/raw/deepfashion/img/Longline_Open-Knit_Cardigan/img_00000006.jpg,top
img/Chambray_Tank_Top/img_00000008.jpg,19,train,data/raw/deepfashion/img/Chambray_Tank_Top/img_00000008.jpg,top
img/Layered_Chiffon_Blouse/img_00000075.jpg,3,train,data/raw/deepfashion/img/Layered_Chiffon_Blouse/img_00000075.jpg,top
img/High_Collar_Running_Jacket/img_00000012.jpg,11,train,data/raw/deepfashion/img/High_Collar_Running_Jacket/img_00000012.jpg,top
img/Boxy_Cotton_Muscle_Tee/img_00000009.jpg,18,train,data/raw/deepfashion/img/Boxy_Cotton_Muscle_Tee/img_00000009.jpg,top
img/Crinkled_Stretch_Knit_Blouse/img_00000032.jpg,3,train,data/raw/deepfashion/img/Crinkled_Stretch_Knit_Blouse/img_00000032.jpg,top
img/Linen_Racerback_Tank/img_00000031.jpg,17,train,data/raw/deepfashion/img/Linen_Racerback_Tank/img_00000031.jpg,top
img/Everday_V-Neck_Cardigan/img_00000002.jpg,6,train,data/raw/deepfashion/img/Everday_V-Neck_Cardigan/img_00000002.jpg,top
img/Tulip_Back_Crepe_Blouse/img_00000015.jpg,3,train,data/raw/deepfashion/img/Tulip_Back_Crepe_Blouse/img_00000015.jpg,top
img/Watercolor_Abstract_Print_Blouse/img_00000075.jpg,3,train,data/raw/deepfashion/img/Watercolor_Abstract_Print_Blouse/img_00000075.jpg,top
img/Civil_Regime_Crop_Top/img_00000002.jpg,19,train,data/raw/deepfashion/img/Civil_Regime_Crop_Top/img_00000002.jpg,top
img/Pleated_Crepe_Woven_Blouse/img_00000002.jpg,3,train,data/raw/deepfashion/img/Pleated_Crepe_Woven_Blouse/img_00000002.jpg,top
img/Slub_Knit_Cardigan/img_00000047.jpg,6,train,data/raw/deepfashion/img/Slub_Knit_Cardigan/img_00000047.jpg,top
img/Slub_Knit_Boyfriend_Tee/img_00000049.jpg,18,train,data/raw/deepfashion/img/Slub_Knit_Boyfriend_Tee/img_00000049.jpg,top
img/Dip-Dyed_Trapeze_Tee/img_00000022.jpg,18,train,data/raw/deepfashion/img/Dip-Dyed_Trapeze_Tee/img_00000022.jpg,top
img/Crochet-Trimmed_Medallion_Print_Tank/img_00000032.jpg,17,train,data/raw/deepfashion/img/Crochet-Trimmed_Medallion_Print_Tank/img_00000032.jpg,top
img/Contrast-Trimmed_Tank/img_00000025.jpg,17,train,data/raw/deepfashion/img/Contrast-Trimmed_Tank/img_00000025.jpg,top
img/Kitty_Print_Muscle_Tee/img_00000019.jpg,18,train,data/raw/deepfashion/img/Kitty_Print_Muscle_Tee/img_00000019.jpg,top
img/Drawstring-Collar_Jacket/img_00000060.jpg,11,train,data/raw/deepfashion/img/Drawstring-Collar_Jacket/img_00000060.jpg,top
img/Striped_V-Neck_Cotton_Tee/img_00000060.jpg,18,train,data/raw/deepfashion/img/Striped_V-Neck_Cotton_Tee/img_00000060.jpg,top
img/Chic_Sweater_Crop_Top/img_00000018.jpg,19,train,data/raw/deepfashion/img/Chic_Sweater_Crop_Top/img_00000018.jpg,top
img/Stripe-Pocket_Tank/img_00000044.jpg,17,train,data/raw/deepfashion/img/Stripe-Pocket_Tank/img_00000044.jpg,top
img/Je_Suis_Linen_Tank/img_00000011.jpg,17,train,data/raw/deepfashion/img/Je_Suis_Linen_Tank/img_00000011.jpg,top
img/Slub_Knit_V-Neck_Tee/img_00000056.jpg,18,train,data/raw/deepfashion/img/Slub_Knit_V-Neck_Tee/img_00000056.jpg,top
img/Collared_Faux_Leather_Jacket/img_00000017.jpg,11,train,data/raw/deepfashion/img/Collared_Faux_Leather_Jacket/img_00000017.jpg,top
img/Oversized_Fuzzy_Knit_Cardigan/img_00000008.jpg,6,train,data/raw/deepfashion/img/Oversized_Fuzzy_Knit_Cardigan/img_00000008.jpg,top
img/Drawstring_Utility_Jacket/img_00000012.jpg,11,train,data/raw/deepfashion/img/Drawstring_Utility_Jacket/img_00000012.jpg,top
img/Shaggy_Open-Front_Cardigan/img_00000011.jpg,6,train,data/raw/deepfashion/img/Shaggy_Open-Front_Cardigan/img_00000011.jpg,top
img/Southwestern_Print_Muscle_Tee/img_00000001.jpg,18,train,data/raw/deepfashion/img/Southwestern_Print_Muscle_Tee/img_00000001.jpg,top
img/Sheer_Beaded_Blouse/img_00000083.jpg,3,train,data/raw/deepfashion/img/Sheer_Beaded_Blouse/img_00000083.jpg,top
img/In_Love_Tank/img_00000055.jpg,17,train,data/raw/deepfashion/img/In_Love_Tank/img_00000055.jpg,top
img/Textured_Knit_Cardigan/img_00000019.jpg,6,train,data/raw/deepfashion/img/Textured_Knit_Cardigan/img_00000019.jpg,top
img/Striped_V-Neck_Cotton_Tee/img_00000008.jpg,18,train,data/raw/deepfashion/img/Striped_V-Neck_Cotton_Tee/img_00000008.jpg,top
img/Flutter_Self-Tie_Blouse/img_00000048.jpg,3,train,data/raw/deepfashion/img/Flutter_Self-Tie_Blouse/img_00000048.jpg,top
img/Boat_Neck_Top/img_00000073.jpg,19,train,data/raw/deepfashion/img/Boat_Neck_Top/img_00000073.jpg,top
img/Ruched_Open-Front_Cardigan/img_00000060.jpg,6,train,data/raw/deepfashion/img/Ruched_Open-Front_Cardigan/img_00000060.jpg,top
img/Fancy_Little_Number_Tee/img_00000036.jpg,18,train,data/raw/deepfashion/img/Fancy_Little_Number_Tee/img_00000036.jpg,top
img/Chunky_Knit_Tassel_Cardigan/img_00000014.jpg,6,train,data/raw/deepfashion/img/Chunky_Knit_Tassel_Cardigan/img_00000014.jpg,top
img/Boxy_V-Neck_Top/img_00000029.jpg,19,train,data/raw/deepfashion/img/Boxy_V-Neck_Top/img_00000029.jpg,top
img/Faux_Leather_&_Mesh_Jacket/img_00000041.jpg,11,train,data/raw/deepfashion/img/Faux_Leather_&_Mesh_Jacket/img_00000041.jpg,top
img/Longline_Utility_Jacket/img_00000030.jpg,11,train,data/raw/deepfashion/img/Longline_Utility_Jacket/img_00000030.jpg,top
img/Fitted_Cat_Print_Tee/img_00000029.jpg,18,train,data/raw/deepfashion/img/Fitted_Cat_Print_Tee/img_00000029.jpg,top
img/Embroidered_Pintucked_Blouse/img_00000025.jpg,3,train,data/raw/deepfashion/img/Embroidered_Pintucked_Blouse/img_00000025.jpg,top
img/Flutter_Sleeve_Woven_Tee/img_00000009.jpg,18,train,data/raw/deepfashion/img/Flutter_Sleeve_Woven_Tee/img_00000009.jpg,top
img/Hooded_Canvas_Utility_Jacket/img_00000034.jpg,11,train,data/raw/deepfashion/img/Hooded_Canvas_Utility_Jacket/img_00000034.jpg,top
img/Brooklyn_Nets_Graphic_Tank/img_00000024.jpg,17,train,data/raw/deepfashion/img/Brooklyn_Nets_Graphic_Tank/img_00000024.jpg,top
img/Polka_Dot_Baseball_Tee/img_00000020.jpg,18,train,data/raw/deepfashion/img/Polka_Dot_Baseball_Tee/img_00000020.jpg,top
img/Chiffon-Layered_Top/img_00000067.jpg,19,train,data/raw/deepfashion/img/Chiffon-Layered_Top/img_00000067.jpg,top
img/But_Not_Really_Muscle_Tee/img_00000043.jpg,18,train,data/raw/deepfashion/img/But_Not_Really_Muscle_Tee/img_00000043.jpg,top
img/Boxy_Pocket_Top/img_00000032.jpg,19,train,data/raw/deepfashion/img/Boxy_Pocket_Top/img_00000032.jpg,top
img/Suede_Fringe_Jacket/img_00000077.jpg,11,train,data/raw/deepfashion/img/Suede_Fringe_Jacket/img_00000077.jpg,top
img/Scoop_Neck_Slub_Knit_Tee/img_00000025.jpg,18,train,data/raw/deepfashion/img/Scoop_Neck_Slub_Knit_Tee/img_00000025.jpg,top
img/Boxy_Wide_Neck_Tee/img_00000002.jpg,18,train,data/raw/deepfashion/img/Boxy_Wide_Neck_Tee/img_00000002.jpg,top
img/Modernist_Hooded_Jacket/img_00000039.jpg,11,train,data/raw/deepfashion/img/Modernist_Hooded_Jacket/img_00000039.jpg,top
img/Sleeveless_Vented_Blouse/img_00000053.jpg,3,train,data/raw/deepfashion/img/Sleeveless_Vented_Blouse/img_00000053.jpg,top
img/Basic_Heathered_Tee/img_00000057.jpg,18,train,data/raw/deepfashion/img/Basic_Heathered_Tee/img_00000057.jpg,top
img/Studded_Racerback_Tank/img_00000019.jpg,17,train,data/raw/deepfashion/img/Studded_Racerback_Tank/img_00000019.jpg,top
img/Cable-Knit_Shrug_Cardigan/img_00000002.jpg,6,train,data/raw/deepfashion/img/Cable-Knit_Shrug_Cardigan/img_00000002.jpg,top
img/Abstract_Print_Tee/img_00000013.jpg,18,train,data/raw/deepfashion/img/Abstract_Print_Tee/img_00000013.jpg,top
img/Cutout_Sunflower_Tank/img_00000040.jpg,17,train,data/raw/deepfashion/img/Cutout_Sunflower_Tank/img_00000040.jpg,top
img/Clashist_Oil_Slick_Print_Tee/img_00000031.jpg,18,train,data/raw/deepfashion/img/Clashist_Oil_Slick_Print_Tee/img_00000031.jpg,top
img/Denim_Hoodie_Jacket/img_00000007.jpg,11,train,data/raw/deepfashion/img/Denim_Hoodie_Jacket/img_00000007.jpg,top
img/Chevron_Cutout_Back_Cardigan/img_00000048.jpg,6,train,data/raw/deepfashion/img/Chevron_Cutout_Back_Cardigan/img_00000048.jpg,top
img/Tab-Sleeved_Chiffon_Blouse/img_00000090.jpg,3,train,data/raw/deepfashion/img/Tab-Sleeved_Chiffon_Blouse/img_00000090.jpg,top
img/ACDC_Graphic_Tee/img_00000060.jpg,18,train,data/raw/deepfashion/img/ACDC_Graphic_Tee/img_00000060.jpg,top
img/Watercolor_Floral_Drawstring_Blouse/img_00000028.jpg,3,train,data/raw/deepfashion/img/Watercolor_Floral_Drawstring_Blouse/img_00000028.jpg,top
img/Button-Down_Plaid_Flannel/img_00000064.jpg,7,train,data/raw/deepfashion/img/Button-Down_Plaid_Flannel/img_00000064.jpg,top
img/Drop-Sleeve_Knit_Tee/img_00000022.jpg,18,train,data/raw/deepfashion/img/Drop-Sleeve_Knit_Tee/img_00000022.jpg,top
img/I_Glow_Graphic_Tank/img_00000019.jpg,17,train,data/raw/deepfashion/img/I_Glow_Graphic_Tank/img_00000019.jpg,top
img/Miami_Heat_Baseball_Tee/img_00000010.jpg,18,train,data/raw/deepfashion/img/Miami_Heat_Baseball_Tee/img_00000010.jpg,top
img/Mickey_Mouse_Ringer_Tee/img_00000031.jpg,18,train,data/raw/deepfashion/img/Mickey_Mouse_Ringer_Tee/img_00000031.jpg,top
img/Striped_Crew_Neck_Tee/img_00000018.jpg,18,train,data/raw/deepfashion/img/Striped_Crew_Neck_Tee/img_00000018.jpg,top
img/Cami_Crop_Top/img_00000009.jpg,19,train,data/raw/deepfashion/img/Cami_Crop_Top/img_00000009.jpg,top
img/Abstract-Patterned_Blouse/img_00000093.jpg,3,train,data/raw/deepfashion/img/Abstract-Patterned_Blouse/img_00000093.jpg,top
img/Flutter_Sleeve_Blouse/img_00000102.jpg,3,train,data/raw/deepfashion/img/Flutter_Sleeve_Blouse/img_00000102.jpg,top
img/Woven_Chelsea_Collar_Blouse/img_00000034.jpg,3,train,data/raw/deepfashion/img/Woven_Chelsea_Collar_Blouse/img_00000034.jpg,top
img/Quilted_Bomber_Jacket/img_00000055.jpg,11,train,data/raw/deepfashion/img/Quilted_Bomber_Jacket/img_00000055.jpg,top
img/Tie-Front_Chiffon_Blouse/img_00000065.jpg,3,train,data/raw/deepfashion/img/Tie-Front_Chiffon_Blouse/img_00000065.jpg,top
img/Asymmetric_Zip-Front_Cardigan/img_00000003.jpg,6,train,data/raw/deepfashion/img/Asymmetric_Zip-Front_Cardigan/img_00000003.jpg,top
img/Embroidered_Bead_Keyhole_Blouse/img_00000067.jpg,3,train,data/raw/deepfashion/img/Embroidered_Bead_Keyhole_Blouse/img_00000067.jpg,top
img/Open-Knit_Shawl_Collar_Cardigan/img_00000026.jpg,6,train,data/raw/deepfashion/img/Open-Knit_Shawl_Collar_Cardigan/img_00000026.jpg,top
img/Chambray_Tank_Top/img_00000012.jpg,19,train,data/raw/deepfashion/img/Chambray_Tank_Top/img_00000012.jpg,top
img/V-Neck_Cardigan/img_00000085.jpg,6,train,data/raw/deepfashion/img/V-Neck_Cardigan/img_00000085.jpg,top
img/Heathered_Raglan_Tee/img_00000020.jpg,18,train,data/raw/deepfashion/img/Heathered_Raglan_Tee/img_00000020.jpg,top
img/Star_Wars_Graphic_Boxy_Tee/img_00000018.jpg,18,train,data/raw/deepfashion/img/Star_Wars_Graphic_Boxy_Tee/img_00000018.jpg,top
img/But_Not_Really_Muscle_Tee/img_00000040.jpg,18,train,data/raw/deepfashion/img/But_Not_Really_Muscle_Tee/img_00000040.jpg,top
img/Be_Happy_Knit_&_Woven_Tee/img_00000016.jpg,18,train,data/raw/deepfashion/img/Be_Happy_Knit_&_Woven_Tee/img_00000016.jpg,top
img/Longline_Satin_Jacket/img_00000031.jpg,11,train,data/raw/deepfashion/img/Longline_Satin_Jacket/img_00000031.jpg,top
img/TMNT_Graphic_Tee/img_00000011.jpg,18,train,data/raw/deepfashion/img/TMNT_Graphic_Tee/img_00000011.jpg,top
img/V-Neck_Tee/img_00000017.jpg,18,train,data/raw/deepfashion/img/V-Neck_Tee/img_00000017.jpg,top
img/Belted_Crop_Top/img_00000068.jpg,19,train,data/raw/deepfashion/img/Belted_Crop_Top/img_00000068.jpg,top
img/Abstract_Print_Colorblock_Top/img_00000026.jpg,19,train,data/raw/deepfashion/img/Abstract_Print_Colorblock_Top/img_00000026.jpg,top
img/Dotted_Bow_Blouse/img_00000083.jpg,3,train,data/raw/deepfashion/img/Dotted_Bow_Blouse/img_00000083.jpg,top
img/Striped_Floral_Blouse/img_00000106.jpg,3,train,data/raw/deepfashion/img/Striped_Floral_Blouse/img_00000106.jpg,top
img/Eyelash_Lace_Trim_Blouse/img_00000036.jpg,3,train,data/raw/deepfashion/img/Eyelash_Lace_Trim_Blouse/img_00000036.jpg,top
img/Tribal-Inspired_Fringed_Cardigan/img_00000014.jpg,6,train,data/raw/deepfashion/img/Tribal-Inspired_Fringed_Cardigan/img_00000014.jpg,top
img/So_Much_Internet_Tee/img_00000005.jpg,18,train,data/raw/deepfashion/img/So_Much_Internet_Tee/img_00000005.jpg,top
img/Boat_Neck_Knit_Top/img_00000068.jpg,19,train,data/raw/deepfashion/img/Boat_Neck_Knit_Top/img_00000068.jpg,top
img/Diamond_Print_Chiffon_Blouse/img_00000009.jpg,3,train,data/raw/deepfashion/img/Diamond_Print_Chiffon_Blouse/img_00000009.jpg,top
img/Braided_Racerback_Athletic_Tank/img_00000049.jpg,17,train,data/raw/deepfashion/img/Braided_Racerback_Athletic_Tank/img_00000049.jpg,top
img/Pink_Floyd_Knit_Tee/img_00000007.jpg,18,train,data/raw/deepfashion/img/Pink_Floyd_Knit_Tee/img_00000007.jpg,top
img/TMNT_Graphic_Tee/img_00000036.jpg,18,train,data/raw/deepfashion/img/TMNT_Graphic_Tee/img_00000036.jpg,top
img/Dotted_Crochet-Trimmed_Collared_Blouse/img_00000029.jpg,3,train,data/raw/deepfashion/img/Dotted_Crochet-Trimmed_Collared_Blouse/img_00000029.jpg,top
img/Longline_Fuzzy_Cardigan/img_00000017.jpg,6,train,data/raw/deepfashion/img/Longline_Fuzzy_Cardigan/img_00000017.jpg,top
img/Tartan_Plaid_Chiffon_Blouse/img_00000081.jpg,3,train,data/raw/deepfashion/img/Tartan_Plaid_Chiffon_Blouse/img_00000081.jpg,top
img/Collarless_Popover_Blouse/img_00000087.jpg,3,train,data/raw/deepfashion/img/Collarless_Popover_Blouse/img_00000087.jpg,top
img/Do_Not_Care_V-Neck_Tee/img_00000021.jpg,18,train,data/raw/deepfashion/img/Do_Not_Care_V-Neck_Tee/img_00000021.jpg,top
img/Clean_Wash_Denim_Jacket/img_00000005.jpg,11,train,data/raw/deepfashion/img/Clean_Wash_Denim_Jacket/img_00000005.jpg,top
img/Boxy_Vented_Tank/img_00000001.jpg,17,train,data/raw/deepfashion/img/Boxy_Vented_Tank/img_00000001.jpg,top
img/Crisscross_Neckline_Peasant_Blouse/img_00000076.jpg,3,train,data/raw/deepfashion/img/Crisscross_Neckline_Peasant_Blouse/img_00000076.jpg,top
img/Collarless_Multi-Knit_Jacket/img_00000011.jpg,11,train,data/raw/deepfashion/img/Collarless_Multi-Knit_Jacket/img_00000011.jpg,top
img/Shirred_Lace-Paneled_Blouse/img_00000026.jpg,3,train,data/raw/deepfashion/img/Shirred_Lace-Paneled_Blouse/img_00000026.jpg,top
img/Chiffon_Twist-Front_Top/img_00000050.jpg,19,train,data/raw/deepfashion/img/Chiffon_Twist-Front_Top/img_00000050.jpg,top
img/Windowpane-Patterned_Open-Front_Cardigan/img_00000008.jpg,6,train,data/raw/deepfashion/img/Windowpane-Patterned_Open-Front_Cardigan/img_00000008.jpg,top
"img/Take_Less,_Give_More_Tee/img_00000031.jpg",18,train,"data/raw/deepfashion/img/Take_Less,_Give_More_Tee/img_00000031.jpg",top
img/High-Slit_Longline_Flannel/img_00000007.jpg,7,train,data/raw/deepfashion/img/High-Slit_Longline_Flannel/img_00000007.jpg,top
img/Abstract_Dotted_Panel_Tee/img_00000012.jpg,18,train,data/raw/deepfashion/img/Abstract_Dotted_Panel_Tee/img_00000012.jpg,top
img/Self-Tie_Neck_Blouse/img_00000028.jpg,3,train,data/raw/deepfashion/img/Self-Tie_Neck_Blouse/img_00000028.jpg,top
img/Crocheted_Open-Front_Maxi_Cardigan/img_00000005.jpg,6,train,data/raw/deepfashion/img/Crocheted_Open-Front_Maxi_Cardigan/img_00000005.jpg,top
img/Beaded-Trim_Mandala_Print_Blouse/img_00000065.jpg,3,train,data/raw/deepfashion/img/Beaded-Trim_Mandala_Print_Blouse/img_00000065.jpg,top
img/Longline_Burnout_Tee/img_00000003.jpg,18,train,data/raw/deepfashion/img/Longline_Burnout_Tee/img_00000003.jpg,top
img/Snoop_Dogg_Muscle_Tee/img_00000054.jpg,18,train,data/raw/deepfashion/img/Snoop_Dogg_Muscle_Tee/img_00000054.jpg,top
img/West_East_Coast_Muscle_Tee/img_00000006.jpg,18,train,data/raw/deepfashion/img/West_East_Coast_Muscle_Tee/img_00000006.jpg,top
img/Retro_Graphic_Tee/img_00000013.jpg,18,train,data/raw/deepfashion/img/Retro_Graphic_Tee/img_00000013.jpg,top
img/Sleek_Woven_Pocket_Blouse/img_00000096.jpg,3,train,data/raw/deepfashion/img/Sleek_Woven_Pocket_Blouse/img_00000096.jpg,top
img/Las_Vegas_81_Tee/img_00000029.jpg,18,train,data/raw/deepfashion/img/Las_Vegas_81_Tee/img_00000029.jpg,top
img/Sheer-Paneled_Jersey_Tee/img_00000028.jpg,18,train,data/raw/deepfashion/img/Sheer-Paneled_Jersey_Tee/img_00000028.jpg,top
img/Shawl_Collar_Dolman_Cardigan/img_00000038.jpg,6,train,data/raw/deepfashion/img/Shawl_Collar_Dolman_Cardigan/img_00000038.jpg,top
img/Hooded_Cardigan/img_00000028.jpg,6,train,data/raw/deepfashion/img/Hooded_Cardigan/img_00000028.jpg,top
img/Tiered_Crochet_Tank/img_00000003.jpg,17,train,data/raw/deepfashion/img/Tiered_Crochet_Tank/img_00000003.jpg,top
img/Blurred_Floral_Bomber_Jacket/img_00000038.jpg,11,train,data/raw/deepfashion/img/Blurred_Floral_Bomber_Jacket/img_00000038.jpg,top
img/Love_Me_Or_Leave_Muscle_Tee/img_00000006.jpg,18,train,data/raw/deepfashion/img/Love_Me_Or_Leave_Muscle_Tee/img_00000006.jpg,top
img/Wild_Cropped_Muscle_Tee/img_00000031.jpg,18,train,data/raw/deepfashion/img/Wild_Cropped_Muscle_Tee/img_00000031.jpg,top
img/Striped_Drapey_Tee/img_00000049.jpg,18,train,data/raw/deepfashion/img/Striped_Drapey_Tee/img_00000049.jpg,top
img/Caged_Side_Slit_Tee/img_00000033.jpg,18,train,data/raw/deepfashion/img/Caged_Side_Slit_Tee/img_00000033.jpg,top
img/Brooklyn_Nets_Jersey_Tank_Top/img_00000075.jpg,19,train,data/raw/deepfashion/img/Brooklyn_Nets_Jersey_Tank_Top/img_00000075.jpg,top
img/Hooded_Chenille_Cardigan/img_00000022.jpg,6,train,data/raw/deepfashion/img/Hooded_Chenille_Cardigan/img_00000022.jpg,top
img/Heathered_Slit-Back_Tee/img_00000028.jpg,18,train,data/raw/deepfashion/img/Heathered_Slit-Back_Tee/img_00000028.jpg,top
img/Wake_Up_Graphic_Tee/img_00000045.jpg,18,train,data/raw/deepfashion/img/Wake_Up_Graphic_Tee/img_00000045.jpg,top
img/The_Beatles_Muscle_Tee/img_00000039.jpg,18,train,data/raw/deepfashion/img/The_Beatles_Muscle_Tee/img_00000039.jpg,top
img/Sheer_Woven_Blouse/img_00000044.jpg,3,train,data/raw/deepfashion/img/Sheer_Woven_Blouse/img_00000044.jpg,top
img/Faux_Suede_Moto_Jacket/img_00000039.jpg,11,train,data/raw/deepfashion/img/Faux_Suede_Moto_Jacket/img_00000039.jpg,top
img/World_Map_Muscle_Tee/img_00000023.jpg,18,train,data/raw/deepfashion/img/World_Map_Muscle_Tee/img_00000023.jpg,top
img/Raw-Cut_Tank/img_00000006.jpg,17,train,data/raw/deepfashion/img/Raw-Cut_Tank/img_00000006.jpg,top
img/Southwestern-Patterned_Pocket_Tee/img_00000028.jpg,18,train,data/raw/deepfashion/img/Southwestern-Patterned_Pocket_Tee/img_00000028.jpg,top
img/Southwestern_Print_Racerback_Tank/img_00000003.jpg,17,train,data/raw/deepfashion/img/Southwestern_Print_Racerback_Tank/img_00000003.jpg,top
img/Boxy_Polka_Dot_Top/img_00000054.jpg,19,train,data/raw/deepfashion/img/Boxy_Polka_Dot_Top/img_00000054.jpg,top
img/Embroidered_Mesh-Back_Tank/img_00000023.jpg,17,train,data/raw/deepfashion/img/Embroidered_Mesh-Back_Tank/img_00000023.jpg,top
img/Classic_Baseball_Tee/img_00000035.jpg,18,train,data/raw/deepfashion/img/Classic_Baseball_Tee/img_00000035.jpg,top
img/Multi-Stripe_V-Neck_Tee/img_00000045.jpg,18,train,data/raw/deepfashion/img/Multi-Stripe_V-Neck_Tee/img_00000045.jpg,top
img/Floral_Flutter_Sleeve_Blouse/img_00000112.jpg,3,train,data/raw/deepfashion/img/Floral_Flutter_Sleeve_Blouse/img_00000112.jpg,top
img/Control_Sector_Geo_Colorblocked_Tee/img_00000025.jpg,18,train,data/raw/deepfashion/img/Control_Sector_Geo_Colorblocked_Tee/img_00000025.jpg,top
img/Cuffed-Sleeve_Pocket_Tee/img_00000015.jpg,18,train,data/raw/deepfashion/img/Cuffed-Sleeve_Pocket_Tee/img_00000015.jpg,top
img/Southwestern_Print_Pocket_Tank/img_00000033.jpg,17,train,data/raw/deepfashion/img/Southwestern_Print_Pocket_Tank/img_00000033.jpg,top
img/California_66_Tie-Dye_Tank/img_00000041.jpg,17,train,data/raw/deepfashion/img/California_66_Tie-Dye_Tank/img_00000041.jpg,top
img/Collared_Woven_Top/img_00000026.jpg,19,train,data/raw/deepfashion/img/Collared_Woven_Top/img_00000026.jpg,top
img/Dotted_Crepe_Blouse/img_00000049.jpg,3,train,data/raw/deepfashion/img/Dotted_Crepe_Blouse/img_00000049.jpg,top
img/So_Tired_Graphic_Tee/img_00000002.jpg,18,train,data/raw/deepfashion/img/So_Tired_Graphic_Tee/img_00000002.jpg,top
img/Hooded_Marled_Cardigan/img_00000046.jpg,6,train,data/raw/deepfashion/img/Hooded_Marled_Cardigan/img_00000046.jpg,top
img/Draped_Pocket_Kimono_Cardigan/img_00000022.jpg,6,train,data/raw/deepfashion/img/Draped_Pocket_Kimono_Cardigan/img_00000022.jpg,top
img/Paisley-Trimmed_Pocket_Tee/img_00000049.jpg,18,train,data/raw/deepfashion/img/Paisley-Trimmed_Pocket_Tee/img_00000049.jpg,top
img/Belted_Crop_Top/img_00000058.jpg,19,train,data/raw/deepfashion/img/Belted_Crop_Top/img_00000058.jpg,top
img/Tropical_Curved-Hem_Tee/img_00000023.jpg,18,train,data/raw/deepfashion/img/Tropical_Curved-Hem_Tee/img_00000023.jpg,top
img/Classic_V-Neck_Tee/img_00000005.jpg,18,train,data/raw/deepfashion/img/Classic_V-Neck_Tee/img_00000005.jpg,top
img/Sateen_V-Neck_Dolphin_Blouse/img_00000012.jpg,3,train,data/raw/deepfashion/img/Sateen_V-Neck_Dolphin_Blouse/img_00000012.jpg,top
img/Ruffled_Lace-Up_Blouse/img_00000086.jpg,3,train,data/raw/deepfashion/img/Ruffled_Lace-Up_Blouse/img_00000086.jpg,top
img/Brooklyn_Nets_Jersey_Tank_Top/img_00000001.jpg,19,train,data/raw/deepfashion/img/Brooklyn_Nets_Jersey_Tank_Top/img_00000001.jpg,top
img/Ribbed_Shawl_Cardigan/img_00000004.jpg,6,train,data/raw/deepfashion/img/Ribbed_Shawl_Cardigan/img_00000004.jpg,top
img/Nylon_Raglan_Bomber_Jacket/img_00000042.jpg,11,train,data/raw/deepfashion/img/Nylon_Raglan_Bomber_Jacket/img_00000042.jpg,top
img/Boxy_Woven_Striped_Top/img_00000041.jpg,19,train,data/raw/deepfashion/img/Boxy_Woven_Striped_Top/img_00000041.jpg,top
img/Tulip_Back_Crepe_Blouse/img_00000091.jpg,3,train,data/raw/deepfashion/img/Tulip_Back_Crepe_Blouse/img_00000091.jpg,top
img/Gorgeous_10_Graphic_Tee/img_00000003.jpg,18,train,data/raw/deepfashion/img/Gorgeous_10_Graphic_Tee/img_00000003.jpg,top
img/Rose_Print_Flutter_Sleeve_Blouse/img_00000023.jpg,3,train,data/raw/deepfashion/img/Rose_Print_Flutter_Sleeve_Blouse/img_00000023.jpg,top
img/V-Neck_Shawl_Collar_Blouse/img_00000099.jpg,3,train,data/raw/deepfashion/img/V-Neck_Shawl_Collar_Blouse/img_00000099.jpg,top
img/Fluttered_Polka_Dot_Blouse/img_00000051.jpg,3,train,data/raw/deepfashion/img/Fluttered_Polka_Dot_Blouse/img_00000051.jpg,top
img/Bout_That_Graphic_Crop_Top/img_00000019.jpg,19,train,data/raw/deepfashion/img/Bout_That_Graphic_Crop_Top/img_00000019.jpg,top
img/Hooded_Utility_Jacket/img_00000024.jpg,11,train,data/raw/deepfashion/img/Hooded_Utility_Jacket/img_00000024.jpg,top
img/Zippered_Tartan_Plaid_Flannel/img_00000039.jpg,7,train,data/raw/deepfashion/img/Zippered_Tartan_Plaid_Flannel/img_00000039.jpg,top
img/Tie-Dye_Longline_Cardigan/img_00000003.jpg,6,train,data/raw/deepfashion/img/Tie-Dye_Longline_Cardigan/img_00000003.jpg,top
img/Hooded_Varsity_Jacket/img_00000046.jpg,11,train,data/raw/deepfashion/img/Hooded_Varsity_Jacket/img_00000046.jpg,top
img/Dream_Alive_Cuffed-Sleeve_Tee/img_00000016.jpg,18,train,data/raw/deepfashion/img/Dream_Alive_Cuffed-Sleeve_Tee/img_00000016.jpg,top
img/Abstract_Print_Twist-Back_Blouse/img_00000084.jpg,3,train,data/raw/deepfashion/img/Abstract_Print_Twist-Back_Blouse/img_00000084.jpg,top
img/Rose_Print_Flutter_Sleeve_Blouse/img_00000028.jpg,3,train,data/raw/deepfashion/img/Rose_Print_Flutter_Sleeve_Blouse/img_00000028.jpg,top
img/Floral_Flutter_Sleeve_Blouse/img_00000099.jpg,3,train,data/raw/deepfashion/img/Floral_Flutter_Sleeve_Blouse/img_00000099.jpg,top
img/Crepe_Zippered_Blouse/img_00000057.jpg,3,train,data/raw/deepfashion/img/Crepe_Zippered_Blouse/img_00000057.jpg,top
img/Tribal_Patterned_Jacket/img_00000025.jpg,11,train,data/raw/deepfashion/img/Tribal_Patterned_Jacket/img_00000025.jpg,top
img/Draped_Longline_Cardigan/img_00000054.jpg,6,train,data/raw/deepfashion/img/Draped_Longline_Cardigan/img_00000054.jpg,top
img/Boxy_Stripe_Sweater/img_00000028.jpg,16,val,data/raw/deepfashion/img/Boxy_Stripe_Sweater/img_00000028.jpg,dress
img/Tribal_Print_Knit_Leggings/img_00000033.jpg,30,val,data/raw/deepfashion/img/Tribal_Print_Knit_Leggings/img_00000033.jpg,dress
img/High-Waisted_Tweed_Shorts/img_00000029.jpg,32,val,data/raw/deepfashion/img/High-Waisted_Tweed_Shorts/img_00000029.jpg,dress
img/Chambray_Dolphin_Shorts/img_00000047.jpg,32,val,data/raw/deepfashion/img/Chambray_Dolphin_Shorts/img_00000047.jpg,dress
img/Tri-Colored_Sweater/img_00000052.jpg,16,val,data/raw/deepfashion/img/Tri-Colored_Sweater/img_00000052.jpg,dress
img/Tribal-Inspired_Woven_Joggers/img_00000016.jpg,29,val,data/raw/deepfashion/img/Tribal-Inspired_Woven_Joggers/img_00000016.jpg,dress
img/Floral_Lace_Elasticized_Shorts/img_00000028.jpg,32,val,data/raw/deepfashion/img/Floral_Lace_Elasticized_Shorts/img_00000028.jpg,dress
img/Painted_Floral_Denim_Shorts/img_00000027.jpg,32,val,data/raw/deepfashion/img/Painted_Floral_Denim_Shorts/img_00000027.jpg,dress
img/Abstract_Paisley_Cuffed_Shorts/img_00000008.jpg,32,val,data/raw/deepfashion/img/Abstract_Paisley_Cuffed_Shorts/img_00000008.jpg,dress
img/Layered_Running_Shorts/img_00000033.jpg,32,val,data/raw/deepfashion/img/Layered_Running_Shorts/img_00000033.jpg,dress
img/High-Waisted_Yoga_Shorts/img_00000056.jpg,32,val,data/raw/deepfashion/img/High-Waisted_Yoga_Shorts/img_00000056.jpg,dress
img/Boxy_Soft-Knit_Sweater/img_00000047.jpg,16,val,data/raw/deepfashion/img/Boxy_Soft-Knit_Sweater/img_00000047.jpg,dress
img/Quilted_Dolphin_Shorts/img_00000027.jpg,32,val,data/raw/deepfashion/img/Quilted_Dolphin_Shorts/img_00000027.jpg,dress
img/Heathered_High-Waisted_Leggings/img_00000015.jpg,30,val,data/raw/deepfashion/img/Heathered_High-Waisted_Leggings/img_00000015.jpg,dress
img/Longline_Button-Front_Skirt/img_00000028.jpg,33,val,data/raw/deepfashion/img/Longline_Button-Front_Skirt/img_00000028.jpg,dress
img/Metallic_Knit_Sweater/img_00000033.jpg,16,val,data/raw/deepfashion/img/Metallic_Knit_Sweater/img_00000033.jpg,dress
img/Colorblock_Performance_Shorts/img_00000010.jpg,32,val,data/raw/deepfashion/img/Colorblock_Performance_Shorts/img_00000010.jpg,dress
img/Distressed_Denim_Mini_Skirt/img_00000063.jpg,33,val,data/raw/deepfashion/img/Distressed_Denim_Mini_Skirt/img_00000063.jpg,dress
img/Side-Cutout_Capri_Leggings/img_00000003.jpg,30,val,data/raw/deepfashion/img/Side-Cutout_Capri_Leggings/img_00000003.jpg,dress
img/Crochet-Hem_Shorts/img_00000046.jpg,32,val,data/raw/deepfashion/img/Crochet-Hem_Shorts/img_00000046.jpg,dress
img/Rope-Drawstring_Swim_Trunks/img_00000021.jpg,36,val,data/raw/deepfashion/img/Rope-Drawstring_Swim_Trunks/img_00000021.jpg,dress
img/Rugby_Stripe_Sweater/img_00000033.jpg,16,val,data/raw/deepfashion/img/Rugby_Stripe_Sweater/img_00000033.jpg,dress
img/Colored_Denim_Shorts/img_00000009.jpg,32,val,data/raw/deepfashion/img/Colored_Denim_Shorts/img_00000009.jpg,dress
img/Drawstring_Chino_Shorts/img_00000002.jpg,32,val,data/raw/deepfashion/img/Drawstring_Chino_Shorts/img_00000002.jpg,dress
img/Ribbed_Drawstring_Joggers/img_00000009.jpg,29,val,data/raw/deepfashion/img/Ribbed_Drawstring_Joggers/img_00000009.jpg,dress
img/Seamless_Athletic_Capri_Leggings/img_00000038.jpg,30,val,data/raw/deepfashion/img/Seamless_Athletic_Capri_Leggings/img_00000038.jpg,dress
img/Striped_Joggers/img_00000025.jpg,29,val,data/raw/deepfashion/img/Striped_Joggers/img_00000025.jpg,dress
img/Pleated_Windowpane_Skirt/img_00000034.jpg,33,val,data/raw/deepfashion/img/Pleated_Windowpane_Skirt/img_00000034.jpg,dress
img/Crochet_Lace_Midi_Skirt/img_00000028.jpg,33,val,data/raw/deepfashion/img/Crochet_Lace_Midi_Skirt/img_00000028.jpg,dress
img/Flat_Front_Textured_Shorts/img_00000009.jpg,32,val,data/raw/deepfashion/img/Flat_Front_Textured_Shorts/img_00000009.jpg,dress
img/Open-Knit_Cowl_Neck_Sweater/img_00000011.jpg,16,val,data/raw/deepfashion/img/Open-Knit_Cowl_Neck_Sweater/img_00000011.jpg,dress
img/Longline_Sweater/img_00000037.jpg,16,val,data/raw/deepfashion/img/Longline_Sweater/img_00000037.jpg,dress
img/Side-Pocket_Performance_Leggings/img_00000019.jpg,30,val,data/raw/deepfashion/img/Side-Pocket_Performance_Leggings/img_00000019.jpg,dress
img/Polka_Dot_Swim_Trunks/img_00000010.jpg,36,val,data/raw/deepfashion/img/Polka_Dot_Swim_Trunks/img_00000010.jpg,dress
img/Daisy-Embroidered_Denim_Shorts/img_00000046.jpg,32,val,data/raw/deepfashion/img/Daisy-Embroidered_Denim_Shorts/img_00000046.jpg,dress
img/Distressed_Acid-Wash_Denim_Shorts/img_00000012.jpg,32,val,data/raw/deepfashion/img/Distressed_Acid-Wash_Denim_Shorts/img_00000012.jpg,dress
img/Pleated_Floral_Chiffon_Skirt/img_00000055.jpg,33,val,data/raw/deepfashion/img/Pleated_Floral_Chiffon_Skirt/img_00000055.jpg,dress
img/Pleated_Baroque_Shorts/img_00000001.jpg,32,val,data/raw/deepfashion/img/Pleated_Baroque_Shorts/img_00000001.jpg,dress
img/Striped_Loose-Knit_Sweater/img_00000028.jpg,16,val,data/raw/deepfashion/img/Striped_Loose-Knit_Sweater/img_00000028.jpg,dress
img/Control_Sector_Striped_Cotton-Blend_Shorts/img_00000009.jpg,32,val,data/raw/deepfashion/img/Control_Sector_Striped_Cotton-Blend_Shorts/img_00000009.jpg,dress
img/Striped_Seersucker_Shorts/img_00000009.jpg,32,val,data/raw/deepfashion/img/Striped_Seersucker_Shorts/img_00000009.jpg,dress
img/Knife-Pleated_Denim_Shorts/img_00000035.jpg,32,val,data/raw/deepfashion/img/Knife-Pleated_Denim_Shorts/img_00000035.jpg,dress
img/Colorblocked_Foldover_Leggings/img_00000036.jpg,30,val,data/raw/deepfashion/img/Colorblocked_Foldover_Leggings/img_00000036.jpg,dress
img/Eyelash_Lace-Trimmed_Shorts/img_00000016.jpg,32,val,data/raw/deepfashion/img/Eyelash_Lace-Trimmed_Shorts/img_00000016.jpg,dress
img/Textured_Flat-Front_Shorts/img_00000031.jpg,32,val,data/raw/deepfashion/img/Textured_Flat-Front_Shorts/img_00000031.jpg,dress
img/Heathered_Performance_Leggings/img_00000014.jpg,30,val,data/raw/deepfashion/img/Heathered_Performance_Leggings/img_00000014.jpg,dress
img/Faux_Leather_Shorts/img_00000049.jpg,32,val,data/raw/deepfashion/img/Faux_Leather_Shorts/img_00000049.jpg,dress
img/Nautical_Print_Shorts/img_00000015.jpg,32,val,data/raw/deepfashion/img/Nautical_Print_Shorts/img_00000015.jpg,dress
img/Plaid_Skater_Skirt/img_00000059.jpg,33,val,data/raw/deepfashion/img/Plaid_Skater_Skirt/img_00000059.jpg,dress
img/Paneled_Knit_Leggings/img_00000013.jpg,30,val,data/raw/deepfashion/img/Paneled_Knit_Leggings/img_00000013.jpg,dress
img/Colorblock_Yoga_Capri_Leggings/img_00000054.jpg,30,val,data/raw/deepfashion/img/Colorblock_Yoga_Capri_Leggings/img_00000054.jpg,dress
img/Matelass&eacute;_Pencil_Skirt/img_00000058.jpg,33,val,data/raw/deepfashion/img/Matelass&eacute;_Pencil_Skirt/img_00000058.jpg,dress
img/Control_Sector_Drawstring_Harem_Joggers/img_00000034.jpg,29,val,data/raw/deepfashion/img/Control_Sector_Drawstring_Harem_Joggers/img_00000034.jpg,dress
img/Striped_Midi_Skirt/img_00000045.jpg,33,val,data/raw/deepfashion/img/Striped_Midi_Skirt/img_00000045.jpg,dress
img/Houndstooth_Plaid_Shorts/img_00000014.jpg,32,val,data/raw/deepfashion/img/Houndstooth_Plaid_Shorts/img_00000014.jpg,dress
img/Faux_Leather_Midi_Pencil_Skirt/img_00000005.jpg,33,val,data/raw/deepfashion/img/Faux_Leather_Midi_Pencil_Skirt/img_00000005.jpg,dress
img/Polka_Dot_Shorts/img_00000015.jpg,32,val,data/raw/deepfashion/img/Polka_Dot_Shorts/img_00000015.jpg,dress
img/Multi-Tonal_Loose-Knit_Sweater/img_00000008.jpg,16,val,data/raw/deepfashion/img/Multi-Tonal_Loose-Knit_Sweater/img_00000008.jpg,dress
img/Asymmetrical_Pencil_Skirt/img_00000021.jpg,33,val,data/raw/deepfashion/img/Asymmetrical_Pencil_Skirt/img_00000021.jpg,dress
img/Marled_Tuxedo-Stripe_Joggers/img_00000022.jpg,29,val,data/raw/deepfashion/img/Marled_Tuxedo-Stripe_Joggers/img_00000022.jpg,dress
img/Cable_Knit_Turtleneck_Sweater/img_00000008.jpg,16,val,data/raw/deepfashion/img/Cable_Knit_Turtleneck_Sweater/img_00000008.jpg,dress
img/Scuba_Knit_Pencil_Skirt/img_00000004.jpg,33,val,data/raw/deepfashion/img/Scuba_Knit_Pencil_Skirt/img_00000004.jpg,dress
img/Ribbed_Knit_Cropped_Sweater/img_00000049.jpg,16,val,data/raw/deepfashion/img/Ribbed_Knit_Cropped_Sweater/img_00000049.jpg,dress
img/Floral_Lace_Shorts/img_00000018.jpg,32,val,data/raw/deepfashion/img/Floral_Lace_Shorts/img_00000018.jpg,dress
img/Faux_Leather_Skater_Skirt/img_00000013.jpg,33,val,data/raw/deepfashion/img/Faux_Leather_Skater_Skirt/img_00000013.jpg,dress
img/Varsity_Joggers/img_00000009.jpg,29,val,data/raw/deepfashion/img/Varsity_Joggers/img_00000009.jpg,dress
img/Life_in_Progress_Mineral_Wash_Denim_Joggers/img_00000011.jpg,29,val,data/raw/deepfashion/img/Life_in_Progress_Mineral_Wash_Denim_Joggers/img_00000011.jpg,dress
img/Geo_Girl_Dolphin_Shorts/img_00000034.jpg,32,val,data/raw/deepfashion/img/Geo_Girl_Dolphin_Shorts/img_00000034.jpg,dress
img/Denim_Tulip-Front_Shorts/img_00000002.jpg,32,val,data/raw/deepfashion/img/Denim_Tulip-Front_Shorts/img_00000002.jpg,dress
img/Scalloped_Crochet-Hem_Shorts/img_00000026.jpg,32,val,data/raw/deepfashion/img/Scalloped_Crochet-Hem_Shorts/img_00000026.jpg,dress
img/Eyelash_Knit_Striped_Sweater/img_00000020.jpg,16,val,data/raw/deepfashion/img/Eyelash_Knit_Striped_Sweater/img_00000020.jpg,dress
img/Belted_High-Waisted_Shorts/img_00000040.jpg,32,val,data/raw/deepfashion/img/Belted_High-Waisted_Shorts/img_00000040.jpg,dress
img/Colored_Denim_Shorts/img_00000056.jpg,32,val,data/raw/deepfashion/img/Colored_Denim_Shorts/img_00000056.jpg,dress
img/Paisley_Pattern_Pencil_Skirt/img_00000003.jpg,33,val,data/raw/deepfashion/img/Paisley_Pattern_Pencil_Skirt/img_00000003.jpg,dress
img/Fold-Over_Yoga_Leggings/img_00000025.jpg,30,val,data/raw/deepfashion/img/Fold-Over_Yoga_Leggings/img_00000025.jpg,dress
img/Ikat_Print_Mini_Skirt/img_00000052.jpg,33,val,data/raw/deepfashion/img/Ikat_Print_Mini_Skirt/img_00000052.jpg,dress
img/Abstract_Organza_A-Line_Skirt/img_00000017.jpg,33,val,data/raw/deepfashion/img/Abstract_Organza_A-Line_Skirt/img_00000017.jpg,dress
img/Textured_Midi_Skirt/img_00000021.jpg,33,val,data/raw/deepfashion/img/Textured_Midi_Skirt/img_00000021.jpg,dress
img/Drop-Crotch_Denim_Joggers/img_00000015.jpg,29,val,data/raw/deepfashion/img/Drop-Crotch_Denim_Joggers/img_00000015.jpg,dress
img/Floral_Print_Shorts/img_00000080.jpg,32,val,data/raw/deepfashion/img/Floral_Print_Shorts/img_00000080.jpg,dress
img/Marled_Crochet-Paneled_Sweater/img_00000018.jpg,16,val,data/raw/deepfashion/img/Marled_Crochet-Paneled_Sweater/img_00000018.jpg,dress
img/Striped_Mixed_Knit_Sweater/img_00000046.jpg,16,val,data/raw/deepfashion/img/Striped_Mixed_Knit_Sweater/img_00000046.jpg,dress
img/Palm_Print_Drawstring_Sweatshorts/img_00000003.jpg,35,val,data/raw/deepfashion/img/Palm_Print_Drawstring_Sweatshorts/img_00000003.jpg,dress
img/Asymmetrical_Pencil_Skirt/img_00000016.jpg,33,val,data/raw/deepfashion/img/Asymmetrical_Pencil_Skirt/img_00000016.jpg,dress
img/Pleated_Faux_Leather_Skirt/img_00000036.jpg,33,val,data/raw/deepfashion/img/Pleated_Faux_Leather_Skirt/img_00000036.jpg,dress
img/Rugby_Striped_Crew_Neck_Sweater/img_00000043.jpg,16,val,data/raw/deepfashion/img/Rugby_Striped_Crew_Neck_Sweater/img_00000043.jpg,dress
img/Marled_Cable_Knit_Sweater/img_00000018.jpg,16,val,data/raw/deepfashion/img/Marled_Cable_Knit_Sweater/img_00000018.jpg,dress
img/Everyday_Gathered_Mini_Skirt/img_00000011.jpg,33,val,data/raw/deepfashion/img/Everyday_Gathered_Mini_Skirt/img_00000011.jpg,dress
img/Tile_Print_Pencil_Skirt/img_00000003.jpg,33,val,data/raw/deepfashion/img/Tile_Print_Pencil_Skirt/img_00000003.jpg,dress
img/Solid_Knit_Leggings/img_00000041.jpg,30,val,data/raw/deepfashion/img/Solid_Knit_Leggings/img_00000041.jpg,dress
img/Classic_Capri_Leggings/img_00000030.jpg,30,val,data/raw/deepfashion/img/Classic_Capri_Leggings/img_00000030.jpg,dress
img/Space_Dye_Yoga_Leggings/img_00000009.jpg,30,val,data/raw/deepfashion/img/Space_Dye_Yoga_Leggings/img_00000009.jpg,dress
img/Medium_Wash_Distressed_Denim_Shorts/img_00000030.jpg,32,val,data/raw/deepfashion/img/Medium_Wash_Distressed_Denim_Shorts/img_00000030.jpg,dress
img/Sunburst_Printed_Athletic_Leggings/img_00000006.jpg,30,val,data/raw/deepfashion/img/Sunburst_Printed_Athletic_Leggings/img_00000006.jpg,dress
img/Paisley_Print_Shorts/img_00000021.jpg,32,val,data/raw/deepfashion/img/Paisley_Print_Shorts/img_00000021.jpg,dress
img/Heathered_Colorblocked_Leggings/img_00000014.jpg,30,val,data/raw/deepfashion/img/Heathered_Colorblocked_Leggings/img_00000014.jpg,dress
img/Eyelash_Knit_Ribbed_Sweater/img_00000038.jpg,16,val,data/raw/deepfashion/img/Eyelash_Knit_Ribbed_Sweater/img_00000038.jpg,dress
img/Pleated_Bermuda_Shorts/img_00000020.jpg,32,val,data/raw/deepfashion/img/Pleated_Bermuda_Shorts/img_00000020.jpg,dress
img/Striped_Loose-Knit_Sweater/img_00000027.jpg,16,val,data/raw/deepfashion/img/Striped_Loose-Knit_Sweater/img_00000027.jpg,dress
img/Wildflower_Print_Leggings/img_00000034.jpg,30,val,data/raw/deepfashion/img/Wildflower_Print_Leggings/img_00000034.jpg,dress
img/Heathered_Drawstring_Workout_Shorts/img_00000007.jpg,32,val,data/raw/deepfashion/img/Heathered_Drawstring_Workout_Shorts/img_00000007.jpg,dress
img/Cotton_Twill_Trench_Coat/img_00000031.jpg,39,val,data/raw/deepfashion/img/Cotton_Twill_Trench_Coat/img_00000031.jpg,dress
img/Colorblocked_Scoop_Neck_Sweater/img_00000028.jpg,16,val,data/raw/deepfashion/img/Colorblocked_Scoop_Neck_Sweater/img_00000028.jpg,dress
img/Frond_Print_Pencil_Skirt/img_00000037.jpg,33,val,data/raw/deepfashion/img/Frond_Print_Pencil_Skirt/img_00000037.jpg,dress
img/Zippered_Faux_Leather_Mini_Skirt/img_00000010.jpg,33,val,data/raw/deepfashion/img/Zippered_Faux_Leather_Mini_Skirt/img_00000010.jpg,dress
img/Double-Breasted_Trench_Coat/img_00000069.jpg,39,val,data/raw/deepfashion/img/Double-Breasted_Trench_Coat/img_00000069.jpg,dress
img/Cutoff_Sweat_Shorts/img_00000044.jpg,32,val,data/raw/deepfashion/img/Cutoff_Sweat_Shorts/img_00000044.jpg,dress
img/Pintucked_Mini_Skirt/img_00000018.jpg,33,val,data/raw/deepfashion/img/Pintucked_Mini_Skirt/img_00000018.jpg,dress
img/Dolman_Sleeve_Trench_Coat/img_00000023.jpg,39,val,data/raw/deepfashion/img/Dolman_Sleeve_Trench_Coat/img_00000023.jpg,dress
img/Classic_Cable_Knit_Sweater/img_00000032.jpg,16,val,data/raw/deepfashion/img/Classic_Cable_Knit_Sweater/img_00000032.jpg,dress
img/Classic_Skater_Skirt/img_00000002.jpg,33,val,data/raw/deepfashion/img/Classic_Skater_Skirt/img_00000002.jpg,dress
img/Zip-Pocket_Woven_Shorts/img_00000020.jpg,32,val,data/raw/deepfashion/img/Zip-Pocket_Woven_Shorts/img_00000020.jpg,dress
img/Life_in_Progress_Drawstring_Chambray_Shorts/img_00000003.jpg,32,val,data/raw/deepfashion/img/Life_in_Progress_Drawstring_Chambray_Shorts/img_00000003.jpg,dress
img/Tiered_Paisley_Skirt/img_00000017.jpg,33,val,data/raw/deepfashion/img/Tiered_Paisley_Skirt/img_00000017.jpg,dress
img/Paint_It_Red_Marble_Print_Skirt/img_00000002.jpg,33,val,data/raw/deepfashion/img/Paint_It_Red_Marble_Print_Skirt/img_00000002.jpg,dress
img/Lacy_Rose_PJ_Shorts/img_00000004.jpg,32,val,data/raw/deepfashion/img/Lacy_Rose_PJ_Shorts/img_00000004.jpg,dress
img/Crepe_Pencil_Skirt/img_00000054.jpg,33,val,data/raw/deepfashion/img/Crepe_Pencil_Skirt/img_00000054.jpg,dress
img/Pleated_Overall_Skirt/img_00000014.jpg,33,val,data/raw/deepfashion/img/Pleated_Overall_Skirt/img_00000014.jpg,dress
img/Heathered_Drawstring_Workout_Shorts/img_00000010.jpg,32,val,data/raw/deepfashion/img/Heathered_Drawstring_Workout_Shorts/img_00000010.jpg,dress
img/Slit_Midi_Skirt/img_00000019.jpg,33,val,data/raw/deepfashion/img/Slit_Midi_Skirt/img_00000019.jpg,dress
img/Lace-Trimmed_Denim_Shorts/img_00000011.jpg,32,val,data/raw/deepfashion/img/Lace-Trimmed_Denim_Shorts/img_00000011.jpg,dress
img/Ribbed_Mini_Skirt/img_00000017.jpg,33,val,data/raw/deepfashion/img/Ribbed_Mini_Skirt/img_00000017.jpg,dress
img/High-Waisted_Denim_Skirt/img_00000062.jpg,33,val,data/raw/deepfashion/img/High-Waisted_Denim_Skirt/img_00000062.jpg,dress
img/Cinched_Training_Shorts/img_00000004.jpg,32,val,data/raw/deepfashion/img/Cinched_Training_Shorts/img_00000004.jpg,dress
img/Classic_Slouchy_Sweater/img_00000010.jpg,16,val,data/raw/deepfashion/img/Classic_Slouchy_Sweater/img_00000010.jpg,dress
img/Flat-Front_Shorts/img_00000048.jpg,32,val,data/raw/deepfashion/img/Flat-Front_Shorts/img_00000048.jpg,dress
img/Fluted_Polka_Dot_Skirt/img_00000019.jpg,33,val,data/raw/deepfashion/img/Fluted_Polka_Dot_Skirt/img_00000019.jpg,dress
img/Pleated_Woven_Mini_Skirt/img_00000014.jpg,33,val,data/raw/deepfashion/img/Pleated_Woven_Mini_Skirt/img_00000014.jpg,dress
img/Diagonal_Plaid_Skirt/img_00000013.jpg,33,val,data/raw/deepfashion/img/Diagonal_Plaid_Skirt/img_00000013.jpg,dress
img/High-Waisted_Yoga_Shorts/img_00000066.jpg,32,val,data/raw/deepfashion/img/High-Waisted_Yoga_Shorts/img_00000066.jpg,dress
img/Cuffed_Lined-Blend_Shorts/img_00000018.jpg,32,val,data/raw/deepfashion/img/Cuffed_Lined-Blend_Shorts/img_00000018.jpg,dress
img/Geo_Pattern_Sweater/img_00000003.jpg,16,val,data/raw/deepfashion/img/Geo_Pattern_Sweater/img_00000003.jpg,dress
img/Ditsy_Floral_Print_Leggings/img_00000043.jpg,30,val,data/raw/deepfashion/img/Ditsy_Floral_Print_Leggings/img_00000043.jpg,dress
img/Ikat_Print_Mini_Skirt/img_00000060.jpg,33,val,data/raw/deepfashion/img/Ikat_Print_Mini_Skirt/img_00000060.jpg,dress
img/Textured_Fisherman_Sweater/img_00000005.jpg,16,val,data/raw/deepfashion/img/Textured_Fisherman_Sweater/img_00000005.jpg,dress
img/Heathered_High-Waisted_Yoga_Shorts/img_00000020.jpg,32,val,data/raw/deepfashion/img/Heathered_High-Waisted_Yoga_Shorts/img_00000020.jpg,dress
img/Faux_Leather_Mini_Skirt/img_00000011.jpg,33,val,data/raw/deepfashion/img/Faux_Leather_Mini_Skirt/img_00000011.jpg,dress
img/Embroidered-Front_Woven_Shorts/img_00000014.jpg,32,val,data/raw/deepfashion/img/Embroidered-Front_Woven_Shorts/img_00000014.jpg,dress
img/Classic_French_Terry_Sweatpants/img_00000043.jpg,34,val,data/raw/deepfashion/img/Classic_French_Terry_Sweatpants/img_00000043.jpg,dress
img/Giraffe_Print_Shorts/img_00000006.jpg,32,val,data/raw/deepfashion/img/Giraffe_Print_Shorts/img_00000006.jpg,dress
img/Lace_Pencil_Skirt/img_00000085.jpg,33,val,data/raw/deepfashion/img/Lace_Pencil_Skirt/img_00000085.jpg,dress
img/Lady_Lace_Mini_Skirt/img_00000022.jpg,33,val,data/raw/deepfashion/img/Lady_Lace_Mini_Skirt/img_00000022.jpg,dress
img/Zipper-Front_Shorts/img_00000014.jpg,32,val,data/raw/deepfashion/img/Zipper-Front_Shorts/img_00000014.jpg,dress
img/Faux_Leather_Drawstring_Shorts/img_00000034.jpg,32,val,data/raw/deepfashion/img/Faux_Leather_Drawstring_Shorts/img_00000034.jpg,dress
img/Dotted_Floral_Shorts/img_00000031.jpg,32,val,data/raw/deepfashion/img/Dotted_Floral_Shorts/img_00000031.jpg,dress
img/Ornate_Floral_Print_Shorts/img_00000004.jpg,32,val,data/raw/deepfashion/img/Ornate_Floral_Print_Shorts/img_00000004.jpg,dress
img/Floral_Print_Tulip-Hem_Shorts/img_00000010.jpg,32,val,data/raw/deepfashion/img/Floral_Print_Tulip-Hem_Shorts/img_00000010.jpg,dress
img/Polka_Dot_Chino_Shorts/img_00000042.jpg,32,val,data/raw/deepfashion/img/Polka_Dot_Chino_Shorts/img_00000042.jpg,dress
img/Cutout_Workout_Leggings/img_00000001.jpg,30,val,data/raw/deepfashion/img/Cutout_Workout_Leggings/img_00000001.jpg,dress
img/Loose-Knit_Sweater/img_00000036.jpg,16,val,data/raw/deepfashion/img/Loose-Knit_Sweater/img_00000036.jpg,dress
img/Ribbed_Mini_Skirt/img_00000067.jpg,33,val,data/raw/deepfashion/img/Ribbed_Mini_Skirt/img_00000067.jpg,dress
img/Matelass&eacute;_Stripe_Panel_Skirt/img_00000031.jpg,33,val,data/raw/deepfashion/img/Matelass&eacute;_Stripe_Panel_Skirt/img_00000031.jpg,dress
img/Woven_Pencil_Skirt/img_00000009.jpg,33,val,data/raw/deepfashion/img/Woven_Pencil_Skirt/img_00000009.jpg,dress
img/Fuzzy_Knit_Sweater/img_00000041.jpg,16,val,data/raw/deepfashion/img/Fuzzy_Knit_Sweater/img_00000041.jpg,dress
img/Trouser_Shorts/img_00000028.jpg,32,val,data/raw/deepfashion/img/Trouser_Shorts/img_00000028.jpg,dress
img/Slit_Midi_Skirt/img_00000032.jpg,33,val,data/raw/deepfashion/img/Slit_Midi_Skirt/img_00000032.jpg,dress
img/Scarf-Print_Pencil_Skirt/img_00000056.jpg,33,val,data/raw/deepfashion/img/Scarf-Print_Pencil_Skirt/img_00000056.jpg,dress
img/Beaded_Mini_Skirt/img_00000044.jpg,33,val,data/raw/deepfashion/img/Beaded_Mini_Skirt/img_00000044.jpg,dress
img/Cropped_Open-Knit_Sweater/img_00000059.jpg,16,val,data/raw/deepfashion/img/Cropped_Open-Knit_Sweater/img_00000059.jpg,dress
img/Drawstring_Camo_Shorts/img_00000019.jpg,32,val,data/raw/deepfashion/img/Drawstring_Camo_Shorts/img_00000019.jpg,dress
img/Side-Cutout_Heathered_Shorts/img_00000009.jpg,32,val,data/raw/deepfashion/img/Side-Cutout_Heathered_Shorts/img_00000009.jpg,dress
img/Faux_Leather-Paneled_Leggings/img_00000007.jpg,30,val,data/raw/deepfashion/img/Faux_Leather-Paneled_Leggings/img_00000007.jpg,dress
img/Yoga_Capri_Leggings/img_00000021.jpg,30,val,data/raw/deepfashion/img/Yoga_Capri_Leggings/img_00000021.jpg,dress
img/Textured_Raglan_Sweater/img_00000029.jpg,16,val,data/raw/deepfashion/img/Textured_Raglan_Sweater/img_00000029.jpg,dress
img/Striped_Pleated_Skirt/img_00000011.jpg,33,val,data/raw/deepfashion/img/Striped_Pleated_Skirt/img_00000011.jpg,dress
img/Faux_Mohair_Sweater/img_00000004.jpg,16,val,data/raw/deepfashion/img/Faux_Mohair_Sweater/img_00000004.jpg,dress
img/Linen-Blend_Drawstring_Shorts/img_00000006.jpg,32,val,data/raw/deepfashion/img/Linen-Blend_Drawstring_Shorts/img_00000006.jpg,dress
img/Polka_Dot_Denim_Shorts/img_00000031.jpg,32,val,data/raw/deepfashion/img/Polka_Dot_Denim_Shorts/img_00000031.jpg,dress
img/Striped_Denim_Shorts/img_00000030.jpg,32,val,data/raw/deepfashion/img/Striped_Denim_Shorts/img_00000030.jpg,dress
img/Baroque_Pattern_Skater_Skirt/img_00000021.jpg,33,val,data/raw/deepfashion/img/Baroque_Pattern_Skater_Skirt/img_00000021.jpg,dress
img/Lace-Paneled_Sweater/img_00000008.jpg,16,val,data/raw/deepfashion/img/Lace-Paneled_Sweater/img_00000008.jpg,dress
img/Classic_Boy_Shorts/img_00000064.jpg,32,val,data/raw/deepfashion/img/Classic_Boy_Shorts/img_00000064.jpg,dress
img/Floral_Print_Shorts/img_00000023.jpg,32,val,data/raw/deepfashion/img/Floral_Print_Shorts/img_00000023.jpg,dress
img/Mid-Rise_Denim_Shorts/img_00000066.jpg,32,val,data/raw/deepfashion/img/Mid-Rise_Denim_Shorts/img_00000066.jpg,dress
img/Buttoned_Drawstring_Joggers/img_00000024.jpg,29,val,data/raw/deepfashion/img/Buttoned_Drawstring_Joggers/img_00000024.jpg,dress
img/Drop-Sleeve_V-Neck_Sweater/img_00000041.jpg,16,val,data/raw/deepfashion/img/Drop-Sleeve_V-Neck_Sweater/img_00000041.jpg,dress
img/Heathered_Drawstring_Sweatpants/img_00000026.jpg,34,val,data/raw/deepfashion/img/Heathered_Drawstring_Sweatpants/img_00000026.jpg,dress
img/Classic_Tunic_Sweater/img_00000014.jpg,16,val,data/raw/deepfashion/img/Classic_Tunic_Sweater/img_00000014.jpg,dress
img/Cowl_Neck_Tunic_Sweater/img_00000043.jpg,16,val,data/raw/deepfashion/img/Cowl_Neck_Tunic_Sweater/img_00000043.jpg,dress
img/Boxy_Open-Knit_Sweater/img_00000013.jpg,16,val,data/raw/deepfashion/img/Boxy_Open-Knit_Sweater/img_00000013.jpg,dress
img/Zippered_Faux_Leather_Mini_Skirt/img_00000023.jpg,33,val,data/raw/deepfashion/img/Zippered_Faux_Leather_Mini_Skirt/img_00000023.jpg,dress
img/Abstract_Brushstroke_Sweater/img_00000010.jpg,16,val,data/raw/deepfashion/img/Abstract_Brushstroke_Sweater/img_00000010.jpg,dress
img/Crochet_Cable_Knit_Sweater/img_00000028.jpg,16,val,data/raw/deepfashion/img/Crochet_Cable_Knit_Sweater/img_00000028.jpg,dress
img/Faux_Leather_Skater_Skirt/img_00000075.jpg,33,val,data/raw/deepfashion/img/Faux_Leather_Skater_Skirt/img_00000075.jpg,dress
img/Live_to_Love_Heathered_Sweatpants/img_00000004.jpg,34,val,data/raw/deepfashion/img/Live_to_Love_Heathered_Sweatpants/img_00000004.jpg,dress
img/Zippered_Crew_Neck_Sweater/img_00000010.jpg,16,val,data/raw/deepfashion/img/Zippered_Crew_Neck_Sweater/img_00000010.jpg,dress
img/Tribal_Print_Joggers/img_00000014.jpg,29,val,data/raw/deepfashion/img/Tribal_Print_Joggers/img_00000014.jpg,dress
img/Clear_Cut_High-Waisted_Shorts/img_00000049.jpg,32,val,data/raw/deepfashion/img/Clear_Cut_High-Waisted_Shorts/img_00000049.jpg,dress
img/Tartan_Plaid_PJ_Shorts/img_00000039.jpg,32,val,data/raw/deepfashion/img/Tartan_Plaid_PJ_Shorts/img_00000039.jpg,dress
img/Tribal_Print_Shorts/img_00000048.jpg,32,val,data/raw/deepfashion/img/Tribal_Print_Shorts/img_00000048.jpg,dress
img/Acid_Wash_Denim_Skirt/img_00000046.jpg,33,val,data/raw/deepfashion/img/Acid_Wash_Denim_Skirt/img_00000046.jpg,dress
img/Front-Slit_Pencil_Skirt/img_00000063.jpg,33,val,data/raw/deepfashion/img/Front-Slit_Pencil_Skirt/img_00000063.jpg,dress
img/Polka_Dot_Denim_Shorts/img_00000050.jpg,32,val,data/raw/deepfashion/img/Polka_Dot_Denim_Shorts/img_00000050.jpg,dress
img/Reason_Zip_Pocket_Joggers/img_00000003.jpg,29,val,data/raw/deepfashion/img/Reason_Zip_Pocket_Joggers/img_00000003.jpg,dress
img/Pleated_Windowpane_Skirt/img_00000039.jpg,33,val,data/raw/deepfashion/img/Pleated_Windowpane_Skirt/img_00000039.jpg,dress
img/Ribbed_Stripe_Mini_Skirt/img_00000027.jpg,33,val,data/raw/deepfashion/img/Ribbed_Stripe_Mini_Skirt/img_00000027.jpg,dress
img/High-Waisted_Lounge_Shorts/img_00000001.jpg,32,val,data/raw/deepfashion/img/High-Waisted_Lounge_Shorts/img_00000001.jpg,dress
img/Woven_Pencil_Skirt/img_00000018.jpg,33,val,data/raw/deepfashion/img/Woven_Pencil_Skirt/img_00000018.jpg,dress
img/Pleated_Knit_Joggers/img_00000021.jpg,29,val,data/raw/deepfashion/img/Pleated_Knit_Joggers/img_00000021.jpg,dress
img/Floral_Print_PJ_Shorts/img_00000023.jpg,32,val,data/raw/deepfashion/img/Floral_Print_PJ_Shorts/img_00000023.jpg,dress
img/Geo_Print_Swim_Trunks/img_00000063.jpg,36,val,data/raw/deepfashion/img/Geo_Print_Swim_Trunks/img_00000063.jpg,dress
img/Wildflower_Denim_Shorts/img_00000017.jpg,32,val,data/raw/deepfashion/img/Wildflower_Denim_Shorts/img_00000017.jpg,dress
img/Longline_Tweed_Coat/img_00000007.jpg,39,val,data/raw/deepfashion/img/Longline_Tweed_Coat/img_00000007.jpg,dress
img/Leopard_Print_Skater_Skirt/img_00000072.jpg,33,val,data/raw/deepfashion/img/Leopard_Print_Skater_Skirt/img_00000072.jpg,dress
img/Metallic_Brocade_Mini_Skirt/img_00000014.jpg,33,val,data/raw/deepfashion/img/Metallic_Brocade_Mini_Skirt/img_00000014.jpg,dress
img/Longline_Sleeveless_Sweater/img_00000009.jpg,16,val,data/raw/deepfashion/img/Longline_Sleeveless_Sweater/img_00000009.jpg,dress
img/Faux_Fur_Collar_Coat/img_00000024.jpg,39,val,data/raw/deepfashion/img/Faux_Fur_Collar_Coat/img_00000024.jpg,dress
img/Floral_Raglan_Sweater/img_00000014.jpg,16,val,data/raw/deepfashion/img/Floral_Raglan_Sweater/img_00000014.jpg,dress
img/Mesh-Paneled_Sweater/img_00000012.jpg,16,val,data/raw/deepfashion/img/Mesh-Paneled_Sweater/img_00000012.jpg,dress
img/Tribal_Print_Crepe_Shorts/img_00000007.jpg,32,val,data/raw/deepfashion/img/Tribal_Print_Crepe_Shorts/img_00000007.jpg,dress
img/Textured_Houndstooth_Skirt/img_00000007.jpg,33,val,data/raw/deepfashion/img/Textured_Houndstooth_Skirt/img_00000007.jpg,dress
img/Colorblock_Performance_Capri_Leggings/img_00000022.jpg,30,val,data/raw/deepfashion/img/Colorblock_Performance_Capri_Leggings/img_00000022.jpg,dress
img/Ribbed_Knit_Cropped_Sweater/img_00000031.jpg,16,val,data/raw/deepfashion/img/Ribbed_Knit_Cropped_Sweater/img_00000031.jpg,dress
img/Ribbed_Stripe_A-Line_Skirt/img_00000018.jpg,33,val,data/raw/deepfashion/img/Ribbed_Stripe_A-Line_Skirt/img_00000018.jpg,dress
img/Live_to_Love_Heathered_Sweatpants/img_00000006.jpg,34,val,data/raw/deepfashion/img/Live_to_Love_Heathered_Sweatpants/img_00000006.jpg,dress
img/Safari_Animal_Print_Shorts/img_00000016.jpg,32,val,data/raw/deepfashion/img/Safari_Animal_Print_Shorts/img_00000016.jpg,dress
img/Mesh_Overlay_Shorts/img_00000030.jpg,32,val,data/raw/deepfashion/img/Mesh_Overlay_Shorts/img_00000030.jpg,dress
img/Crew_Neck_Sweater/img_00000033.jpg,16,val,data/raw/deepfashion/img/Crew_Neck_Sweater/img_00000033.jpg,dress
img/Floral_Lace_Shorts/img_00000055.jpg,32,val,data/raw/deepfashion/img/Floral_Lace_Shorts/img_00000055.jpg,dress
img/Marled_Knit_Ombr&eacute;_Sweater/img_00000001.jpg,16,val,data/raw/deepfashion/img/Marled_Knit_Ombr&eacute;_Sweater/img_00000001.jpg,dress
img/Textured_Marled_Knit_Sweater/img_00000016.jpg,16,val,data/raw/deepfashion/img/Textured_Marled_Knit_Sweater/img_00000016.jpg,dress
img/Mineral_Wash_Drawstring_Sweatpants/img_00000009.jpg,34,val,data/raw/deepfashion/img/Mineral_Wash_Drawstring_Sweatpants/img_00000009.jpg,dress
img/Faux_Leather-Paneled_Shorts/img_00000001.jpg,32,val,data/raw/deepfashion/img/Faux_Leather-Paneled_Shorts/img_00000001.jpg,dress
img/Marled_Knit_Pencil_Skirt/img_00000029.jpg,33,val,data/raw/deepfashion/img/Marled_Knit_Pencil_Skirt/img_00000029.jpg,dress
img/Flat-Front_Linen_Shorts/img_00000055.jpg,32,val,data/raw/deepfashion/img/Flat-Front_Linen_Shorts/img_00000055.jpg,dress
img/Cutout_Purl_Knit_Sweater/img_00000003.jpg,16,val,data/raw/deepfashion/img/Cutout_Purl_Knit_Sweater/img_00000003.jpg,dress
img/Distressed_Denim_Mini_Skirt/img_00000008.jpg,33,val,data/raw/deepfashion/img/Distressed_Denim_Mini_Skirt/img_00000008.jpg,dress
img/Abstract_Grid_Print_Pleated_Shorts/img_00000028.jpg,32,val,data/raw/deepfashion/img/Abstract_Grid_Print_Pleated_Shorts/img_00000028.jpg,dress
img/Bandana_Print_Sweatpants/img_00000071.jpg,34,val,data/raw/deepfashion/img/Bandana_Print_Sweatpants/img_00000071.jpg,dress
img/Distressed_Paint-Flecked_Denim_Shorts/img_00000019.jpg,32,val,data/raw/deepfashion/img/Distressed_Paint-Flecked_Denim_Shorts/img_00000019.jpg,dress
img/Chambray_Drawstring_Joggers/img_00000063.jpg,29,val,data/raw/deepfashion/img/Chambray_Drawstring_Joggers/img_00000063.jpg,dress
img/Boxy_Raglan_Sweater/img_00000053.jpg,16,val,data/raw/deepfashion/img/Boxy_Raglan_Sweater/img_00000053.jpg,dress
img/Leopard_Print_Joggers/img_00000083.jpg,29,val,data/raw/deepfashion/img/Leopard_Print_Joggers/img_00000083.jpg,dress
img/Boxy_Open-Knit_Sweater/img_00000058.jpg,16,val,data/raw/deepfashion/img/Boxy_Open-Knit_Sweater/img_00000058.jpg,dress
img/Colorblocked_Cable_Knit_Sweater/img_00000003.jpg,16,val,data/raw/deepfashion/img/Colorblocked_Cable_Knit_Sweater/img_00000003.jpg,dress
img/Pleated_Metallic_Skirt/img_00000027.jpg,33,val,data/raw/deepfashion/img/Pleated_Metallic_Skirt/img_00000027.jpg,dress
img/Daisy_Lace_Skater_Skirt/img_00000046.jpg,33,val,data/raw/deepfashion/img/Daisy_Lace_Skater_Skirt/img_00000046.jpg,dress
img/Floral_Print_Skater_Skirt/img_00000040.jpg,33,val,data/raw/deepfashion/img/Floral_Print_Skater_Skirt/img_00000040.jpg,dress
img/Distressed_Denim_Mini_Skirt/img_00000046.jpg,33,val,data/raw/deepfashion/img/Distressed_Denim_Mini_Skirt/img_00000046.jpg,dress
img/Linen-Blend_Drawstring_Shorts/img_00000058.jpg,32,val,data/raw/deepfashion/img/Linen-Blend_Drawstring_Shorts/img_00000058.jpg,dress
img/Longline_Sweater/img_00000009.jpg,16,val,data/raw/deepfashion/img/Longline_Sweater/img_00000009.jpg,dress
img/Floral_Print_Sweatshorts/img_00000036.jpg,35,val,data/raw/deepfashion/img/Floral_Print_Sweatshorts/img_00000036.jpg,dress
img/Textured_Fisherman_Sweater/img_00000032.jpg,16,val,data/raw/deepfashion/img/Textured_Fisherman_Sweater/img_00000032.jpg,dress
img/Tie_Dye_Pencil_Skirt/img_00000014.jpg,33,val,data/raw/deepfashion/img/Tie_Dye_Pencil_Skirt/img_00000014.jpg,dress
img/Acid_Wash_Joggers/img_00000041.jpg,29,val,data/raw/deepfashion/img/Acid_Wash_Joggers/img_00000041.jpg,dress
img/Floral_Lace_Pencil_Skirt/img_00000063.jpg,33,val,data/raw/deepfashion/img/Floral_Lace_Pencil_Skirt/img_00000063.jpg,dress
img/Texture-Paneled_Performance_Shorts/img_00000011.jpg,32,val,data/raw/deepfashion/img/Texture-Paneled_Performance_Shorts/img_00000011.jpg,dress
img/Colorblocked_Yoga_Capri_Leggings/img_00000016.jpg,30,val,data/raw/deepfashion/img/Colorblocked_Yoga_Capri_Leggings/img_00000016.jpg,dress
img/Tropical_Print_Shorts/img_00000066.jpg,32,val,data/raw/deepfashion/img/Tropical_Print_Shorts/img_00000066.jpg,dress
img/Textured_Fisherman_Sweater/img_00000018.jpg,16,val,data/raw/deepfashion/img/Textured_Fisherman_Sweater/img_00000018.jpg,dress
img/Tribal_Inspired_Joggers/img_00000013.jpg,29,val,data/raw/deepfashion/img/Tribal_Inspired_Joggers/img_00000013.jpg,dress
img/Cotton_&_Linen_Pleated_Shorts/img_00000020.jpg,32,val,data/raw/deepfashion/img/Cotton_&_Linen_Pleated_Shorts/img_00000020.jpg,dress
img/Flatfront_Denim_Skirt/img_00000009.jpg,33,val,data/raw/deepfashion/img/Flatfront_Denim_Skirt/img_00000009.jpg,dress
img/Acid_Washed_Denim_Skater_Skirt/img_00000022.jpg,33,val,data/raw/deepfashion/img/Acid_Washed_Denim_Skater_Skirt/img_00000022.jpg,dress
img/Zig_Zag-Patterned_Shorts/img_00000039.jpg,32,val,data/raw/deepfashion/img/Zig_Zag-Patterned_Shorts/img_00000039.jpg,dress
img/Side-Cutout_Capri_Leggings/img_00000010.jpg,30,val,data/raw/deepfashion/img/Side-Cutout_Capri_Leggings/img_00000010.jpg,dress
img/Classic_Capri_Leggings/img_00000062.jpg,30,val,data/raw/deepfashion/img/Classic_Capri_Leggings/img_00000062.jpg,dress
img/Pleated_Floral_Print_Shorts/img_00000006.jpg,32,val,data/raw/deepfashion/img/Pleated_Floral_Print_Shorts/img_00000006.jpg,dress
img/Elasticized_Chino_Shorts/img_00000029.jpg,32,val,data/raw/deepfashion/img/Elasticized_Chino_Shorts/img_00000029.jpg,dress
img/Faux_Mohair_Sweater/img_00000006.jpg,16,val,data/raw/deepfashion/img/Faux_Mohair_Sweater/img_00000006.jpg,dress
img/Striped_Fold-Over_Maxi_Skirt/img_00000030.jpg,33,val,data/raw/deepfashion/img/Striped_Fold-Over_Maxi_Skirt/img_00000030.jpg,dress
img/Quilted_Sweater/img_00000051.jpg,16,val,data/raw/deepfashion/img/Quilted_Sweater/img_00000051.jpg,dress
img/Easy_Chino_Shorts/img_00000045.jpg,32,val,data/raw/deepfashion/img/Easy_Chino_Shorts/img_00000045.jpg,dress
img/Faux_Mohair_Sweater/img_00000065.jpg,16,val,data/raw/deepfashion/img/Faux_Mohair_Sweater/img_00000065.jpg,dress
img/Rolled-Edge_Sweater/img_00000039.jpg,16,val,data/raw/deepfashion/img/Rolled-Edge_Sweater/img_00000039.jpg,dress
img/Chambray_Drawstring_Joggers/img_00000012.jpg,29,val,data/raw/deepfashion/img/Chambray_Drawstring_Joggers/img_00000012.jpg,dress
img/Heathered_Joggers/img_00000044.jpg,29,val,data/raw/deepfashion/img/Heathered_Joggers/img_00000044.jpg,dress
img/Herringbone-Patterned_Cutout_Shorts/img_00000011.jpg,32,val,data/raw/deepfashion/img/Herringbone-Patterned_Cutout_Shorts/img_00000011.jpg,dress
img/Box_Pleat_A-Line_Skirt/img_00000033.jpg,33,val,data/raw/deepfashion/img/Box_Pleat_A-Line_Skirt/img_00000033.jpg,dress
img/Flat_Front_Textured_Shorts/img_00000017.jpg,32,val,data/raw/deepfashion/img/Flat_Front_Textured_Shorts/img_00000017.jpg,dress
img/Faux_Leather_A-Line_Skirt/img_00000060.jpg,33,val,data/raw/deepfashion/img/Faux_Leather_A-Line_Skirt/img_00000060.jpg,dress
img/Ribbed-Trim_Denim_Joggers/img_00000029.jpg,29,val,data/raw/deepfashion/img/Ribbed-Trim_Denim_Joggers/img_00000029.jpg,dress
img/High-Waisted_Plaid_Shorts/img_00000037.jpg,32,val,data/raw/deepfashion/img/High-Waisted_Plaid_Shorts/img_00000037.jpg,dress
img/Easy_Open-Knit_Sweater/img_00000012.jpg,16,val,data/raw/deepfashion/img/Easy_Open-Knit_Sweater/img_00000012.jpg,dress
img/Geo_Pattern_Sweater/img_00000005.jpg,16,val,data/raw/deepfashion/img/Geo_Pattern_Sweater/img_00000005.jpg,dress
img/Tribal_Print_Skater_Skirt/img_00000057.jpg,33,val,data/raw/deepfashion/img/Tribal_Print_Skater_Skirt/img_00000057.jpg,dress
img/Blue_Jeans_Acid_Wash_Shorts/img_00000070.jpg,32,val,data/raw/deepfashion/img/Blue_Jeans_Acid_Wash_Shorts/img_00000070.jpg,dress
img/Chambray_Drawstring_Joggers/img_00000020.jpg,29,val,data/raw/deepfashion/img/Chambray_Drawstring_Joggers/img_00000020.jpg,dress
img/Distressed_Denim_Shorts/img_00000020.jpg,32,val,data/raw/deepfashion/img/Distressed_Denim_Shorts/img_00000020.jpg,dress
img/Knit_Skater_Skirt/img_00000024.jpg,33,val,data/raw/deepfashion/img/Knit_Skater_Skirt/img_00000024.jpg,dress
img/Leopard_Print_Cutoff_Sweatshorts/img_00000013.jpg,35,val,data/raw/deepfashion/img/Leopard_Print_Cutoff_Sweatshorts/img_00000013.jpg,dress
img/Blue_Jeans_Acid_Wash_Shorts/img_00000037.jpg,32,val,data/raw/deepfashion/img/Blue_Jeans_Acid_Wash_Shorts/img_00000037.jpg,dress
img/Paisley_Print_Maxi_Skirt/img_00000018.jpg,33,val,data/raw/deepfashion/img/Paisley_Print_Maxi_Skirt/img_00000018.jpg,dress
img/Leopard_Print_Cutoff_Sweatshorts/img_00000005.jpg,35,val,data/raw/deepfashion/img/Leopard_Print_Cutoff_Sweatshorts/img_00000005.jpg,dress
img/Crochet_Lace_Midi_Skirt/img_00000001.jpg,33,val,data/raw/deepfashion/img/Crochet_Lace_Midi_Skirt/img_00000001.jpg,dress
img/Striped_Heathered_Cardio_Shorts/img_00000011.jpg,32,val,data/raw/deepfashion/img/Striped_Heathered_Cardio_Shorts/img_00000011.jpg,dress
img/Heathered_Wool_Sweater/img_00000035.jpg,16,val,data/raw/deepfashion/img/Heathered_Wool_Sweater/img_00000035.jpg,dress
img/Belted_High-Waisted_Shorts/img_00000033.jpg,32,val,data/raw/deepfashion/img/Belted_High-Waisted_Shorts/img_00000033.jpg,dress
img/Herringbone-Patterned_Cutout_Shorts/img_00000013.jpg,32,val,data/raw/deepfashion/img/Herringbone-Patterned_Cutout_Shorts/img_00000013.jpg,dress
img/Baroque_Print_Drawstring_Shorts/img_00000052.jpg,32,val,data/raw/deepfashion/img/Baroque_Print_Drawstring_Shorts/img_00000052.jpg,dress
img/Tropical_Print_Shorts/img_00000068.jpg,32,val,data/raw/deepfashion/img/Tropical_Print_Shorts/img_00000068.jpg,dress
img/Floral-Paneled_Mini_Skirt/img_00000020.jpg,33,val,data/raw/deepfashion/img/Floral-Paneled_Mini_Skirt/img_00000020.jpg,dress
img/Crinkled_Gauze_Skirt/img_00000041.jpg,33,val,data/raw/deepfashion/img/Crinkled_Gauze_Skirt/img_00000041.jpg,dress
img/Tulle_Overlay_Maxi_Skirt/img_00000054.jpg,33,val,data/raw/deepfashion/img/Tulle_Overlay_Maxi_Skirt/img_00000054.jpg,dress
img/Colored_Denim_Shorts/img_00000017.jpg,32,val,data/raw/deepfashion/img/Colored_Denim_Shorts/img_00000017.jpg,dress
img/Heathered_Drawstring_Sweatpants/img_00000016.jpg,34,val,data/raw/deepfashion/img/Heathered_Drawstring_Sweatpants/img_00000016.jpg,dress
img/Paneled_Knit_Leggings/img_00000004.jpg,30,val,data/raw/deepfashion/img/Paneled_Knit_Leggings/img_00000004.jpg,dress
img/Scarf-Print_Pencil_Skirt/img_00000048.jpg,33,val,data/raw/deepfashion/img/Scarf-Print_Pencil_Skirt/img_00000048.jpg,dress
img/Pleated_Maxi_Skirt/img_00000080.jpg,33,val,data/raw/deepfashion/img/Pleated_Maxi_Skirt/img_00000080.jpg,dress
img/Ruched-Sleeve_Sweater/img_00000009.jpg,16,val,data/raw/deepfashion/img/Ruched-Sleeve_Sweater/img_00000009.jpg,dress
img/Deep_V-Neck_Sweater/img_00000047.jpg,16,val,data/raw/deepfashion/img/Deep_V-Neck_Sweater/img_00000047.jpg,dress
img/Rose_Print_Pleated_Skirt/img_00000041.jpg,33,val,data/raw/deepfashion/img/Rose_Print_Pleated_Skirt/img_00000041.jpg,dress
img/Marled_Drop-Sleeve_Sweater/img_00000022.jpg,16,val,data/raw/deepfashion/img/Marled_Drop-Sleeve_Sweater/img_00000022.jpg,dress
img/High-Waisted_Cargo_Joggers/img_00000039.jpg,29,val,data/raw/deepfashion/img/High-Waisted_Cargo_Joggers/img_00000039.jpg,dress
img/Side-Slit_Knit_Sweater/img_00000030.jpg,16,val,data/raw/deepfashion/img/Side-Slit_Knit_Sweater/img_00000030.jpg,dress
img/Tropical_Print_Mini_Skirt/img_00000021.jpg,33,val,data/raw/deepfashion/img/Tropical_Print_Mini_Skirt/img_00000021.jpg,dress
img/Abstract-Printed_Capri_Leggings/img_00000003.jpg,30,val,data/raw/deepfashion/img/Abstract-Printed_Capri_Leggings/img_00000003.jpg,dress
img/Abstract_Print_Maxi_Skirt/img_00000018.jpg,33,val,data/raw/deepfashion/img/Abstract_Print_Maxi_Skirt/img_00000018.jpg,dress
img/Sequined_Drawstring_Shorts/img_00000024.jpg,32,val,data/raw/deepfashion/img/Sequined_Drawstring_Shorts/img_00000024.jpg,dress
img/Abstract_Brushstroke_Sweater/img_00000015.jpg,16,val,data/raw/deepfashion/img/Abstract_Brushstroke_Sweater/img_00000015.jpg,dress
img/Chenille_&_Metallic_Knit_Skirt/img_00000019.jpg,33,val,data/raw/deepfashion/img/Chenille_&_Metallic_Knit_Skirt/img_00000019.jpg,dress
img/Flat-Front_Linen_Shorts/img_00000013.jpg,32,val,data/raw/deepfashion/img/Flat-Front_Linen_Shorts/img_00000013.jpg,dress
img/Micro-Striped_Trouser_Shorts/img_00000022.jpg,32,val,data/raw/deepfashion/img/Micro-Striped_Trouser_Shorts/img_00000022.jpg,dress
img/Vented_Pencil_Skirt/img_00000026.jpg,33,val,data/raw/deepfashion/img/Vented_Pencil_Skirt/img_00000026.jpg,dress
img/Striped_Pleated_Skirt/img_00000073.jpg,33,val,data/raw/deepfashion/img/Striped_Pleated_Skirt/img_00000073.jpg,dress
img/Pleated_Chiffon_Skirt/img_00000081.jpg,33,val,data/raw/deepfashion/img/Pleated_Chiffon_Skirt/img_00000081.jpg,dress
img/Heathered_Snoopy_Sweatpants/img_00000009.jpg,34,val,data/raw/deepfashion/img/Heathered_Snoopy_Sweatpants/img_00000009.jpg,dress
img/Boxy_Stripe_Sweater/img_00000009.jpg,16,val,data/raw/deepfashion/img/Boxy_Stripe_Sweater/img_00000009.jpg,dress
img/Velveteen_Damask-Patterned_Leggings/img_00000035.jpg,30,val,data/raw/deepfashion/img/Velveteen_Damask-Patterned_Leggings/img_00000035.jpg,dress
img/Damask_Print_Leggings/img_00000015.jpg,30,val,data/raw/deepfashion/img/Damask_Print_Leggings/img_00000015.jpg,dress
img/Reindeer_Pattern_Sweater/img_00000036.jpg,16,val,data/raw/deepfashion/img/Reindeer_Pattern_Sweater/img_00000036.jpg,dress
img/Mesh_Tuxedo-Striped_Sweatpants/img_00000027.jpg,34,val,data/raw/deepfashion/img/Mesh_Tuxedo-Striped_Sweatpants/img_00000027.jpg,dress
img/Mock_Neck_Fuzzy_Sweater/img_00000018.jpg,16,val,data/raw/deepfashion/img/Mock_Neck_Fuzzy_Sweater/img_00000018.jpg,dress
img/Pleated_Faux_Leather_Skirt/img_00000010.jpg,33,val,data/raw/deepfashion/img/Pleated_Faux_Leather_Skirt/img_00000010.jpg,dress
img/Peter_Pan_Collar_Sweater/img_00000015.jpg,16,val,data/raw/deepfashion/img/Peter_Pan_Collar_Sweater/img_00000015.jpg,dress
img/Miami_Heat_Athletic_Shorts/img_00000003.jpg,32,val,data/raw/deepfashion/img/Miami_Heat_Athletic_Shorts/img_00000003.jpg,dress
img/Colorblocked_Swim_Trunks/img_00000003.jpg,36,val,data/raw/deepfashion/img/Colorblocked_Swim_Trunks/img_00000003.jpg,dress
img/Dip-Dye_Sweater/img_00000047.jpg,16,val,data/raw/deepfashion/img/Dip-Dye_Sweater/img_00000047.jpg,dress
img/Southwestern-Inspired_Knit_Leggings/img_00000017.jpg,30,val,data/raw/deepfashion/img/Southwestern-Inspired_Knit_Leggings/img_00000017.jpg,dress
img/Striped_Pencil_Skirt/img_00000057.jpg,33,val,data/raw/deepfashion/img/Striped_Pencil_Skirt/img_00000057.jpg,dress
img/Paisley_Print_Shorts/img_00000039.jpg,32,val,data/raw/deepfashion/img/Paisley_Print_Shorts/img_00000039.jpg,dress
img/Boxy_Raglan_Sweater/img_00000044.jpg,16,val,data/raw/deepfashion/img/Boxy_Raglan_Sweater/img_00000044.jpg,dress
img/High-Waisted_Leggings/img_00000075.jpg,30,val,data/raw/deepfashion/img/High-Waisted_Leggings/img_00000075.jpg,dress
img/Heathered_Cities_Graphic_Sweater/img_00000007.jpg,16,val,data/raw/deepfashion/img/Heathered_Cities_Graphic_Sweater/img_00000007.jpg,dress
img/Self-Tie_Knit_Skirt/img_00000011.jpg,33,val,data/raw/deepfashion/img/Self-Tie_Knit_Skirt/img_00000011.jpg,dress
img/Crochet-Hem_Smocked_Shorts/img_00000004.jpg,32,val,data/raw/deepfashion/img/Crochet-Hem_Smocked_Shorts/img_00000004.jpg,dress
img/Drop-Sleeve_V-Neck_Sweater/img_00000001.jpg,16,val,data/raw/deepfashion/img/Drop-Sleeve_V-Neck_Sweater/img_00000001.jpg,dress
img/Two-Tone_Denim_Shorts/img_00000053.jpg,32,val,data/raw/deepfashion/img/Two-Tone_Denim_Shorts/img_00000053.jpg,dress
img/Pleated_Linen-Blend_Shorts/img_00000025.jpg,32,val,data/raw/deepfashion/img/Pleated_Linen-Blend_Shorts/img_00000025.jpg,dress
img/L.A.T.H.C._Abstract_Print-Paneled_Sweatpants/img_00000009.jpg,34,val,data/raw/deepfashion/img/L.A.T.H.C._Abstract_Print-Paneled_Sweatpants/img_00000009.jpg,dress
img/Heathered_Drawstring_Sweatpants/img_00000027.jpg,34,val,data/raw/deepfashion/img/Heathered_Drawstring_Sweatpants/img_00000027.jpg,dress
img/High-Waist_Denim_Shorts/img_00000029.jpg,32,val,data/raw/deepfashion/img/High-Waist_Denim_Shorts/img_00000029.jpg,dress
img/Striped_Knit_Sweater/img_00000027.jpg,16,val,data/raw/deepfashion/img/Striped_Knit_Sweater/img_00000027.jpg,dress
img/Fold-Over_Waist_Shorts/img_00000002.jpg,32,val,data/raw/deepfashion/img/Fold-Over_Waist_Shorts/img_00000002.jpg,dress
img/Solid_Raglan_Sweater/img_00000038.jpg,16,val,data/raw/deepfashion/img/Solid_Raglan_Sweater/img_00000038.jpg,dress
img/Drop-Crotch_Denim_Joggers/img_00000026.jpg,29,val,data/raw/deepfashion/img/Drop-Crotch_Denim_Joggers/img_00000026.jpg,dress
img/Geo_Tribal_Print_A-Line_Skirt/img_00000022.jpg,33,val,data/raw/deepfashion/img/Geo_Tribal_Print_A-Line_Skirt/img_00000022.jpg,dress
img/Daisy_Cutoff_Shorts/img_00000056.jpg,32,val,data/raw/deepfashion/img/Daisy_Cutoff_Shorts/img_00000056.jpg,dress
img/Baroque_Print_Shorts/img_00000013.jpg,32,val,data/raw/deepfashion/img/Baroque_Print_Shorts/img_00000013.jpg,dress
img/Embroidered_Mini_Skirt/img_00000021.jpg,33,val,data/raw/deepfashion/img/Embroidered_Mini_Skirt/img_00000021.jpg,dress
img/Marled_Drawstring_Joggers/img_00000016.jpg,29,val,data/raw/deepfashion/img/Marled_Drawstring_Joggers/img_00000016.jpg,dress
img/Chunky_Knit_Sweater/img_00000009.jpg,16,val,data/raw/deepfashion/img/Chunky_Knit_Sweater/img_00000009.jpg,dress
img/Drop-Sleeve_V-Neck_Sweater/img_00000025.jpg,16,val,data/raw/deepfashion/img/Drop-Sleeve_V-Neck_Sweater/img_00000025.jpg,dress
img/Embroidered_Denim_Shorts/img_00000029.jpg,32,val,data/raw/deepfashion/img/Embroidered_Denim_Shorts/img_00000029.jpg,dress
img/Striped_Boat_Neck_Sweater/img_00000020.jpg,16,val,data/raw/deepfashion/img/Striped_Boat_Neck_Sweater/img_00000020.jpg,dress
img/Dot-Pocket_Paneled_Sweatpants/img_00000036.jpg,34,val,data/raw/deepfashion/img/Dot-Pocket_Paneled_Sweatpants/img_00000036.jpg,dress
img/Lace-Up_Denim_Shorts/img_00000001.jpg,32,val,data/raw/deepfashion/img/Lace-Up_Denim_Shorts/img_00000001.jpg,dress
img/Striped_Mesh-Paneled_Capri_Leggings/img_00000001.jpg,30,val,data/raw/deepfashion/img/Striped_Mesh-Paneled_Capri_Leggings/img_00000001.jpg,dress
img/Ribbed_Turtleneck_Sweater/img_00000013.jpg,16,val,data/raw/deepfashion/img/Ribbed_Turtleneck_Sweater/img_00000013.jpg,dress
img/Sequined_Chevron-Pattern_Skirt/img_00000004.jpg,33,val,data/raw/deepfashion/img/Sequined_Chevron-Pattern_Skirt/img_00000004.jpg,dress
img/Denim_Dolphin_Hem_Shorts/img_00000055.jpg,32,val,data/raw/deepfashion/img/Denim_Dolphin_Hem_Shorts/img_00000055.jpg,dress
img/High-Waisted_Plaid_Shorts/img_00000029.jpg,32,val,data/raw/deepfashion/img/High-Waisted_Plaid_Shorts/img_00000029.jpg,dress
img/Ornate_Floral_Drawstring_Shorts/img_00000003.jpg,32,val,data/raw/deepfashion/img/Ornate_Floral_Drawstring_Shorts/img_00000003.jpg,dress
img/Classic_Knit_Leggings/img_00000034.jpg,30,val,data/raw/deepfashion/img/Classic_Knit_Leggings/img_00000034.jpg,dress
img/Easy_Chino_Shorts/img_00000008.jpg,32,val,data/raw/deepfashion/img/Easy_Chino_Shorts/img_00000008.jpg,dress
img/Crochet-Hemmed_Denim_Shorts/img_00000010.jpg,32,val,data/raw/deepfashion/img/Crochet-Hemmed_Denim_Shorts/img_00000010.jpg,dress
img/Floral_Print_Chiffon_Shorts/img_00000018.jpg,32,val,data/raw/deepfashion/img/Floral_Print_Chiffon_Shorts/img_00000018.jpg,dress
img/Belted_Wrap_Coat/img_00000044.jpg,39,val,data/raw/deepfashion/img/Belted_Wrap_Coat/img_00000044.jpg,dress
img/Polka_Dot_Matelot_Shorts/img_00000010.jpg,32,val,data/raw/deepfashion/img/Polka_Dot_Matelot_Shorts/img_00000010.jpg,dress
img/Woven_Trench_Coat/img_00000016.jpg,39,val,data/raw/deepfashion/img/Woven_Trench_Coat/img_00000016.jpg,dress
img/Marled_Crochet-Back_Sweater/img_00000018.jpg,16,val,data/raw/deepfashion/img/Marled_Crochet-Back_Sweater/img_00000018.jpg,dress
img/Diamond-Knit_Sweater/img_00000009.jpg,16,val,data/raw/deepfashion/img/Diamond-Knit_Sweater/img_00000009.jpg,dress
img/Faux_Leather_Zippered_Skirt/img_00000045.jpg,33,val,data/raw/deepfashion/img/Faux_Leather_Zippered_Skirt/img_00000045.jpg,dress
img/Favorite_Ankle_Leggings/img_00000064.jpg,30,val,data/raw/deepfashion/img/Favorite_Ankle_Leggings/img_00000064.jpg,dress
img/Must-Have_Slit_Maxi_Skirt/img_00000004.jpg,33,val,data/raw/deepfashion/img/Must-Have_Slit_Maxi_Skirt/img_00000004.jpg,dress
img/Cable_Knit_Sweater/img_00000018.jpg,16,val,data/raw/deepfashion/img/Cable_Knit_Sweater/img_00000018.jpg,dress
img/Mandala_Print_Skirt/img_00000031.jpg,33,val,data/raw/deepfashion/img/Mandala_Print_Skirt/img_00000031.jpg,dress
img/Nautical_Striped_Sweater/img_00000018.jpg,16,val,data/raw/deepfashion/img/Nautical_Striped_Sweater/img_00000018.jpg,dress
img/Boxy_Open-Knit_Sweater/img_00000055.jpg,16,val,data/raw/deepfashion/img/Boxy_Open-Knit_Sweater/img_00000055.jpg,dress
img/Zippered_Faux_Leather_Mini_Skirt/img_00000040.jpg,33,val,data/raw/deepfashion/img/Zippered_Faux_Leather_Mini_Skirt/img_00000040.jpg,dress
img/High-Waisted_Workout_Shorts/img_00000010.jpg,32,val,data/raw/deepfashion/img/High-Waisted_Workout_Shorts/img_00000010.jpg,dress
img/Faux_Leather_Joggers/img_00000056.jpg,29,val,data/raw/deepfashion/img/Faux_Leather_Joggers/img_00000056.jpg,dress
img/Southwestern_Print_Pleated_Skirt/img_00000014.jpg,33,val,data/raw/deepfashion/img/Southwestern_Print_Pleated_Skirt/img_00000014.jpg,dress
img/Floral_Print_A-Line_Skirt/img_00000026.jpg,33,val,data/raw/deepfashion/img/Floral_Print_A-Line_Skirt/img_00000026.jpg,dress
img/Belted_Leaf_Print_Shorts/img_00000040.jpg,32,val,data/raw/deepfashion/img/Belted_Leaf_Print_Shorts/img_00000040.jpg,dress
img/Embroidered_Faux_Leather_Pencil_Skirt/img_00000008.jpg,33,val,data/raw/deepfashion/img/Embroidered_Faux_Leather_Pencil_Skirt/img_00000008.jpg,dress
img/Western-Inspired_Denim_Shorts/img_00000033.jpg,32,val,data/raw/deepfashion/img/Western-Inspired_Denim_Shorts/img_00000033.jpg,dress
img/Tulip-Front_Maxi_Skirt/img_00000004.jpg,33,val,data/raw/deepfashion/img/Tulip-Front_Maxi_Skirt/img_00000004.jpg,dress
img/Captain_Graphic_Sweatpants/img_00000003.jpg,34,val,data/raw/deepfashion/img/Captain_Graphic_Sweatpants/img_00000003.jpg,dress
img/Free_Spirit_Sweater/img_00000025.jpg,16,val,data/raw/deepfashion/img/Free_Spirit_Sweater/img_00000025.jpg,dress
img/Ribbed_Stripe_Skirt/img_00000036.jpg,33,val,data/raw/deepfashion/img/Ribbed_Stripe_Skirt/img_00000036.jpg,dress
img/Plaid_Knit_Sweater/img_00000020.jpg,16,val,data/raw/deepfashion/img/Plaid_Knit_Sweater/img_00000020.jpg,dress
img/Purl_Knit_Sweater/img_00000016.jpg,16,val,data/raw/deepfashion/img/Purl_Knit_Sweater/img_00000016.jpg,dress
img/Denim_A-Line_Skirt/img_00000022.jpg,33,val,data/raw/deepfashion/img/Denim_A-Line_Skirt/img_00000022.jpg,dress
img/Daisy-Embroidered_Denim_Shorts/img_00000037.jpg,32,val,data/raw/deepfashion/img/Daisy-Embroidered_Denim_Shorts/img_00000037.jpg,dress
img/Doodle_Print-Paneled_Sweatpants/img_00000003.jpg,34,val,data/raw/deepfashion/img/Doodle_Print-Paneled_Sweatpants/img_00000003.jpg,dress
img/Button-Front_Mini_Skirt/img_00000021.jpg,33,val,data/raw/deepfashion/img/Button-Front_Mini_Skirt/img_00000021.jpg,dress
img/Boho_Doll_Paisley_Joggers/img_00000003.jpg,29,val,data/raw/deepfashion/img/Boho_Doll_Paisley_Joggers/img_00000003.jpg,dress
img/High-Waisted_Yoga_Shorts/img_00000043.jpg,32,val,data/raw/deepfashion/img/High-Waisted_Yoga_Shorts/img_00000043.jpg,dress
img/Life_in_Progress_Chambray_French_Terry_Shorts/img_00000008.jpg,32,val,data/raw/deepfashion/img/Life_in_Progress_Chambray_French_Terry_Shorts/img_00000008.jpg,dress
img/Medallion_Print_Shorts/img_00000016.jpg,32,val,data/raw/deepfashion/img/Medallion_Print_Shorts/img_00000016.jpg,dress
img/Cozy_Cropped_Sweater/img_00000042.jpg,16,val,data/raw/deepfashion/img/Cozy_Cropped_Sweater/img_00000042.jpg,dress
img/Chevron-Quilted_Sweater/img_00000004.jpg,16,val,data/raw/deepfashion/img/Chevron-Quilted_Sweater/img_00000004.jpg,dress
img/Woven_Dolphin_Shorts/img_00000015.jpg,32,val,data/raw/deepfashion/img/Woven_Dolphin_Shorts/img_00000015.jpg,dress
img/Rose_Print_Shorts/img_00000030.jpg,32,val,data/raw/deepfashion/img/Rose_Print_Shorts/img_00000030.jpg,dress
img/Metallic_Brocade_Mini_Skirt/img_00000040.jpg,33,val,data/raw/deepfashion/img/Metallic_Brocade_Mini_Skirt/img_00000040.jpg,dress
img/Faux_Mohair_Sweater/img_00000027.jpg,16,val,data/raw/deepfashion/img/Faux_Mohair_Sweater/img_00000027.jpg,dress
img/Striped_Cowl_Neck_Sweater/img_00000026.jpg,16,val,data/raw/deepfashion/img/Striped_Cowl_Neck_Sweater/img_00000026.jpg,dress
img/Paisley_Pattern_Pencil_Skirt/img_00000005.jpg,33,val,data/raw/deepfashion/img/Paisley_Pattern_Pencil_Skirt/img_00000005.jpg,dress
img/Butterfly_Print_PJ_Shorts/img_00000026.jpg,32,val,data/raw/deepfashion/img/Butterfly_Print_PJ_Shorts/img_00000026.jpg,dress
img/Tribal_Print_Joggers/img_00000071.jpg,29,val,data/raw/deepfashion/img/Tribal_Print_Joggers/img_00000071.jpg,dress
img/Mid-Rise_Cuffed_Denim_Shorts/img_00000035.jpg,32,val,data/raw/deepfashion/img/Mid-Rise_Cuffed_Denim_Shorts/img_00000035.jpg,dress
img/Colorblock_Yoga_Shorts/img_00000024.jpg,32,val,data/raw/deepfashion/img/Colorblock_Yoga_Shorts/img_00000024.jpg,dress
img/Drawstring_Chino_Shorts/img_00000034.jpg,32,val,data/raw/deepfashion/img/Drawstring_Chino_Shorts/img_00000034.jpg,dress
img/Heathered_Woven_Running_Shorts/img_00000013.jpg,32,val,data/raw/deepfashion/img/Heathered_Woven_Running_Shorts/img_00000013.jpg,dress
img/Polka_Dot_Woven_Shorts/img_00000015.jpg,32,val,data/raw/deepfashion/img/Polka_Dot_Woven_Shorts/img_00000015.jpg,dress
img/Colorblock_Performance_Capri_Leggings/img_00000003.jpg,30,val,data/raw/deepfashion/img/Colorblock_Performance_Capri_Leggings/img_00000003.jpg,dress
img/Button-Front_Pocket_Skirt/img_00000040.jpg,33,val,data/raw/deepfashion/img/Button-Front_Pocket_Skirt/img_00000040.jpg,dress
img/Zipper-Front_Shorts/img_00000002.jpg,32,val,data/raw/deepfashion/img/Zipper-Front_Shorts/img_00000002.jpg,dress
img/Heathered_Varsity-Stripe_Sweatpants/img_00000031.jpg,34,val,data/raw/deepfashion/img/Heathered_Varsity-Stripe_Sweatpants/img_00000031.jpg,dress
img/Contrast_Knee_Panel_Sweatpants/img_00000013.jpg,34,val,data/raw/deepfashion/img/Contrast_Knee_Panel_Sweatpants/img_00000013.jpg,dress
img/Woven_Trench_Coat/img_00000032.jpg,39,val,data/raw/deepfashion/img/Woven_Trench_Coat/img_00000032.jpg,dress
img/Acid_Wash_Denim_Skirt/img_00000079.jpg,33,val,data/raw/deepfashion/img/Acid_Wash_Denim_Skirt/img_00000079.jpg,dress
img/Stone_Washed_Denim_Joggers/img_00000023.jpg,29,val,data/raw/deepfashion/img/Stone_Washed_Denim_Joggers/img_00000023.jpg,dress
img/Striped_Pleated_Skirt/img_00000058.jpg,33,val,data/raw/deepfashion/img/Striped_Pleated_Skirt/img_00000058.jpg,dress
img/Pintucked_High-Waisted_Shorts/img_00000040.jpg,32,val,data/raw/deepfashion/img/Pintucked_High-Waisted_Shorts/img_00000040.jpg,dress
img/Free_Spirit_Sweater/img_00000034.jpg,16,val,data/raw/deepfashion/img/Free_Spirit_Sweater/img_00000034.jpg,dress
img/Marled_Dolphin_Hem_Sweater/img_00000002.jpg,16,val,data/raw/deepfashion/img/Marled_Dolphin_Hem_Sweater/img_00000002.jpg,dress
img/Gone_Boho_Joggers/img_00000031.jpg,29,val,data/raw/deepfashion/img/Gone_Boho_Joggers/img_00000031.jpg,dress
img/Western-Inspired_Denim_Shorts/img_00000007.jpg,32,val,data/raw/deepfashion/img/Western-Inspired_Denim_Shorts/img_00000007.jpg,dress
img/Box-Pleated_Gingham_Skirt/img_00000025.jpg,33,val,data/raw/deepfashion/img/Box-Pleated_Gingham_Skirt/img_00000025.jpg,dress
img/Eyelash_Lace_Maxi_Skirt/img_00000016.jpg,33,val,data/raw/deepfashion/img/Eyelash_Lace_Maxi_Skirt/img_00000016.jpg,dress
img/Faux_Fur_Collar_Coat/img_00000066.jpg,39,val,data/raw/deepfashion/img/Faux_Fur_Collar_Coat/img_00000066.jpg,dress
img/Basic_Striped_Mini_Skirt/img_00000029.jpg,33,val,data/raw/deepfashion/img/Basic_Striped_Mini_Skirt/img_00000029.jpg,dress
img/Diamond_Embroidered_Shorts/img_00000045.jpg,32,val,data/raw/deepfashion/img/Diamond_Embroidered_Shorts/img_00000045.jpg,dress
img/Heathered_Knit_Pencil_Skirt/img_00000011.jpg,33,val,data/raw/deepfashion/img/Heathered_Knit_Pencil_Skirt/img_00000011.jpg,dress
img/NYC_LA_Sweatshorts/img_00000017.jpg,35,val,data/raw/deepfashion/img/NYC_LA_Sweatshorts/img_00000017.jpg,dress
img/Collarless_Scuba_Knit_Coat/img_00000005.jpg,39,val,data/raw/deepfashion/img/Collarless_Scuba_Knit_Coat/img_00000005.jpg,dress
img/Quilted_Dolphin_Shorts/img_00000006.jpg,32,val,data/raw/deepfashion/img/Quilted_Dolphin_Shorts/img_00000006.jpg,dress
img/Woven_Suit_Joggers/img_00000040.jpg,29,val,data/raw/deepfashion/img/Woven_Suit_Joggers/img_00000040.jpg,dress
img/Tribal_Print_Drawstring_Joggers/img_00000027.jpg,29,val,data/raw/deepfashion/img/Tribal_Print_Drawstring_Joggers/img_00000027.jpg,dress
img/Frond_Print_Pencil_Skirt/img_00000007.jpg,33,val,data/raw/deepfashion/img/Frond_Print_Pencil_Skirt/img_00000007.jpg,dress
img/Pleated_Chiffon_Skirt/img_00000039.jpg,33,val,data/raw/deepfashion/img/Pleated_Chiffon_Skirt/img_00000039.jpg,dress
img/Cuffed_Chino_Shorts/img_00000049.jpg,32,val,data/raw/deepfashion/img/Cuffed_Chino_Shorts/img_00000049.jpg,dress
img/Textured_Pencil_Skirt/img_00000037.jpg,33,val,data/raw/deepfashion/img/Textured_Pencil_Skirt/img_00000037.jpg,dress
img/Scalloped_Crochet-Hem_Shorts/img_00000045.jpg,32,val,data/raw/deepfashion/img/Scalloped_Crochet-Hem_Shorts/img_00000045.jpg,dress
img/Textured_Stripe_Cowl_Neck_Sweater/img_00000055.jpg,16,val,data/raw/deepfashion/img/Textured_Stripe_Cowl_Neck_Sweater/img_00000055.jpg,dress
img/Cuffed_High-Waisted_Denim_Shorts/img_00000046.jpg,32,val,data/raw/deepfashion/img/Cuffed_High-Waisted_Denim_Shorts/img_00000046.jpg,dress
img/Classic_French_Terry_Sweatpants/img_00000048.jpg,34,val,data/raw/deepfashion/img/Classic_French_Terry_Sweatpants/img_00000048.jpg,dress
img/Abstract_Brushstroke_Sweater/img_00000012.jpg,16,val,data/raw/deepfashion/img/Abstract_Brushstroke_Sweater/img_00000012.jpg,dress
img/Performance_Workout_Shorts/img_00000019.jpg,32,val,data/raw/deepfashion/img/Performance_Workout_Shorts/img_00000019.jpg,dress
img/Colorblock_Yoga_Capri_Leggings/img_00000056.jpg,30,val,data/raw/deepfashion/img/Colorblock_Yoga_Capri_Leggings/img_00000056.jpg,dress
img/Tassel_Fringe_Knit_Sweater/img_00000033.jpg,16,val,data/raw/deepfashion/img/Tassel_Fringe_Knit_Sweater/img_00000033.jpg,dress
img/Striped_Crew_Neck_Sweater/img_00000061.jpg,16,val,data/raw/deepfashion/img/Striped_Crew_Neck_Sweater/img_00000061.jpg,dress
img/Marled_Cutout_Back_Sweater/img_00000004.jpg,16,val,data/raw/deepfashion/img/Marled_Cutout_Back_Sweater/img_00000004.jpg,dress
img/Marled_Ombr&eacute;_Sweater/img_00000009.jpg,16,val,data/raw/deepfashion/img/Marled_Ombr&eacute;_Sweater/img_00000009.jpg,dress
img/Geo_Striped_Mini_Skirt/img_00000005.jpg,33,val,data/raw/deepfashion/img/Geo_Striped_Mini_Skirt/img_00000005.jpg,dress
img/Anchor_Print_Shorts/img_00000059.jpg,32,val,data/raw/deepfashion/img/Anchor_Print_Shorts/img_00000059.jpg,dress
img/Marled_Knit_Joggers/img_00000019.jpg,29,val,data/raw/deepfashion/img/Marled_Knit_Joggers/img_00000019.jpg,dress
img/Funnel-Pocket_Drawstring_Sweatpants/img_00000023.jpg,34,val,data/raw/deepfashion/img/Funnel-Pocket_Drawstring_Sweatpants/img_00000023.jpg,dress
img/Fluted_Polka_Dot_Skirt/img_00000030.jpg,33,val,data/raw/deepfashion/img/Fluted_Polka_Dot_Skirt/img_00000030.jpg,dress
img/Safari_Animal_Print_Shorts/img_00000056.jpg,32,val,data/raw/deepfashion/img/Safari_Animal_Print_Shorts/img_00000056.jpg,dress
img/Brushstroke_Print_Sweatpants/img_00000031.jpg,34,val,data/raw/deepfashion/img/Brushstroke_Print_Sweatpants/img_00000031.jpg,dress
img/Mesh-Pocket_Sweatshorts/img_00000010.jpg,35,val,data/raw/deepfashion/img/Mesh-Pocket_Sweatshorts/img_00000010.jpg,dress
img/Pleated_Floral_Chiffon_Skirt/img_00000042.jpg,33,val,data/raw/deepfashion/img/Pleated_Floral_Chiffon_Skirt/img_00000042.jpg,dress
img/Diamond_Embroidered_Shorts/img_00000047.jpg,32,val,data/raw/deepfashion/img/Diamond_Embroidered_Shorts/img_00000047.jpg,dress
img/Love_Graphic_Marled_Sweatpants/img_00000020.jpg,34,val,data/raw/deepfashion/img/Love_Graphic_Marled_Sweatpants/img_00000020.jpg,dress
img/Wavy_Knit_Sweater/img_00000049.jpg,16,val,data/raw/deepfashion/img/Wavy_Knit_Sweater/img_00000049.jpg,dress
img/Heathered_Zip_Pocket_Sweatpants/img_00000032.jpg,34,val,data/raw/deepfashion/img/Heathered_Zip_Pocket_Sweatpants/img_00000032.jpg,dress
img/Zippered_Sweatpants/img_00000006.jpg,34,val,data/raw/deepfashion/img/Zippered_Sweatpants/img_00000006.jpg,dress
img/Cable_Knit_Turtleneck_Sweater/img_00000027.jpg,16,val,data/raw/deepfashion/img/Cable_Knit_Turtleneck_Sweater/img_00000027.jpg,dress
img/Floral_Print_Shorts/img_00000037.jpg,32,val,data/raw/deepfashion/img/Floral_Print_Shorts/img_00000037.jpg,dress
img/Dropped-Sleeve_Textured_Sweater/img_00000004.jpg,16,val,data/raw/deepfashion/img/Dropped-Sleeve_Textured_Sweater/img_00000004.jpg,dress
img/Fold-Over_Yoga_Leggings/img_00000045.jpg,30,val,data/raw/deepfashion/img/Fold-Over_Yoga_Leggings/img_00000045.jpg,dress
img/Abstract_Pattern_Knit_Sweater/img_00000035.jpg,16,val,data/raw/deepfashion/img/Abstract_Pattern_Knit_Sweater/img_00000035.jpg,dress
img/Paisley_Print_Leggings/img_00000041.jpg,30,val,data/raw/deepfashion/img/Paisley_Print_Leggings/img_00000041.jpg,dress
img/Embroidered_Polka_Dot_Skirt/img_00000043.jpg,33,val,data/raw/deepfashion/img/Embroidered_Polka_Dot_Skirt/img_00000043.jpg,dress
img/Crepe_Drawstring_Joggers/img_00000058.jpg,29,val,data/raw/deepfashion/img/Crepe_Drawstring_Joggers/img_00000058.jpg,dress
img/Swan_Print_PJ_Shorts/img_00000012.jpg,32,val,data/raw/deepfashion/img/Swan_Print_PJ_Shorts/img_00000012.jpg,dress
img/Street-Chic_Knit_Shorts/img_00000013.jpg,32,val,data/raw/deepfashion/img/Street-Chic_Knit_Shorts/img_00000013.jpg,dress
img/Open-Front_Coat/img_00000040.jpg,39,val,data/raw/deepfashion/img/Open-Front_Coat/img_00000040.jpg,dress
img/Speckled_Zip-Pocket_Sweatpants/img_00000015.jpg,34,val,data/raw/deepfashion/img/Speckled_Zip-Pocket_Sweatpants/img_00000015.jpg,dress
img/Abstract_Mandala_Print_Skirt/img_00000011.jpg,33,val,data/raw/deepfashion/img/Abstract_Mandala_Print_Skirt/img_00000011.jpg,dress
img/Pleated_Linen-Blend_Shorts/img_00000017.jpg,32,val,data/raw/deepfashion/img/Pleated_Linen-Blend_Shorts/img_00000017.jpg,dress
img/Rose_Print_Leggings/img_00000037.jpg,30,val,data/raw/deepfashion/img/Rose_Print_Leggings/img_00000037.jpg,dress
img/Boxy_Double-Breasted_Coat/img_00000005.jpg,39,val,data/raw/deepfashion/img/Boxy_Double-Breasted_Coat/img_00000005.jpg,dress
img/Genuine_Suede_Shorts/img_00000034.jpg,32,val,data/raw/deepfashion/img/Genuine_Suede_Shorts/img_00000034.jpg,dress
img/Contrast_Marled_Knit_Sweater/img_00000038.jpg,16,val,data/raw/deepfashion/img/Contrast_Marled_Knit_Sweater/img_00000038.jpg,dress
img/Velveteen_Denim_Shorts/img_00000031.jpg,32,val,data/raw/deepfashion/img/Velveteen_Denim_Shorts/img_00000031.jpg,dress
img/Marled_Knit_Sweater/img_00000001.jpg,16,val,data/raw/deepfashion/img/Marled_Knit_Sweater/img_00000001.jpg,dress
img/Cap-Sleeved_Turtleneck_Sweater/img_00000030.jpg,16,val,data/raw/deepfashion/img/Cap-Sleeved_Turtleneck_Sweater/img_00000030.jpg,dress
img/Classic_Cropped_Sweater/img_00000028.jpg,16,val,data/raw/deepfashion/img/Classic_Cropped_Sweater/img_00000028.jpg,dress
img/Striped_Open-Knit_Sweater/img_00000044.jpg,16,val,data/raw/deepfashion/img/Striped_Open-Knit_Sweater/img_00000044.jpg,dress
img/Classic_Crepe_Shorts/img_00000025.jpg,32,val,data/raw/deepfashion/img/Classic_Crepe_Shorts/img_00000025.jpg,dress
img/Pleated_Skater_Skirt/img_00000066.jpg,33,val,data/raw/deepfashion/img/Pleated_Skater_Skirt/img_00000066.jpg,dress
img/Layered_Lace_Crew_Neck_Sweater/img_00000047.jpg,16,val,data/raw/deepfashion/img/Layered_Lace_Crew_Neck_Sweater/img_00000047.jpg,dress
img/Tribal_Print_Linen_Shorts/img_00000034.jpg,32,val,data/raw/deepfashion/img/Tribal_Print_Linen_Shorts/img_00000034.jpg,dress
img/Contrast_Marled_Knit_Sweater/img_00000028.jpg,16,val,data/raw/deepfashion/img/Contrast_Marled_Knit_Sweater/img_00000028.jpg,dress
img/Flat-Front_Linen_Shorts/img_00000043.jpg,32,val,data/raw/deepfashion/img/Flat-Front_Linen_Shorts/img_00000043.jpg,dress
img/Abstract_Ikat_Print_Shorts/img_00000040.jpg,32,val,data/raw/deepfashion/img/Abstract_Ikat_Print_Shorts/img_00000040.jpg,dress
img/Cuffed_Button-Front_Denim_Shorts/img_00000026.jpg,32,val,data/raw/deepfashion/img/Cuffed_Button-Front_Denim_Shorts/img_00000026.jpg,dress
img/Paisley_Print_Leggings/img_00000049.jpg,30,val,data/raw/deepfashion/img/Paisley_Print_Leggings/img_00000049.jpg,dress
img/Floral_Print_Tulip-Hem_Shorts/img_00000023.jpg,32,val,data/raw/deepfashion/img/Floral_Print_Tulip-Hem_Shorts/img_00000023.jpg,dress
img/Fluted_Velvet_Skirt/img_00000048.jpg,33,val,data/raw/deepfashion/img/Fluted_Velvet_Skirt/img_00000048.jpg,dress
img/Textured_Floral_Skater_Skirt/img_00000001.jpg,33,val,data/raw/deepfashion/img/Textured_Floral_Skater_Skirt/img_00000001.jpg,dress
img/Waffle_Knit_Sweater/img_00000005.jpg,16,val,data/raw/deepfashion/img/Waffle_Knit_Sweater/img_00000005.jpg,dress
img/Crew_Neck_Fisherman_Sweater/img_00000043.jpg,16,val,data/raw/deepfashion/img/Crew_Neck_Fisherman_Sweater/img_00000043.jpg,dress
img/Faux_Leather-Paneled_Leggings/img_00000016.jpg,30,val,data/raw/deepfashion/img/Faux_Leather-Paneled_Leggings/img_00000016.jpg,dress
img/Embroidered_Faux_Leather_Pencil_Skirt/img_00000009.jpg,33,val,data/raw/deepfashion/img/Embroidered_Faux_Leather_Pencil_Skirt/img_00000009.jpg,dress
img/Pleated_A-Line_Skirt/img_00000038.jpg,33,val,data/raw/deepfashion/img/Pleated_A-Line_Skirt/img_00000038.jpg,dress
img/Pleated_Tribal_Print_Skirt/img_00000002.jpg,33,val,data/raw/deepfashion/img/Pleated_Tribal_Print_Skirt/img_00000002.jpg,dress
img/Abstract_Print_Maxi_Skirt/img_00000007.jpg,33,val,data/raw/deepfashion/img/Abstract_Print_Maxi_Skirt/img_00000007.jpg,dress
img/Abstract_Print_Pleated_Skirt/img_00000017.jpg,33,val,data/raw/deepfashion/img/Abstract_Print_Pleated_Skirt/img_00000017.jpg,dress
img/Colorblock_Yoga_Capri_Leggings/img_00000052.jpg,30,val,data/raw/deepfashion/img/Colorblock_Yoga_Capri_Leggings/img_00000052.jpg,dress
img/Betty_Boop_PJ_Shorts/img_00000016.jpg,32,val,data/raw/deepfashion/img/Betty_Boop_PJ_Shorts/img_00000016.jpg,dress
img/Heathered_Yoga_Capri_Leggings/img_00000043.jpg,30,val,data/raw/deepfashion/img/Heathered_Yoga_Capri_Leggings/img_00000043.jpg,dress
img/Mid-Calf_Drawstring_Sweatpants/img_00000001.jpg,34,val,data/raw/deepfashion/img/Mid-Calf_Drawstring_Sweatpants/img_00000001.jpg,dress
img/Grid_Print_Zippered_Skirt/img_00000041.jpg,33,val,data/raw/deepfashion/img/Grid_Print_Zippered_Skirt/img_00000041.jpg,dress
img/Pleated_Metallic_Skirt/img_00000018.jpg,33,val,data/raw/deepfashion/img/Pleated_Metallic_Skirt/img_00000018.jpg,dress
img/Striped_Mixed_Knit_Sweater/img_00000012.jpg,16,val,data/raw/deepfashion/img/Striped_Mixed_Knit_Sweater/img_00000012.jpg,dress
img/Pleated_Metallic_Skirt/img_00000059.jpg,33,val,data/raw/deepfashion/img/Pleated_Metallic_Skirt/img_00000059.jpg,dress
img/Open-Knit_Fisherman_Sweater/img_00000050.jpg,16,val,data/raw/deepfashion/img/Open-Knit_Fisherman_Sweater/img_00000050.jpg,dress
img/Textured_Rose_Pattern_Shorts/img_00000017.jpg,32,val,data/raw/deepfashion/img/Textured_Rose_Pattern_Shorts/img_00000017.jpg,dress
img/Boucl&eacute;_&_Faux_Leather_Shorts/img_00000034.jpg,32,val,data/raw/deepfashion/img/Boucl&eacute;_&_Faux_Leather_Shorts/img_00000034.jpg,dress
img/Space_Dye_Waist_Running_Shorts/img_00000017.jpg,32,val,data/raw/deepfashion/img/Space_Dye_Waist_Running_Shorts/img_00000017.jpg,dress
img/Crochet_Lace-Trimmed_Sweater/img_00000016.jpg,16,val,data/raw/deepfashion/img/Crochet_Lace-Trimmed_Sweater/img_00000016.jpg,dress
img/Marled_Knit_Sweatpants/img_00000007.jpg,34,val,data/raw/deepfashion/img/Marled_Knit_Sweatpants/img_00000007.jpg,dress
img/Faux_Leather_Mini_Skirt/img_00000062.jpg,33,val,data/raw/deepfashion/img/Faux_Leather_Mini_Skirt/img_00000062.jpg,dress
img/Heathered_Stripe-Waist_Capri_Leggings/img_00000036.jpg,30,val,data/raw/deepfashion/img/Heathered_Stripe-Waist_Capri_Leggings/img_00000036.jpg,dress
img/Textured_Woven_Shorts/img_00000001.jpg,32,val,data/raw/deepfashion/img/Textured_Woven_Shorts/img_00000001.jpg,dress
img/Drawstring_Cuffed_Shorts/img_00000023.jpg,32,val,data/raw/deepfashion/img/Drawstring_Cuffed_Shorts/img_00000023.jpg,dress
img/Forget-Me-Not_Sweater/img_00000017.jpg,16,val,data/raw/deepfashion/img/Forget-Me-Not_Sweater/img_00000017.jpg,dress
img/Longline_Tweed_Coat/img_00000013.jpg,39,val,data/raw/deepfashion/img/Longline_Tweed_Coat/img_00000013.jpg,dress
img/Textured_Fisherman_Sweater/img_00000028.jpg,16,val,data/raw/deepfashion/img/Textured_Fisherman_Sweater/img_00000028.jpg,dress
img/Textured_Floral_Skater_Skirt/img_00000037.jpg,33,val,data/raw/deepfashion/img/Textured_Floral_Skater_Skirt/img_00000037.jpg,dress
img/Leopard_Print_Knit_Sweatpants/img_00000012.jpg,34,val,data/raw/deepfashion/img/Leopard_Print_Knit_Sweatpants/img_00000012.jpg,dress
img/Classic_Crew_Neck_Sweater/img_00000039.jpg,16,val,data/raw/deepfashion/img/Classic_Crew_Neck_Sweater/img_00000039.jpg,dress
img/Marled_Knit_Hooded_Sweater/img_00000016.jpg,16,val,data/raw/deepfashion/img/Marled_Knit_Hooded_Sweater/img_00000016.jpg,dress
img/Lace-Trimmed_Denim_Shorts/img_00000016.jpg,32,val,data/raw/deepfashion/img/Lace-Trimmed_Denim_Shorts/img_00000016.jpg,dress
img/Sunburst_Print_Workout_Shorts/img_00000011.jpg,32,val,data/raw/deepfashion/img/Sunburst_Print_Workout_Shorts/img_00000011.jpg,dress
img/Dotted_Tulle_Maxi_Skirt/img_00000025.jpg,33,val,data/raw/deepfashion/img/Dotted_Tulle_Maxi_Skirt/img_00000025.jpg,dress
img/Button_Fly_Denim_Shorts/img_00000008.jpg,32,val,data/raw/deepfashion/img/Button_Fly_Denim_Shorts/img_00000008.jpg,dress
img/Asymmetrical_Chiffon_Skirt/img_00000049.jpg,33,val,data/raw/deepfashion/img/Asymmetrical_Chiffon_Skirt/img_00000049.jpg,dress
img/Ribbed_Stripe_Mini_Skirt/img_00000023.jpg,33,val,data/raw/deepfashion/img/Ribbed_Stripe_Mini_Skirt/img_00000023.jpg,dress
img/Faux_Fur_Collared_Zippered_Coat/img_00000006.jpg,39,val,data/raw/deepfashion/img/Faux_Fur_Collared_Zippered_Coat/img_00000006.jpg,dress
img/Peter_Pan_Collar_Sweater/img_00000020.jpg,16,val,data/raw/deepfashion/img/Peter_Pan_Collar_Sweater/img_00000020.jpg,dress
"img/Young,_Beautiful,_&_Glamorous_Sweater/img_00000005.jpg",16,val,"data/raw/deepfashion/img/Young,_Beautiful,_&_Glamorous_Sweater/img_00000005.jpg",dress
img/Houndstooth_Plaid_Shorts/img_00000037.jpg,32,val,data/raw/deepfashion/img/Houndstooth_Plaid_Shorts/img_00000037.jpg,dress
img/Classic_Knit_Skater_Skirt/img_00000035.jpg,33,val,data/raw/deepfashion/img/Classic_Knit_Skater_Skirt/img_00000035.jpg,dress
img/Sheer-Paneled_Sweater/img_00000040.jpg,16,val,data/raw/deepfashion/img/Sheer-Paneled_Sweater/img_00000040.jpg,dress
img/Boxy_Stripe_Sweater/img_00000064.jpg,16,val,data/raw/deepfashion/img/Boxy_Stripe_Sweater/img_00000064.jpg,dress
img/Victorian_Lace_Skirt/img_00000022.jpg,33,val,data/raw/deepfashion/img/Victorian_Lace_Skirt/img_00000022.jpg,dress
img/Scarf-Print_Pencil_Skirt/img_00000029.jpg,33,val,data/raw/deepfashion/img/Scarf-Print_Pencil_Skirt/img_00000029.jpg,dress
img/Nautical_Print_Shorts/img_00000053.jpg,32,val,data/raw/deepfashion/img/Nautical_Print_Shorts/img_00000053.jpg,dress
img/Ribbed_Cowl_Neck_Sweater/img_00000041.jpg,16,val,data/raw/deepfashion/img/Ribbed_Cowl_Neck_Sweater/img_00000041.jpg,dress
img/Oversized_High-Neck_Sweater/img_00000030.jpg,16,val,data/raw/deepfashion/img/Oversized_High-Neck_Sweater/img_00000030.jpg,dress
img/Mandala_Print_Skirt/img_00000002.jpg,33,val,data/raw/deepfashion/img/Mandala_Print_Skirt/img_00000002.jpg,dress
img/Organza_Overlay_Sweater/img_00000008.jpg,16,val,data/raw/deepfashion/img/Organza_Overlay_Sweater/img_00000008.jpg,dress
img/Zippered_Ponte_Knit_Leggings/img_00000024.jpg,30,val,data/raw/deepfashion/img/Zippered_Ponte_Knit_Leggings/img_00000024.jpg,dress
img/Acid_Wash_Denim_Joggers/img_00000024.jpg,29,val,data/raw/deepfashion/img/Acid_Wash_Denim_Joggers/img_00000024.jpg,dress
img/Pleated_Textured_Skirt/img_00000035.jpg,33,val,data/raw/deepfashion/img/Pleated_Textured_Skirt/img_00000035.jpg,dress
img/Crinkled_Gauze_Skirt/img_00000026.jpg,33,val,data/raw/deepfashion/img/Crinkled_Gauze_Skirt/img_00000026.jpg,dress
img/Mineral_Wash_Drawstring_Shorts/img_00000040.jpg,32,val,data/raw/deepfashion/img/Mineral_Wash_Drawstring_Shorts/img_00000040.jpg,dress
img/Mid-Rise_Cuffed_Denim_Shorts/img_00000049.jpg,32,val,data/raw/deepfashion/img/Mid-Rise_Cuffed_Denim_Shorts/img_00000049.jpg,dress
img/Diamond_Print_Joggers/img_00000018.jpg,29,val,data/raw/deepfashion/img/Diamond_Print_Joggers/img_00000018.jpg,dress
img/Dickies_Dropped-Taper_Fit_Joggers/img_00000017.jpg,29,val,data/raw/deepfashion/img/Dickies_Dropped-Taper_Fit_Joggers/img_00000017.jpg,dress
img/Dickies_Dropped-Taper_Fit_Joggers/img_00000057.jpg,29,val,data/raw/deepfashion/img/Dickies_Dropped-Taper_Fit_Joggers/img_00000057.jpg,dress
img/Mesh_Tuxedo-Striped_Sweatpants/img_00000004.jpg,34,val,data/raw/deepfashion/img/Mesh_Tuxedo-Striped_Sweatpants/img_00000004.jpg,dress
img/Layered-Collar_Sweater/img_00000032.jpg,16,val,data/raw/deepfashion/img/Layered-Collar_Sweater/img_00000032.jpg,dress
img/Fringed_Diamond-Patterned_Sweater/img_00000027.jpg,16,val,data/raw/deepfashion/img/Fringed_Diamond-Patterned_Sweater/img_00000027.jpg,dress
img/Soft_Knit_Leggings/img_00000051.jpg,30,val,data/raw/deepfashion/img/Soft_Knit_Leggings/img_00000051.jpg,dress
img/Abstract_Print_Workout_Leggings/img_00000038.jpg,30,val,data/raw/deepfashion/img/Abstract_Print_Workout_Leggings/img_00000038.jpg,dress
img/High-Waisted_Denim_Pencil_Skirt/img_00000015.jpg,33,val,data/raw/deepfashion/img/High-Waisted_Denim_Pencil_Skirt/img_00000015.jpg,dress
img/Polka_Dot_Chino_Shorts/img_00000004.jpg,32,val,data/raw/deepfashion/img/Polka_Dot_Chino_Shorts/img_00000004.jpg,dress
img/Knife-Pleated_Floral_Skirt/img_00000057.jpg,33,val,data/raw/deepfashion/img/Knife-Pleated_Floral_Skirt/img_00000057.jpg,dress
img/Marled_Crochet_Drawstring_Shorts/img_00000009.jpg,32,val,data/raw/deepfashion/img/Marled_Crochet_Drawstring_Shorts/img_00000009.jpg,dress
img/Classic_Cable_Knit_Sweater/img_00000035.jpg,16,val,data/raw/deepfashion/img/Classic_Cable_Knit_Sweater/img_00000035.jpg,dress
img/Zip-Pocket_Woven_Shorts/img_00000003.jpg,32,val,data/raw/deepfashion/img/Zip-Pocket_Woven_Shorts/img_00000003.jpg,dress
img/Crochet_Pencil_Skirt/img_00000031.jpg,33,val,data/raw/deepfashion/img/Crochet_Pencil_Skirt/img_00000031.jpg,dress
img/Varsity_Joggers/img_00000034.jpg,29,val,data/raw/deepfashion/img/Varsity_Joggers/img_00000034.jpg,dress
img/Heathered_Paisley_Print_Sweatpants/img_00000035.jpg,34,val,data/raw/deepfashion/img/Heathered_Paisley_Print_Sweatpants/img_00000035.jpg,dress
img/Woven_Trench_Coat/img_00000050.jpg,39,val,data/raw/deepfashion/img/Woven_Trench_Coat/img_00000050.jpg,dress
img/Relaxed_Days_Sweater/img_00000034.jpg,16,val,data/raw/deepfashion/img/Relaxed_Days_Sweater/img_00000034.jpg,dress
img/Stretch_Knit_Leggings/img_00000058.jpg,30,val,data/raw/deepfashion/img/Stretch_Knit_Leggings/img_00000058.jpg,dress
img/Dip-Dye_Sweater/img_00000033.jpg,16,val,data/raw/deepfashion/img/Dip-Dye_Sweater/img_00000033.jpg,dress
img/Floral_Tulip-Back_Marled_Sweater/img_00000020.jpg,16,val,data/raw/deepfashion/img/Floral_Tulip-Back_Marled_Sweater/img_00000020.jpg,dress
img/Marled_Drawstring_Joggers/img_00000012.jpg,29,val,data/raw/deepfashion/img/Marled_Drawstring_Joggers/img_00000012.jpg,dress
img/Giraffe_Print_Sweatshorts/img_00000031.jpg,35,val,data/raw/deepfashion/img/Giraffe_Print_Sweatshorts/img_00000031.jpg,dress
img/Flower_Girl_Crocheted_Shorts/img_00000039.jpg,32,val,data/raw/deepfashion/img/Flower_Girl_Crocheted_Shorts/img_00000039.jpg,dress
img/Striped_Bodycon_Skirt/img_00000024.jpg,33,val,data/raw/deepfashion/img/Striped_Bodycon_Skirt/img_00000024.jpg,dress
img/Inverted_Seam_Knit_Sweater/img_00000013.jpg,16,val,data/raw/deepfashion/img/Inverted_Seam_Knit_Sweater/img_00000013.jpg,dress
img/Heathered_Dolman_Sweater/img_00000001.jpg,16,val,data/raw/deepfashion/img/Heathered_Dolman_Sweater/img_00000001.jpg,dress
img/Sequined_Mini_Skirt/img_00000051.jpg,33,val,data/raw/deepfashion/img/Sequined_Mini_Skirt/img_00000051.jpg,dress
img/Floral_Stripe_Midi_Skirt/img_00000018.jpg,33,val,data/raw/deepfashion/img/Floral_Stripe_Midi_Skirt/img_00000018.jpg,dress
"img/Young,_Beautiful,_&_Glamorous_Sweater/img_00000042.jpg",16,val,"data/raw/deepfashion/img/Young,_Beautiful,_&_Glamorous_Sweater/img_00000042.jpg",dress
img/Open-Knit_Cowl_Neck_Sweater/img_00000010.jpg,16,val,data/raw/deepfashion/img/Open-Knit_Cowl_Neck_Sweater/img_00000010.jpg,dress
img/Striped_V-Neck_Sweater/img_00000076.jpg,16,val,data/raw/deepfashion/img/Striped_V-Neck_Sweater/img_00000076.jpg,dress
img/Faux_Fur_&_Knit_Sweater/img_00000053.jpg,16,val,data/raw/deepfashion/img/Faux_Fur_&_Knit_Sweater/img_00000053.jpg,dress
img/Palm_Camo_Chino_Joggers/img_00000048.jpg,29,val,data/raw/deepfashion/img/Palm_Camo_Chino_Joggers/img_00000048.jpg,dress
img/Abstract_Print_Tulip-Front_Shorts/img_00000010.jpg,32,val,data/raw/deepfashion/img/Abstract_Print_Tulip-Front_Shorts/img_00000010.jpg,dress
img/Acid_Wash_Distressed_Jeans/img_00000033.jpg,26,val,data/raw/deepfashion/img/Acid_Wash_Distressed_Jeans/img_00000033.jpg,pants_or_shorts
img/Faded_Distressed_Jeans/img_00000058.jpg,26,val,data/raw/deepfashion/img/Faded_Distressed_Jeans/img_00000058.jpg,pants_or_shorts
img/Distressed_Skinny_Jeans/img_00000035.jpg,26,val,data/raw/deepfashion/img/Distressed_Skinny_Jeans/img_00000035.jpg,pants_or_shorts
img/Distressed_Denim_Cutoffs/img_00000006.jpg,24,val,data/raw/deepfashion/img/Distressed_Denim_Cutoffs/img_00000006.jpg,pants_or_shorts
img/Medium_Wash_-_Straight-Leg_Jeans/img_00000013.jpg,26,val,data/raw/deepfashion/img/Medium_Wash_-_Straight-Leg_Jeans/img_00000013.jpg,pants_or_shorts
img/Mid-Rise_-_Acid_Wash_Jeggings/img_00000020.jpg,27,val,data/raw/deepfashion/img/Mid-Rise_-_Acid_Wash_Jeggings/img_00000020.jpg,pants_or_shorts
img/Light_Wash_-_Skinny_Jeans/img_00000021.jpg,26,val,data/raw/deepfashion/img/Light_Wash_-_Skinny_Jeans/img_00000021.jpg,pants_or_shorts
img/Distressed_Whisker_Wash_Jeans/img_00000055.jpg,26,val,data/raw/deepfashion/img/Distressed_Whisker_Wash_Jeans/img_00000055.jpg,pants_or_shorts
img/Mid-Rise_-_Distressed_Boyfriend_Jeans/img_00000046.jpg,26,val,data/raw/deepfashion/img/Mid-Rise_-_Distressed_Boyfriend_Jeans/img_00000046.jpg,pants_or_shorts
img/Cinched-Side_Denim_Cutoffs/img_00000001.jpg,24,val,data/raw/deepfashion/img/Cinched-Side_Denim_Cutoffs/img_00000001.jpg,pants_or_shorts
img/Mid-Rise_-_Mineral_Wash_Skinny_Jeans/img_00000021.jpg,26,val,data/raw/deepfashion/img/Mid-Rise_-_Mineral_Wash_Skinny_Jeans/img_00000021.jpg,pants_or_shorts
img/Acid_Wash_Distressed_Jeans/img_00000058.jpg,26,val,data/raw/deepfashion/img/Acid_Wash_Distressed_Jeans/img_00000058.jpg,pants_or_shorts
img/Mom_Fit_Jeans/img_00000040.jpg,26,val,data/raw/deepfashion/img/Mom_Fit_Jeans/img_00000040.jpg,pants_or_shorts
img/Classic_Soft_Jeggings/img_00000052.jpg,27,val,data/raw/deepfashion/img/Classic_Soft_Jeggings/img_00000052.jpg,pants_or_shorts
img/Velveteen_Paisley_Skinny_Jeans/img_00000003.jpg,26,val,data/raw/deepfashion/img/Velveteen_Paisley_Skinny_Jeans/img_00000003.jpg,pants_or_shorts
img/Low-Rise_-_Distressed_Skinny_Jeans/img_00000074.jpg,26,val,data/raw/deepfashion/img/Low-Rise_-_Distressed_Skinny_Jeans/img_00000074.jpg,pants_or_shorts
img/Distressed_Wash_-_Slim_Zippered_Jeans/img_00000042.jpg,26,val,data/raw/deepfashion/img/Distressed_Wash_-_Slim_Zippered_Jeans/img_00000042.jpg,pants_or_shorts
img/Lace-Hemmed_Denim_Cutoffs/img_00000050.jpg,24,val,data/raw/deepfashion/img/Lace-Hemmed_Denim_Cutoffs/img_00000050.jpg,pants_or_shorts
img/Mom_Fit_Jeans/img_00000055.jpg,26,val,data/raw/deepfashion/img/Mom_Fit_Jeans/img_00000055.jpg,pants_or_shorts
img/High-Waisted_Skinny_Jeans/img_00000014.jpg,26,val,data/raw/deepfashion/img/High-Waisted_Skinny_Jeans/img_00000014.jpg,pants_or_shorts
img/Acid_Wash_Distressed_Cutoffs/img_00000030.jpg,24,val,data/raw/deepfashion/img/Acid_Wash_Distressed_Cutoffs/img_00000030.jpg,pants_or_shorts
img/Distressed_Denim_Cutoffs/img_00000022.jpg,24,val,data/raw/deepfashion/img/Distressed_Denim_Cutoffs/img_00000022.jpg,pants_or_shorts
img/Clean_Wash_-_Skinny_Jeans/img_00000031.jpg,26,val,data/raw/deepfashion/img/Clean_Wash_-_Skinny_Jeans/img_00000031.jpg,pants_or_shorts
img/Low-Rise_Denim_Cutoffs/img_00000073.jpg,24,val,data/raw/deepfashion/img/Low-Rise_Denim_Cutoffs/img_00000073.jpg,pants_or_shorts
img/Destroyed_Cropped_Jeans/img_00000021.jpg,26,val,data/raw/deepfashion/img/Destroyed_Cropped_Jeans/img_00000021.jpg,pants_or_shorts
img/Clean_Wash_Jeggings/img_00000035.jpg,27,val,data/raw/deepfashion/img/Clean_Wash_Jeggings/img_00000035.jpg,pants_or_shorts
img/Grunge_Bleached_Denim_Cutoffs/img_00000020.jpg,24,val,data/raw/deepfashion/img/Grunge_Bleached_Denim_Cutoffs/img_00000020.jpg,pants_or_shorts
img/Faded_&_Frayed_Denim_Cutoffs/img_00000003.jpg,24,val,data/raw/deepfashion/img/Faded_&_Frayed_Denim_Cutoffs/img_00000003.jpg,pants_or_shorts
img/Mid-Rise_-_Acid_Wash_Jeggings/img_00000055.jpg,27,val,data/raw/deepfashion/img/Mid-Rise_-_Acid_Wash_Jeggings/img_00000055.jpg,pants_or_shorts
img/Acid_Wash_-_Skinny_Jeans/img_00000062.jpg,26,val,data/raw/deepfashion/img/Acid_Wash_-_Skinny_Jeans/img_00000062.jpg,pants_or_shorts
img/Cinched_Ankle_Jeans/img_00000004.jpg,26,val,data/raw/deepfashion/img/Cinched_Ankle_Jeans/img_00000004.jpg,pants_or_shorts
img/Dark_Wash_Jeggings/img_00000025.jpg,27,val,data/raw/deepfashion/img/Dark_Wash_Jeggings/img_00000025.jpg,pants_or_shorts
img/Grunge_Bleached_Denim_Cutoffs/img_00000033.jpg,24,val,data/raw/deepfashion/img/Grunge_Bleached_Denim_Cutoffs/img_00000033.jpg,pants_or_shorts
img/Frayed_Denim_Gauchos/img_00000043.jpg,25,val,data/raw/deepfashion/img/Frayed_Denim_Gauchos/img_00000043.jpg,pants_or_shorts
img/Stonewash-_Skinny_Jeans/img_00000005.jpg,26,val,data/raw/deepfashion/img/Stonewash-_Skinny_Jeans/img_00000005.jpg,pants_or_shorts
img/Distressed_Denim_Cutoffs/img_00000040.jpg,24,val,data/raw/deepfashion/img/Distressed_Denim_Cutoffs/img_00000040.jpg,pants_or_shorts
img/Distressed_Straight-Leg_Jeans/img_00000007.jpg,26,val,data/raw/deepfashion/img/Distressed_Straight-Leg_Jeans/img_00000007.jpg,pants_or_shorts
img/Mid-Rise_-_Acid_Wash_Jeggings/img_00000059.jpg,27,val,data/raw/deepfashion/img/Mid-Rise_-_Acid_Wash_Jeggings/img_00000059.jpg,pants_or_shorts
img/High-Waisted_Flared_Jeans/img_00000029.jpg,26,val,data/raw/deepfashion/img/High-Waisted_Flared_Jeans/img_00000029.jpg,pants_or_shorts
img/Ripped_Denim_Cutoffs/img_00000022.jpg,24,val,data/raw/deepfashion/img/Ripped_Denim_Cutoffs/img_00000022.jpg,pants_or_shorts
img/Mid-Rise_-_Zippered_Skinny_Jeans/img_00000006.jpg,26,val,data/raw/deepfashion/img/Mid-Rise_-_Zippered_Skinny_Jeans/img_00000006.jpg,pants_or_shorts
img/Chic_High-Waisted_Jeggings/img_00000018.jpg,27,val,data/raw/deepfashion/img/Chic_High-Waisted_Jeggings/img_00000018.jpg,pants_or_shorts
img/Classic_Soft_Jeggings/img_00000002.jpg,27,val,data/raw/deepfashion/img/Classic_Soft_Jeggings/img_00000002.jpg,pants_or_shorts
img/Dark_Wash_Jeggings/img_00000017.jpg,27,val,data/raw/deepfashion/img/Dark_Wash_Jeggings/img_00000017.jpg,pants_or_shorts
img/Distressed_Patchwork_Jeans/img_00000036.jpg,26,val,data/raw/deepfashion/img/Distressed_Patchwork_Jeans/img_00000036.jpg,pants_or_shorts
img/Acid_Wash_Distressed_Jeans/img_00000005.jpg,26,val,data/raw/deepfashion/img/Acid_Wash_Distressed_Jeans/img_00000005.jpg,pants_or_shorts
img/Classic_Mom_Jeans/img_00000067.jpg,26,val,data/raw/deepfashion/img/Classic_Mom_Jeans/img_00000067.jpg,pants_or_shorts
img/Distressed_Denim_Jeans/img_00000060.jpg,26,val,data/raw/deepfashion/img/Distressed_Denim_Jeans/img_00000060.jpg,pants_or_shorts
img/Favorite_Petite_Skinny_Jeans/img_00000019.jpg,26,val,data/raw/deepfashion/img/Favorite_Petite_Skinny_Jeans/img_00000019.jpg,pants_or_shorts
img/Buttoned_High-Waisted_Skinny_Jeans/img_00000003.jpg,26,val,data/raw/deepfashion/img/Buttoned_High-Waisted_Skinny_Jeans/img_00000003.jpg,pants_or_shorts
img/Coated_Clean_Wash_-_Skinny_Jeans/img_00000041.jpg,26,val,data/raw/deepfashion/img/Coated_Clean_Wash_-_Skinny_Jeans/img_00000041.jpg,pants_or_shorts
img/Acid_Wash_-_Skinny_Jeans/img_00000050.jpg,26,val,data/raw/deepfashion/img/Acid_Wash_-_Skinny_Jeans/img_00000050.jpg,pants_or_shorts
img/Distressed_Denim_Jeans/img_00000056.jpg,26,val,data/raw/deepfashion/img/Distressed_Denim_Jeans/img_00000056.jpg,pants_or_shorts
img/Mineral_Wash_Cutoffs/img_00000001.jpg,24,val,data/raw/deepfashion/img/Mineral_Wash_Cutoffs/img_00000001.jpg,pants_or_shorts
img/Super-Soft_Skinny_Jeans/img_00000047.jpg,26,val,data/raw/deepfashion/img/Super-Soft_Skinny_Jeans/img_00000047.jpg,pants_or_shorts
img/Distressed_Cropped_Jeans/img_00000070.jpg,26,val,data/raw/deepfashion/img/Distressed_Cropped_Jeans/img_00000070.jpg,pants_or_shorts
img/Acid_Wash_Denim_Cutoffs/img_00000037.jpg,24,val,data/raw/deepfashion/img/Acid_Wash_Denim_Cutoffs/img_00000037.jpg,pants_or_shorts
img/Super-Soft_Skinny_Jeans/img_00000049.jpg,26,val,data/raw/deepfashion/img/Super-Soft_Skinny_Jeans/img_00000049.jpg,pants_or_shorts
img/Classic_Low_Rise_Skinny_Jeans/img_00000018.jpg,26,val,data/raw/deepfashion/img/Classic_Low_Rise_Skinny_Jeans/img_00000018.jpg,pants_or_shorts
img/High-Rise_Mom_Jeans/img_00000063.jpg,26,val,data/raw/deepfashion/img/High-Rise_Mom_Jeans/img_00000063.jpg,pants_or_shorts
img/Medium_Wash_-_Slim_Fit_Jeans/img_00000005.jpg,26,val,data/raw/deepfashion/img/Medium_Wash_-_Slim_Fit_Jeans/img_00000005.jpg,pants_or_shorts
img/High-Rise_-_Flat_Front_Skinny_Jeans/img_00000029.jpg,26,val,data/raw/deepfashion/img/High-Rise_-_Flat_Front_Skinny_Jeans/img_00000029.jpg,pants_or_shorts
img/Cinched_Ankle_Jeans/img_00000059.jpg,26,val,data/raw/deepfashion/img/Cinched_Ankle_Jeans/img_00000059.jpg,pants_or_shorts
img/Destroyed_Cropped_Jeans/img_00000023.jpg,26,val,data/raw/deepfashion/img/Destroyed_Cropped_Jeans/img_00000023.jpg,pants_or_shorts
img/Cloud_Wash_Skinny_Jeans/img_00000009.jpg,26,val,data/raw/deepfashion/img/Cloud_Wash_Skinny_Jeans/img_00000009.jpg,pants_or_shorts
img/Coated_Clean_Wash_-_Skinny_Jeans/img_00000026.jpg,26,val,data/raw/deepfashion/img/Coated_Clean_Wash_-_Skinny_Jeans/img_00000026.jpg,pants_or_shorts
img/Low-Rise_Denim_Cutoffs/img_00000012.jpg,24,val,data/raw/deepfashion/img/Low-Rise_Denim_Cutoffs/img_00000012.jpg,pants_or_shorts
img/Distressed_Low-Rise_Cutoffs/img_00000009.jpg,24,val,data/raw/deepfashion/img/Distressed_Low-Rise_Cutoffs/img_00000009.jpg,pants_or_shorts
img/Classic_Distressed_Jeans/img_00000021.jpg,26,val,data/raw/deepfashion/img/Classic_Distressed_Jeans/img_00000021.jpg,pants_or_shorts
img/Distressed_Denim_Jeans/img_00000015.jpg,26,val,data/raw/deepfashion/img/Distressed_Denim_Jeans/img_00000015.jpg,pants_or_shorts
img/Crochet-Trimmed_Denim_Cutoffs/img_00000015.jpg,24,val,data/raw/deepfashion/img/Crochet-Trimmed_Denim_Cutoffs/img_00000015.jpg,pants_or_shorts
img/Distressed_Whisker_Wash_Jeans/img_00000010.jpg,26,val,data/raw/deepfashion/img/Distressed_Whisker_Wash_Jeans/img_00000010.jpg,pants_or_shorts
img/High-Waisted_Distressed_Cutoffs/img_00000012.jpg,24,val,data/raw/deepfashion/img/High-Waisted_Distressed_Cutoffs/img_00000012.jpg,pants_or_shorts
img/Classic_Mom_Jeans/img_00000012.jpg,26,val,data/raw/deepfashion/img/Classic_Mom_Jeans/img_00000012.jpg,pants_or_shorts
img/Clean_Wash_Jeggings/img_00000037.jpg,27,val,data/raw/deepfashion/img/Clean_Wash_Jeggings/img_00000037.jpg,pants_or_shorts
img/Destroyed_Slim-Leg_Jeans/img_00000079.jpg,26,val,data/raw/deepfashion/img/Destroyed_Slim-Leg_Jeans/img_00000079.jpg,pants_or_shorts
img/Classic_Solid_Skinny_Jeans/img_00000017.jpg,26,val,data/raw/deepfashion/img/Classic_Solid_Skinny_Jeans/img_00000017.jpg,pants_or_shorts
img/Faded_Skinny_Jeans/img_00000047.jpg,26,val,data/raw/deepfashion/img/Faded_Skinny_Jeans/img_00000047.jpg,pants_or_shorts
img/Faded_&_Frayed_Denim_Cutoffs/img_00000008.jpg,24,val,data/raw/deepfashion/img/Faded_&_Frayed_Denim_Cutoffs/img_00000008.jpg,pants_or_shorts
img/Mid-Rise_-_Distressed_Boyfriend_Jeans/img_00000010.jpg,26,val,data/raw/deepfashion/img/Mid-Rise_-_Distressed_Boyfriend_Jeans/img_00000010.jpg,pants_or_shorts
img/Clean_Wash_-_Ripped_Slim-Leg_Jeans/img_00000011.jpg,26,val,data/raw/deepfashion/img/Clean_Wash_-_Ripped_Slim-Leg_Jeans/img_00000011.jpg,pants_or_shorts
img/Wide-Leg_Jeans/img_00000048.jpg,26,val,data/raw/deepfashion/img/Wide-Leg_Jeans/img_00000048.jpg,pants_or_shorts
img/Bleached_Denim_Cutoffs/img_00000076.jpg,24,val,data/raw/deepfashion/img/Bleached_Denim_Cutoffs/img_00000076.jpg,pants_or_shorts
img/Acid_Wash_Boyfriend_Jeans/img_00000002.jpg,26,val,data/raw/deepfashion/img/Acid_Wash_Boyfriend_Jeans/img_00000002.jpg,pants_or_shorts
img/Mid-Rise_-_Acid_Wash_Jeggings/img_00000021.jpg,27,val,data/raw/deepfashion/img/Mid-Rise_-_Acid_Wash_Jeggings/img_00000021.jpg,pants_or_shorts
img/High-Rise_Skinny_Jeans/img_00000050.jpg,26,val,data/raw/deepfashion/img/High-Rise_Skinny_Jeans/img_00000050.jpg,pants_or_shorts
img/Faux_Leather-Paneled_Jeans/img_00000063.jpg,26,val,data/raw/deepfashion/img/Faux_Leather-Paneled_Jeans/img_00000063.jpg,pants_or_shorts
img/Stretch_Fit_Classic_Skinny_Jeans/img_00000069.jpg,26,val,data/raw/deepfashion/img/Stretch_Fit_Classic_Skinny_Jeans/img_00000069.jpg,pants_or_shorts
img/Kaleidoscope_Print_Culottes/img_00000039.jpg,23,val,data/raw/deepfashion/img/Kaleidoscope_Print_Culottes/img_00000039.jpg,pants_or_shorts
img/Bleached_Skinny_Jeans/img_00000080.jpg,26,val,data/raw/deepfashion/img/Bleached_Skinny_Jeans/img_00000080.jpg,pants_or_shorts
img/Zippered-Ankle_Skinny_Jeans/img_00000041.jpg,26,val,data/raw/deepfashion/img/Zippered-Ankle_Skinny_Jeans/img_00000041.jpg,pants_or_shorts
img/Distressed_Mineral_Wash_Boyfriend_Jeans/img_00000008.jpg,26,val,data/raw/deepfashion/img/Distressed_Mineral_Wash_Boyfriend_Jeans/img_00000008.jpg,pants_or_shorts
img/Classic_Denim_Cutoffs/img_00000023.jpg,24,val,data/raw/deepfashion/img/Classic_Denim_Cutoffs/img_00000023.jpg,pants_or_shorts
img/Classic_High-Waisted_Jeans/img_00000036.jpg,26,val,data/raw/deepfashion/img/Classic_High-Waisted_Jeans/img_00000036.jpg,pants_or_shorts
img/Classic_Low_Rise_Skinny_Jeans/img_00000020.jpg,26,val,data/raw/deepfashion/img/Classic_Low_Rise_Skinny_Jeans/img_00000020.jpg,pants_or_shorts
img/Sunny_Days_Dip-Dyed_Cutoffs/img_00000009.jpg,24,val,data/raw/deepfashion/img/Sunny_Days_Dip-Dyed_Cutoffs/img_00000009.jpg,pants_or_shorts
img/High-Waisted_Matelot_Skinny_Jeans/img_00000054.jpg,26,val,data/raw/deepfashion/img/High-Waisted_Matelot_Skinny_Jeans/img_00000054.jpg,pants_or_shorts
img/Distressed_Denim_Cutoffs/img_00000064.jpg,24,val,data/raw/deepfashion/img/Distressed_Denim_Cutoffs/img_00000064.jpg,pants_or_shorts
img/High-Waisted_Distressed_Cutoffs/img_00000018.jpg,24,val,data/raw/deepfashion/img/High-Waisted_Distressed_Cutoffs/img_00000018.jpg,pants_or_shorts
img/Distressed_Skinny_Jeans/img_00000064.jpg,26,val,data/raw/deepfashion/img/Distressed_Skinny_Jeans/img_00000064.jpg,pants_or_shorts
img/Classic_Mid-Rise_Skinny_Jeans/img_00000045.jpg,26,val,data/raw/deepfashion/img/Classic_Mid-Rise_Skinny_Jeans/img_00000045.jpg,pants_or_shorts
img/High-Rise_-_Flat_Front_Skinny_Jeans/img_00000033.jpg,26,val,data/raw/deepfashion/img/High-Rise_-_Flat_Front_Skinny_Jeans/img_00000033.jpg,pants_or_shorts
img/Clean_Wash_-_Skinny_Jeans/img_00000049.jpg,26,val,data/raw/deepfashion/img/Clean_Wash_-_Skinny_Jeans/img_00000049.jpg,pants_or_shorts
img/Skinny_Ankle_Jeans/img_00000049.jpg,26,val,data/raw/deepfashion/img/Skinny_Ankle_Jeans/img_00000049.jpg,pants_or_shorts
img/Stretch_Fit_Classic_Skinny_Jeans/img_00000061.jpg,26,val,data/raw/deepfashion/img/Stretch_Fit_Classic_Skinny_Jeans/img_00000061.jpg,pants_or_shorts
img/Cloud_Wash_Jeans/img_00000014.jpg,26,val,data/raw/deepfashion/img/Cloud_Wash_Jeans/img_00000014.jpg,pants_or_shorts
img/Frayed_Denim_Cutoffs/img_00000001.jpg,24,val,data/raw/deepfashion/img/Frayed_Denim_Cutoffs/img_00000001.jpg,pants_or_shorts
img/Clean_Wash_-_Skinny_Jeans/img_00000009.jpg,26,val,data/raw/deepfashion/img/Clean_Wash_-_Skinny_Jeans/img_00000009.jpg,pants_or_shorts
img/Classic_Mom_Jeans/img_00000010.jpg,26,val,data/raw/deepfashion/img/Classic_Mom_Jeans/img_00000010.jpg,pants_or_shorts
img/Skinny_Ankle_Jeans/img_00000043.jpg,26,val,data/raw/deepfashion/img/Skinny_Ankle_Jeans/img_00000043.jpg,pants_or_shorts
img/Acid_Wash_-_Skinny_Jeans/img_00000004.jpg,26,val,data/raw/deepfashion/img/Acid_Wash_-_Skinny_Jeans/img_00000004.jpg,pants_or_shorts
img/Distressed_Denim_Faded_Cutoffs/img_00000037.jpg,24,val,data/raw/deepfashion/img/Distressed_Denim_Faded_Cutoffs/img_00000037.jpg,pants_or_shorts
img/High_Waist-_Quilted_Moto_Jeggings/img_00000061.jpg,27,val,data/raw/deepfashion/img/High_Waist-_Quilted_Moto_Jeggings/img_00000061.jpg,pants_or_shorts
img/Wide-Leg_Jeans/img_00000080.jpg,26,val,data/raw/deepfashion/img/Wide-Leg_Jeans/img_00000080.jpg,pants_or_shorts
img/Classic_Slim_Denim_Jeans/img_00000018.jpg,26,val,data/raw/deepfashion/img/Classic_Slim_Denim_Jeans/img_00000018.jpg,pants_or_shorts
img/Classic_Mid-Rise_Skinny_Jeans/img_00000017.jpg,26,val,data/raw/deepfashion/img/Classic_Mid-Rise_Skinny_Jeans/img_00000017.jpg,pants_or_shorts
img/Classic_Denim_Cutoffs/img_00000013.jpg,24,val,data/raw/deepfashion/img/Classic_Denim_Cutoffs/img_00000013.jpg,pants_or_shorts
img/Destroyed_Cropped_Jeans/img_00000033.jpg,26,val,data/raw/deepfashion/img/Destroyed_Cropped_Jeans/img_00000033.jpg,pants_or_shorts
img/Destroyed_Slim-Leg_Jeans/img_00000035.jpg,26,val,data/raw/deepfashion/img/Destroyed_Slim-Leg_Jeans/img_00000035.jpg,pants_or_shorts
img/High-Waisted_Mineral_Wash_Jeans/img_00000021.jpg,26,val,data/raw/deepfashion/img/High-Waisted_Mineral_Wash_Jeans/img_00000021.jpg,pants_or_shorts
img/Dark_Wash_-_Paneled_Skinny_Jeans/img_00000010.jpg,26,val,data/raw/deepfashion/img/Dark_Wash_-_Paneled_Skinny_Jeans/img_00000010.jpg,pants_or_shorts
img/Faded_Denim_Cutoffs/img_00000028.jpg,24,val,data/raw/deepfashion/img/Faded_Denim_Cutoffs/img_00000028.jpg,pants_or_shorts
img/Distressed_Denim_Cutoffs/img_00000014.jpg,24,val,data/raw/deepfashion/img/Distressed_Denim_Cutoffs/img_00000014.jpg,pants_or_shorts
img/Ripped_Denim_Cutoffs/img_00000003.jpg,24,val,data/raw/deepfashion/img/Ripped_Denim_Cutoffs/img_00000003.jpg,pants_or_shorts
img/Elasticized_Flared_Jeans/img_00000035.jpg,26,val,data/raw/deepfashion/img/Elasticized_Flared_Jeans/img_00000035.jpg,pants_or_shorts
img/High-Rise_Mom_Jeans/img_00000045.jpg,26,val,data/raw/deepfashion/img/High-Rise_Mom_Jeans/img_00000045.jpg,pants_or_shorts
img/Mid-Rise_-_Distressed_Boyfriend_Jeans/img_00000025.jpg,26,val,data/raw/deepfashion/img/Mid-Rise_-_Distressed_Boyfriend_Jeans/img_00000025.jpg,pants_or_shorts
img/Zippered-Ankle_Skinny_Jeans/img_00000060.jpg,26,val,data/raw/deepfashion/img/Zippered-Ankle_Skinny_Jeans/img_00000060.jpg,pants_or_shorts
img/Classic_Slim_Denim_Jeans/img_00000005.jpg,26,val,data/raw/deepfashion/img/Classic_Slim_Denim_Jeans/img_00000005.jpg,pants_or_shorts
img/Paisley_Print_Culottes/img_00000026.jpg,23,val,data/raw/deepfashion/img/Paisley_Print_Culottes/img_00000026.jpg,pants_or_shorts
img/Chic_High-Waisted_Jeggings/img_00000039.jpg,27,val,data/raw/deepfashion/img/Chic_High-Waisted_Jeggings/img_00000039.jpg,pants_or_shorts
img/Faux_Leather-Paneled_Jeans/img_00000051.jpg,26,val,data/raw/deepfashion/img/Faux_Leather-Paneled_Jeans/img_00000051.jpg,pants_or_shorts
img/Drawstring_Chino_Cutoffs/img_00000018.jpg,24,val,data/raw/deepfashion/img/Drawstring_Chino_Cutoffs/img_00000018.jpg,pants_or_shorts
img/Mid-Rise_-_Acid_Wash_Skinny_Jeans/img_00000053.jpg,26,val,data/raw/deepfashion/img/Mid-Rise_-_Acid_Wash_Skinny_Jeans/img_00000053.jpg,pants_or_shorts
img/Acid_Wash_Distressed_Jeans/img_00000053.jpg,26,val,data/raw/deepfashion/img/Acid_Wash_Distressed_Jeans/img_00000053.jpg,pants_or_shorts
img/Distressed_Mid-Rise_Boyfriend_Jeans/img_00000017.jpg,26,val,data/raw/deepfashion/img/Distressed_Mid-Rise_Boyfriend_Jeans/img_00000017.jpg,pants_or_shorts
img/Mid-Rise_Skinny_Jeans/img_00000042.jpg,26,val,data/raw/deepfashion/img/Mid-Rise_Skinny_Jeans/img_00000042.jpg,pants_or_shorts
img/Medium_Wash_-_Slim_Fit_Jeans/img_00000041.jpg,26,val,data/raw/deepfashion/img/Medium_Wash_-_Slim_Fit_Jeans/img_00000041.jpg,pants_or_shorts
img/Cinched_Ankle_Jeans/img_00000037.jpg,26,val,data/raw/deepfashion/img/Cinched_Ankle_Jeans/img_00000037.jpg,pants_or_shorts
img/Faded_Skinny_Jeans/img_00000052.jpg,26,val,data/raw/deepfashion/img/Faded_Skinny_Jeans/img_00000052.jpg,pants_or_shorts
img/Distressed_Denim_Jeans/img_00000072.jpg,26,val,data/raw/deepfashion/img/Distressed_Denim_Jeans/img_00000072.jpg,pants_or_shorts
img/Faded_Mid-Rise_Skinny_Jeans/img_00000021.jpg,26,val,data/raw/deepfashion/img/Faded_Mid-Rise_Skinny_Jeans/img_00000021.jpg,pants_or_shorts
img/Ripped_Denim_Cutoffs/img_00000024.jpg,24,val,data/raw/deepfashion/img/Ripped_Denim_Cutoffs/img_00000024.jpg,pants_or_shorts
img/Acid_Wash_Distressed_Jeans/img_00000049.jpg,26,val,data/raw/deepfashion/img/Acid_Wash_Distressed_Jeans/img_00000049.jpg,pants_or_shorts
img/Acid_Wash_Mom_Jeans/img_00000050.jpg,26,val,data/raw/deepfashion/img/Acid_Wash_Mom_Jeans/img_00000050.jpg,pants_or_shorts
img/Pleated_Wide-Leg_Culottes/img_00000033.jpg,23,val,data/raw/deepfashion/img/Pleated_Wide-Leg_Culottes/img_00000033.jpg,pants_or_shorts
img/Distressed_Straight-Leg_Jeans/img_00000067.jpg,26,val,data/raw/deepfashion/img/Distressed_Straight-Leg_Jeans/img_00000067.jpg,pants_or_shorts
img/Stretch_Fit_Skinny_Jeans/img_00000075.jpg,26,val,data/raw/deepfashion/img/Stretch_Fit_Skinny_Jeans/img_00000075.jpg,pants_or_shorts
img/Distressed_Bleach_Wash_Cutoffs/img_00000002.jpg,24,val,data/raw/deepfashion/img/Distressed_Bleach_Wash_Cutoffs/img_00000002.jpg,pants_or_shorts
img/Flat-Front_Skinny_Jeans/img_00000031.jpg,26,val,data/raw/deepfashion/img/Flat-Front_Skinny_Jeans/img_00000031.jpg,pants_or_shorts
img/High-Waisted_Denim_Cutoffs/img_00000032.jpg,24,val,data/raw/deepfashion/img/High-Waisted_Denim_Cutoffs/img_00000032.jpg,pants_or_shorts
img/Crochet_Denim_Cutoffs/img_00000019.jpg,24,val,data/raw/deepfashion/img/Crochet_Denim_Cutoffs/img_00000019.jpg,pants_or_shorts
img/Classic_Soft_Jeggings/img_00000031.jpg,27,val,data/raw/deepfashion/img/Classic_Soft_Jeggings/img_00000031.jpg,pants_or_shorts
img/Mid-Rise_-_Zippered_Skinny_Jeans/img_00000022.jpg,26,val,data/raw/deepfashion/img/Mid-Rise_-_Zippered_Skinny_Jeans/img_00000022.jpg,pants_or_shorts
img/Faded_Stretch-Fit_Skinny_Jeans/img_00000011.jpg,26,val,data/raw/deepfashion/img/Faded_Stretch-Fit_Skinny_Jeans/img_00000011.jpg,pants_or_shorts
img/Faded_Distressed_Jeans/img_00000050.jpg,26,val,data/raw/deepfashion/img/Faded_Distressed_Jeans/img_00000050.jpg,pants_or_shorts
img/Faded_Distressed_Jeans/img_00000025.jpg,26,val,data/raw/deepfashion/img/Faded_Distressed_Jeans/img_00000025.jpg,pants_or_shorts
img/Drawstring_Chino_Cutoffs/img_00000016.jpg,24,val,data/raw/deepfashion/img/Drawstring_Chino_Cutoffs/img_00000016.jpg,pants_or_shorts
img/Clean_Dark_Wash_-_Slim_Fit_Jeans/img_00000013.jpg,26,val,data/raw/deepfashion/img/Clean_Dark_Wash_-_Slim_Fit_Jeans/img_00000013.jpg,pants_or_shorts
img/Classic_Bootcut_Jeans/img_00000061.jpg,26,val,data/raw/deepfashion/img/Classic_Bootcut_Jeans/img_00000061.jpg,pants_or_shorts
img/High-Waist_Acid_Wash_Jeans/img_00000016.jpg,26,val,data/raw/deepfashion/img/High-Waist_Acid_Wash_Jeans/img_00000016.jpg,pants_or_shorts
img/Topstitched_Jodhpurs/img_00000021.jpg,28,val,data/raw/deepfashion/img/Topstitched_Jodhpurs/img_00000021.jpg,pants_or_shorts
img/Americana_Skinny_Jeans/img_00000014.jpg,26,val,data/raw/deepfashion/img/Americana_Skinny_Jeans/img_00000014.jpg,pants_or_shorts
img/Bleached_Denim_Cutoffs/img_00000023.jpg,24,val,data/raw/deepfashion/img/Bleached_Denim_Cutoffs/img_00000023.jpg,pants_or_shorts
img/Grunge_Bleached_Denim_Cutoffs/img_00000010.jpg,24,val,data/raw/deepfashion/img/Grunge_Bleached_Denim_Cutoffs/img_00000010.jpg,pants_or_shorts
img/Polka_Dot_Skinny_Jeans/img_00000020.jpg,26,val,data/raw/deepfashion/img/Polka_Dot_Skinny_Jeans/img_00000020.jpg,pants_or_shorts
img/Skinny_Ankle_Jeans/img_00000052.jpg,26,val,data/raw/deepfashion/img/Skinny_Ankle_Jeans/img_00000052.jpg,pants_or_shorts
img/Whiskered_Skinny_Jeans/img_00000009.jpg,26,val,data/raw/deepfashion/img/Whiskered_Skinny_Jeans/img_00000009.jpg,pants_or_shorts
img/Crochet-Patch_Boyfriend_Jeans/img_00000036.jpg,26,val,data/raw/deepfashion/img/Crochet-Patch_Boyfriend_Jeans/img_00000036.jpg,pants_or_shorts
img/Zippered-Ankle_Skinny_Jeans/img_00000043.jpg,26,val,data/raw/deepfashion/img/Zippered-Ankle_Skinny_Jeans/img_00000043.jpg,pants_or_shorts
img/Abstract_Chevron_Print_Culottes/img_00000009.jpg,23,val,data/raw/deepfashion/img/Abstract_Chevron_Print_Culottes/img_00000009.jpg,pants_or_shorts
img/Crochet-Trimmed_Denim_Cutoffs/img_00000040.jpg,24,val,data/raw/deepfashion/img/Crochet-Trimmed_Denim_Cutoffs/img_00000040.jpg,pants_or_shorts
img/Light_Wash_-_Skinny_Jeans/img_00000074.jpg,26,val,data/raw/deepfashion/img/Light_Wash_-_Skinny_Jeans/img_00000074.jpg,pants_or_shorts
img/Pleated_Culottes/img_00000062.jpg,23,val,data/raw/deepfashion/img/Pleated_Culottes/img_00000062.jpg,pants_or_shorts
img/Dark_Wash_Jeggings/img_00000059.jpg,27,val,data/raw/deepfashion/img/Dark_Wash_Jeggings/img_00000059.jpg,pants_or_shorts
img/Ripped_Skinny_Jeans/img_00000035.jpg,26,val,data/raw/deepfashion/img/Ripped_Skinny_Jeans/img_00000035.jpg,pants_or_shorts
img/Favorite_Petite_Skinny_Jeans/img_00000002.jpg,26,val,data/raw/deepfashion/img/Favorite_Petite_Skinny_Jeans/img_00000002.jpg,pants_or_shorts
img/Life_In_Progress_Low-Rise_Skinny_Jeans/img_00000021.jpg,26,val,data/raw/deepfashion/img/Life_In_Progress_Low-Rise_Skinny_Jeans/img_00000021.jpg,pants_or_shorts
img/Faded_Distressed_Jeans/img_00000007.jpg,26,val,data/raw/deepfashion/img/Faded_Distressed_Jeans/img_00000007.jpg,pants_or_shorts
img/Crochet_Denim_Cutoffs/img_00000052.jpg,24,val,data/raw/deepfashion/img/Crochet_Denim_Cutoffs/img_00000052.jpg,pants_or_shorts
img/Distressed_Low-Rise_Cutoffs/img_00000004.jpg,24,val,data/raw/deepfashion/img/Distressed_Low-Rise_Cutoffs/img_00000004.jpg,pants_or_shorts
img/Acid_Wash_Jeans/img_00000027.jpg,26,val,data/raw/deepfashion/img/Acid_Wash_Jeans/img_00000027.jpg,pants_or_shorts
img/Frayed_Denim_Gauchos/img_00000028.jpg,25,val,data/raw/deepfashion/img/Frayed_Denim_Gauchos/img_00000028.jpg,pants_or_shorts
img/High-Waisted_Distressed_Boyfriend_Jeans/img_00000061.jpg,26,val,data/raw/deepfashion/img/High-Waisted_Distressed_Boyfriend_Jeans/img_00000061.jpg,pants_or_shorts
img/Classic_Flared_Jeans/img_00000041.jpg,26,val,data/raw/deepfashion/img/Classic_Flared_Jeans/img_00000041.jpg,pants_or_shorts
img/Acid_Wash_Jeans/img_00000045.jpg,26,val,data/raw/deepfashion/img/Acid_Wash_Jeans/img_00000045.jpg,pants_or_shorts
img/Mid-Rise_-_Acid_Wash_Skinny_Jeans/img_00000032.jpg,26,val,data/raw/deepfashion/img/Mid-Rise_-_Acid_Wash_Skinny_Jeans/img_00000032.jpg,pants_or_shorts
img/Distressed_Straight-Leg_Jeans/img_00000060.jpg,26,val,data/raw/deepfashion/img/Distressed_Straight-Leg_Jeans/img_00000060.jpg,pants_or_shorts
img/Drawstring_Culottes/img_00000046.jpg,23,val,data/raw/deepfashion/img/Drawstring_Culottes/img_00000046.jpg,pants_or_shorts
img/Distressed_Denim_Faded_Cutoffs/img_00000033.jpg,24,val,data/raw/deepfashion/img/Distressed_Denim_Faded_Cutoffs/img_00000033.jpg,pants_or_shorts
img/Classic_Slim-Leg_Jeans/img_00000026.jpg,26,val,data/raw/deepfashion/img/Classic_Slim-Leg_Jeans/img_00000026.jpg,pants_or_shorts
img/Americana_Skinny_Jeans/img_00000032.jpg,26,val,data/raw/deepfashion/img/Americana_Skinny_Jeans/img_00000032.jpg,pants_or_shorts
img/Distressed_High-Waisted_Cutoffs/img_00000060.jpg,24,val,data/raw/deepfashion/img/Distressed_High-Waisted_Cutoffs/img_00000060.jpg,pants_or_shorts
img/Distressed_Denim_Faded_Cutoffs/img_00000007.jpg,24,val,data/raw/deepfashion/img/Distressed_Denim_Faded_Cutoffs/img_00000007.jpg,pants_or_shorts
img/Mid-Rise_-_Zippered_Skinny_Jeans/img_00000048.jpg,26,val,data/raw/deepfashion/img/Mid-Rise_-_Zippered_Skinny_Jeans/img_00000048.jpg,pants_or_shorts
img/Medium_Wash_-_Straight-Leg_Jeans/img_00000063.jpg,26,val,data/raw/deepfashion/img/Medium_Wash_-_Straight-Leg_Jeans/img_00000063.jpg,pants_or_shorts
img/Classic_Wash_-_Slim_Fit_Jeans/img_00000040.jpg,26,val,data/raw/deepfashion/img/Classic_Wash_-_Slim_Fit_Jeans/img_00000040.jpg,pants_or_shorts
img/Mixed_Stripe_Linen-Blend_Culottes/img_00000025.jpg,23,val,data/raw/deepfashion/img/Mixed_Stripe_Linen-Blend_Culottes/img_00000025.jpg,pants_or_shorts
img/Clean_Wash_Jeggings/img_00000013.jpg,27,val,data/raw/deepfashion/img/Clean_Wash_Jeggings/img_00000013.jpg,pants_or_shorts
img/Clean_Wash_High-Rise_Skinny_Jeans/img_00000010.jpg,26,val,data/raw/deepfashion/img/Clean_Wash_High-Rise_Skinny_Jeans/img_00000010.jpg,pants_or_shorts
img/Dark_Wash_Jeggings/img_00000037.jpg,27,val,data/raw/deepfashion/img/Dark_Wash_Jeggings/img_00000037.jpg,pants_or_shorts
img/Distressed_Light_Wash_-_Slim_Fit_Jeans/img_00000047.jpg,26,val,data/raw/deepfashion/img/Distressed_Light_Wash_-_Slim_Fit_Jeans/img_00000047.jpg,pants_or_shorts
img/Clean_Wash_Bootleg_Jeans/img_00000008.jpg,26,val,data/raw/deepfashion/img/Clean_Wash_Bootleg_Jeans/img_00000008.jpg,pants_or_shorts
img/Mom_Fit_Jeans/img_00000061.jpg,26,val,data/raw/deepfashion/img/Mom_Fit_Jeans/img_00000061.jpg,pants_or_shorts
img/Distressed_Boyfriend_Jeans/img_00000050.jpg,26,val,data/raw/deepfashion/img/Distressed_Boyfriend_Jeans/img_00000050.jpg,pants_or_shorts
img/Low-Rise_Skinny_Jeans/img_00000001.jpg,26,val,data/raw/deepfashion/img/Low-Rise_Skinny_Jeans/img_00000001.jpg,pants_or_shorts
img/Stretch_Fit_Classic_Skinny_Jeans/img_00000012.jpg,26,val,data/raw/deepfashion/img/Stretch_Fit_Classic_Skinny_Jeans/img_00000012.jpg,pants_or_shorts
img/Acid_Wash_Distressed_Cutoffs/img_00000040.jpg,24,val,data/raw/deepfashion/img/Acid_Wash_Distressed_Cutoffs/img_00000040.jpg,pants_or_shorts
img/Distressed_Bleach_Wash_Cutoffs/img_00000012.jpg,24,val,data/raw/deepfashion/img/Distressed_Bleach_Wash_Cutoffs/img_00000012.jpg,pants_or_shorts
img/Distressed_High-Waisted_Cutoffs/img_00000058.jpg,24,val,data/raw/deepfashion/img/Distressed_High-Waisted_Cutoffs/img_00000058.jpg,pants_or_shorts
img/Destroyed_Slim-Leg_Jeans/img_00000003.jpg,26,val,data/raw/deepfashion/img/Destroyed_Slim-Leg_Jeans/img_00000003.jpg,pants_or_shorts
img/High-Rise_Mom_Jeans/img_00000002.jpg,26,val,data/raw/deepfashion/img/High-Rise_Mom_Jeans/img_00000002.jpg,pants_or_shorts
img/Zippered-Ankle_Skinny_Jeans/img_00000019.jpg,26,val,data/raw/deepfashion/img/Zippered-Ankle_Skinny_Jeans/img_00000019.jpg,pants_or_shorts
img/Low-Rise_Denim_Cutoffs/img_00000072.jpg,24,val,data/raw/deepfashion/img/Low-Rise_Denim_Cutoffs/img_00000072.jpg,pants_or_shorts
img/Classic_Mid-Rise_Skinny_Jeans/img_00000029.jpg,26,val,data/raw/deepfashion/img/Classic_Mid-Rise_Skinny_Jeans/img_00000029.jpg,pants_or_shorts
img/Classic_Distressed_Jeans/img_00000008.jpg,26,val,data/raw/deepfashion/img/Classic_Distressed_Jeans/img_00000008.jpg,pants_or_shorts
img/Chic_High-Waisted_Jeggings/img_00000060.jpg,27,val,data/raw/deepfashion/img/Chic_High-Waisted_Jeggings/img_00000060.jpg,pants_or_shorts
img/Faded_Distressed_Jeans/img_00000021.jpg,26,val,data/raw/deepfashion/img/Faded_Distressed_Jeans/img_00000021.jpg,pants_or_shorts
img/Sanded_Dark_Wash_-_Skinny_Jeans/img_00000043.jpg,26,val,data/raw/deepfashion/img/Sanded_Dark_Wash_-_Skinny_Jeans/img_00000043.jpg,pants_or_shorts
img/No-Fuss_Distressed_Cutoffs/img_00000004.jpg,24,val,data/raw/deepfashion/img/No-Fuss_Distressed_Cutoffs/img_00000004.jpg,pants_or_shorts
img/Drawstring_Culottes/img_00000009.jpg,23,val,data/raw/deepfashion/img/Drawstring_Culottes/img_00000009.jpg,pants_or_shorts
img/Mid-Rise_Skinny_Jeans/img_00000066.jpg,26,val,data/raw/deepfashion/img/Mid-Rise_Skinny_Jeans/img_00000066.jpg,pants_or_shorts
img/Buttoned_High-Waisted_Skinny_Jeans/img_00000047.jpg,26,val,data/raw/deepfashion/img/Buttoned_High-Waisted_Skinny_Jeans/img_00000047.jpg,pants_or_shorts
img/Clean_Wash_Bootleg_Jeans/img_00000039.jpg,26,val,data/raw/deepfashion/img/Clean_Wash_Bootleg_Jeans/img_00000039.jpg,pants_or_shorts
img/Chic_High-Waisted_Jeggings/img_00000072.jpg,27,val,data/raw/deepfashion/img/Chic_High-Waisted_Jeggings/img_00000072.jpg,pants_or_shorts
img/Bleached_Skinny_Jeans/img_00000040.jpg,26,val,data/raw/deepfashion/img/Bleached_Skinny_Jeans/img_00000040.jpg,pants_or_shorts
img/Faded_Mid-Rise_Skinny_Jeans/img_00000047.jpg,26,val,data/raw/deepfashion/img/Faded_Mid-Rise_Skinny_Jeans/img_00000047.jpg,pants_or_shorts
img/Mineral_Wash_Boyfriend_Jeans/img_00000017.jpg,26,val,data/raw/deepfashion/img/Mineral_Wash_Boyfriend_Jeans/img_00000017.jpg,pants_or_shorts
img/Acid_Wash_Ankle_Jeans/img_00000011.jpg,26,val,data/raw/deepfashion/img/Acid_Wash_Ankle_Jeans/img_00000011.jpg,pants_or_shorts
img/Buttoned_Distressed_Denim_Cutoffs/img_00000001.jpg,24,val,data/raw/deepfashion/img/Buttoned_Distressed_Denim_Cutoffs/img_00000001.jpg,pants_or_shorts
img/Paisley_Print_Culottes/img_00000043.jpg,23,val,data/raw/deepfashion/img/Paisley_Print_Culottes/img_00000043.jpg,pants_or_shorts
img/Crochet_Daisy-Paneled_Cutoffs/img_00000015.jpg,24,val,data/raw/deepfashion/img/Crochet_Daisy-Paneled_Cutoffs/img_00000015.jpg,pants_or_shorts
img/Acid_Wash_-_Skinny_Jeans/img_00000032.jpg,26,val,data/raw/deepfashion/img/Acid_Wash_-_Skinny_Jeans/img_00000032.jpg,pants_or_shorts
img/Grunge_Bleached_Denim_Cutoffs/img_00000037.jpg,24,val,data/raw/deepfashion/img/Grunge_Bleached_Denim_Cutoffs/img_00000037.jpg,pants_or_shorts
img/Buttoned_High-Waisted_Skinny_Jeans/img_00000054.jpg,26,val,data/raw/deepfashion/img/Buttoned_High-Waisted_Skinny_Jeans/img_00000054.jpg,pants_or_shorts
img/Distressed_Light_Wash_-_Slim_Fit_Jeans/img_00000014.jpg,26,val,data/raw/deepfashion/img/Distressed_Light_Wash_-_Slim_Fit_Jeans/img_00000014.jpg,pants_or_shorts
img/Distressed_Straight-Leg_Jeans/img_00000043.jpg,26,val,data/raw/deepfashion/img/Distressed_Straight-Leg_Jeans/img_00000043.jpg,pants_or_shorts
img/Skinny_Ankle_Jeans/img_00000028.jpg,26,val,data/raw/deepfashion/img/Skinny_Ankle_Jeans/img_00000028.jpg,pants_or_shorts
img/Mid-Rise_-_Distressed_Skinny_Jeans/img_00000034.jpg,26,val,data/raw/deepfashion/img/Mid-Rise_-_Distressed_Skinny_Jeans/img_00000034.jpg,pants_or_shorts
img/Elasticized_Flared_Jeans/img_00000038.jpg,26,val,data/raw/deepfashion/img/Elasticized_Flared_Jeans/img_00000038.jpg,pants_or_shorts
img/Americana_Skinny_Jeans/img_00000035.jpg,26,val,data/raw/deepfashion/img/Americana_Skinny_Jeans/img_00000035.jpg,pants_or_shorts
img/Skinny_Ankle_Jeans/img_00000040.jpg,26,val,data/raw/deepfashion/img/Skinny_Ankle_Jeans/img_00000040.jpg,pants_or_shorts
img/Classic_Distressed_Jeans/img_00000039.jpg,26,val,data/raw/deepfashion/img/Classic_Distressed_Jeans/img_00000039.jpg,pants_or_shorts
img/Zippered-Ankle_Skinny_Jeans/img_00000011.jpg,26,val,data/raw/deepfashion/img/Zippered-Ankle_Skinny_Jeans/img_00000011.jpg,pants_or_shorts
img/High-Waist_Acid_Wash_Jeans/img_00000046.jpg,26,val,data/raw/deepfashion/img/High-Waist_Acid_Wash_Jeans/img_00000046.jpg,pants_or_shorts
img/Mom_Fit_Jeans/img_00000046.jpg,26,val,data/raw/deepfashion/img/Mom_Fit_Jeans/img_00000046.jpg,pants_or_shorts
img/Clean_Wash_-_Slim_Fit_Jeans/img_00000017.jpg,26,val,data/raw/deepfashion/img/Clean_Wash_-_Slim_Fit_Jeans/img_00000017.jpg,pants_or_shorts
img/Destroyed_Slim-Leg_Jeans/img_00000025.jpg,26,val,data/raw/deepfashion/img/Destroyed_Slim-Leg_Jeans/img_00000025.jpg,pants_or_shorts
img/Distressed_Skinny_Jeans/img_00000058.jpg,26,val,data/raw/deepfashion/img/Distressed_Skinny_Jeans/img_00000058.jpg,pants_or_shorts
img/Mom_Fit_Jeans/img_00000050.jpg,26,val,data/raw/deepfashion/img/Mom_Fit_Jeans/img_00000050.jpg,pants_or_shorts
img/Sanded_Dark_Wash_-_Skinny_Jeans/img_00000022.jpg,26,val,data/raw/deepfashion/img/Sanded_Dark_Wash_-_Skinny_Jeans/img_00000022.jpg,pants_or_shorts
img/Life_In_Progress_Railroad_Stripe_Jeans/img_00000012.jpg,26,val,data/raw/deepfashion/img/Life_In_Progress_Railroad_Stripe_Jeans/img_00000012.jpg,pants_or_shorts
img/Mid-Rise_-_Acid_Wash_Jeggings/img_00000046.jpg,27,val,data/raw/deepfashion/img/Mid-Rise_-_Acid_Wash_Jeggings/img_00000046.jpg,pants_or_shorts
img/Crochet_Denim_Cutoffs/img_00000003.jpg,24,val,data/raw/deepfashion/img/Crochet_Denim_Cutoffs/img_00000003.jpg,pants_or_shorts
img/Medium_Wash_-_Straight-Leg_Jeans/img_00000003.jpg,26,val,data/raw/deepfashion/img/Medium_Wash_-_Straight-Leg_Jeans/img_00000003.jpg,pants_or_shorts
img/Low-Rise_-_Distressed_Skinny_Jeans/img_00000040.jpg,26,val,data/raw/deepfashion/img/Low-Rise_-_Distressed_Skinny_Jeans/img_00000040.jpg,pants_or_shorts
img/Stonewash-_Skinny_Jeans/img_00000045.jpg,26,val,data/raw/deepfashion/img/Stonewash-_Skinny_Jeans/img_00000045.jpg,pants_or_shorts
img/Velveteen_Paisley_Skinny_Jeans/img_00000024.jpg,26,val,data/raw/deepfashion/img/Velveteen_Paisley_Skinny_Jeans/img_00000024.jpg,pants_or_shorts
img/Bleached_Denim_Cutoffs/img_00000061.jpg,24,val,data/raw/deepfashion/img/Bleached_Denim_Cutoffs/img_00000061.jpg,pants_or_shorts
img/Distressed_Straight-Leg_Jeans/img_00000033.jpg,26,val,data/raw/deepfashion/img/Distressed_Straight-Leg_Jeans/img_00000033.jpg,pants_or_shorts
img/White_Distressed_Skinny_Jeans/img_00000004.jpg,26,val,data/raw/deepfashion/img/White_Distressed_Skinny_Jeans/img_00000004.jpg,pants_or_shorts
img/Kaleidoscope_Print_Culottes/img_00000027.jpg,23,val,data/raw/deepfashion/img/Kaleidoscope_Print_Culottes/img_00000027.jpg,pants_or_shorts
img/Stretch_Fit_Classic_Skinny_Jeans/img_00000040.jpg,26,val,data/raw/deepfashion/img/Stretch_Fit_Classic_Skinny_Jeans/img_00000040.jpg,pants_or_shorts
img/Velveteen_Paisley_Skinny_Jeans/img_00000026.jpg,26,val,data/raw/deepfashion/img/Velveteen_Paisley_Skinny_Jeans/img_00000026.jpg,pants_or_shorts
img/Flat-Front_Skinny_Jeans/img_00000051.jpg,26,val,data/raw/deepfashion/img/Flat-Front_Skinny_Jeans/img_00000051.jpg,pants_or_shorts
img/Faded_Skinny_Jeans/img_00000069.jpg,26,val,data/raw/deepfashion/img/Faded_Skinny_Jeans/img_00000069.jpg,pants_or_shorts
img/Cloud_Wash_Jeans/img_00000024.jpg,26,val,data/raw/deepfashion/img/Cloud_Wash_Jeans/img_00000024.jpg,pants_or_shorts
img/Self-Tie_Wrap_Culottes/img_00000013.jpg,23,val,data/raw/deepfashion/img/Self-Tie_Wrap_Culottes/img_00000013.jpg,pants_or_shorts
img/Faded_Distressed_Jeans/img_00000024.jpg,26,val,data/raw/deepfashion/img/Faded_Distressed_Jeans/img_00000024.jpg,pants_or_shorts
img/Faded_Skinny_Jeans/img_00000002.jpg,26,val,data/raw/deepfashion/img/Faded_Skinny_Jeans/img_00000002.jpg,pants_or_shorts
img/High-Waist_Acid_Wash_Jeans/img_00000002.jpg,26,val,data/raw/deepfashion/img/High-Waist_Acid_Wash_Jeans/img_00000002.jpg,pants_or_shorts
img/Zippered-Ankle_Skinny_Jeans/img_00000008.jpg,26,val,data/raw/deepfashion/img/Zippered-Ankle_Skinny_Jeans/img_00000008.jpg,pants_or_shorts
img/Distressed_High-Waisted_Cutoffs/img_00000062.jpg,24,val,data/raw/deepfashion/img/Distressed_High-Waisted_Cutoffs/img_00000062.jpg,pants_or_shorts
img/Wide-Leg_Jeans/img_00000062.jpg,26,val,data/raw/deepfashion/img/Wide-Leg_Jeans/img_00000062.jpg,pants_or_shorts
img/Cinched_Ankle_Jeans/img_00000035.jpg,26,val,data/raw/deepfashion/img/Cinched_Ankle_Jeans/img_00000035.jpg,pants_or_shorts
img/Super-Soft_Skinny_Jeans/img_00000016.jpg,26,val,data/raw/deepfashion/img/Super-Soft_Skinny_Jeans/img_00000016.jpg,pants_or_shorts
img/Distressed_Mid-Rise_Skinny_Jeans/img_00000004.jpg,26,val,data/raw/deepfashion/img/Distressed_Mid-Rise_Skinny_Jeans/img_00000004.jpg,pants_or_shorts
img/High-Waisted_Matelot_Skinny_Jeans/img_00000053.jpg,26,val,data/raw/deepfashion/img/High-Waisted_Matelot_Skinny_Jeans/img_00000053.jpg,pants_or_shorts
img/Crochet-Patch_Boyfriend_Jeans/img_00000046.jpg,26,val,data/raw/deepfashion/img/Crochet-Patch_Boyfriend_Jeans/img_00000046.jpg,pants_or_shorts
img/Acid_Wash_Denim_Cutoffs/img_00000016.jpg,24,val,data/raw/deepfashion/img/Acid_Wash_Denim_Cutoffs/img_00000016.jpg,pants_or_shorts
img/High-Waisted_Flared_Jeans/img_00000050.jpg,26,val,data/raw/deepfashion/img/High-Waisted_Flared_Jeans/img_00000050.jpg,pants_or_shorts
img/Mid-Rise_-_Acid_Wash_Skinny_Jeans/img_00000020.jpg,26,val,data/raw/deepfashion/img/Mid-Rise_-_Acid_Wash_Skinny_Jeans/img_00000020.jpg,pants_or_shorts
img/Distressed_Denim_Faded_Cutoffs/img_00000014.jpg,24,val,data/raw/deepfashion/img/Distressed_Denim_Faded_Cutoffs/img_00000014.jpg,pants_or_shorts
img/High-Rise_Mom_Jeans/img_00000067.jpg,26,val,data/raw/deepfashion/img/High-Rise_Mom_Jeans/img_00000067.jpg,pants_or_shorts
img/Medium_Wash_-_Slim_Fit_Jeans/img_00000051.jpg,26,val,data/raw/deepfashion/img/Medium_Wash_-_Slim_Fit_Jeans/img_00000051.jpg,pants_or_shorts
img/Polka_Dot-Pocket_Cutoffs/img_00000028.jpg,24,val,data/raw/deepfashion/img/Polka_Dot-Pocket_Cutoffs/img_00000028.jpg,pants_or_shorts
img/Distressed_Boyfriend_Jeans/img_00000054.jpg,26,val,data/raw/deepfashion/img/Distressed_Boyfriend_Jeans/img_00000054.jpg,pants_or_shorts
img/Sunny_Days_Dip-Dyed_Cutoffs/img_00000013.jpg,24,val,data/raw/deepfashion/img/Sunny_Days_Dip-Dyed_Cutoffs/img_00000013.jpg,pants_or_shorts
img/Everyday_Skinny_Jeans/img_00000004.jpg,26,val,data/raw/deepfashion/img/Everyday_Skinny_Jeans/img_00000004.jpg,pants_or_shorts
img/Tonal-Topstitched_Skinny_Jeans/img_00000020.jpg,26,val,data/raw/deepfashion/img/Tonal-Topstitched_Skinny_Jeans/img_00000020.jpg,pants_or_shorts
img/Favorite_Ankle-Length_Skinny_Jeans/img_00000028.jpg,26,val,data/raw/deepfashion/img/Favorite_Ankle-Length_Skinny_Jeans/img_00000028.jpg,pants_or_shorts
img/Bleached_Skinny_Jeans/img_00000023.jpg,26,val,data/raw/deepfashion/img/Bleached_Skinny_Jeans/img_00000023.jpg,pants_or_shorts
img/Crochet-Patch_Boyfriend_Jeans/img_00000012.jpg,26,val,data/raw/deepfashion/img/Crochet-Patch_Boyfriend_Jeans/img_00000012.jpg,pants_or_shorts
img/Distressed_High-Waisted_Cutoffs/img_00000040.jpg,24,val,data/raw/deepfashion/img/Distressed_High-Waisted_Cutoffs/img_00000040.jpg,pants_or_shorts
img/Tonal-Topstitched_Skinny_Jeans/img_00000003.jpg,26,val,data/raw/deepfashion/img/Tonal-Topstitched_Skinny_Jeans/img_00000003.jpg,pants_or_shorts
img/White_Distressed_Skinny_Jeans/img_00000053.jpg,26,val,data/raw/deepfashion/img/White_Distressed_Skinny_Jeans/img_00000053.jpg,pants_or_shorts
img/Faux_Leather-Paneled_Jeans/img_00000025.jpg,26,val,data/raw/deepfashion/img/Faux_Leather-Paneled_Jeans/img_00000025.jpg,pants_or_shorts
img/Low-Rise_Denim_Cutoffs/img_00000022.jpg,24,val,data/raw/deepfashion/img/Low-Rise_Denim_Cutoffs/img_00000022.jpg,pants_or_shorts
img/Polka_Dot_Skinny_Jeans/img_00000070.jpg,26,val,data/raw/deepfashion/img/Polka_Dot_Skinny_Jeans/img_00000070.jpg,pants_or_shorts
img/Clean_Wash_Slim-Leg_Jeans/img_00000007.jpg,26,val,data/raw/deepfashion/img/Clean_Wash_Slim-Leg_Jeans/img_00000007.jpg,pants_or_shorts
img/Lace-Hemmed_Denim_Cutoffs/img_00000054.jpg,24,val,data/raw/deepfashion/img/Lace-Hemmed_Denim_Cutoffs/img_00000054.jpg,pants_or_shorts
img/Classic_Soft_Jeggings/img_00000007.jpg,27,val,data/raw/deepfashion/img/Classic_Soft_Jeggings/img_00000007.jpg,pants_or_shorts
img/Low_Rise-_Ankle_Skinny_Jeans/img_00000035.jpg,26,val,data/raw/deepfashion/img/Low_Rise-_Ankle_Skinny_Jeans/img_00000035.jpg,pants_or_shorts
img/Faded_Skinny_Jeans/img_00000017.jpg,26,val,data/raw/deepfashion/img/Faded_Skinny_Jeans/img_00000017.jpg,pants_or_shorts
img/Patched_Straight-Leg_Jeans/img_00000005.jpg,26,val,data/raw/deepfashion/img/Patched_Straight-Leg_Jeans/img_00000005.jpg,pants_or_shorts
img/Acid_Wash_Jeans/img_00000043.jpg,26,val,data/raw/deepfashion/img/Acid_Wash_Jeans/img_00000043.jpg,pants_or_shorts
img/Acid_Wash_-_Skinny_Jeans/img_00000017.jpg,26,val,data/raw/deepfashion/img/Acid_Wash_-_Skinny_Jeans/img_00000017.jpg,pants_or_shorts
img/Life_in_Progress_Distressed_Low-Rise_Skinny_Jeans/img_00000002.jpg,26,val,data/raw/deepfashion/img/Life_in_Progress_Distressed_Low-Rise_Skinny_Jeans/img_00000002.jpg,pants_or_shorts
img/Stretch_Fit_Skinny_Jeans/img_00000025.jpg,26,val,data/raw/deepfashion/img/Stretch_Fit_Skinny_Jeans/img_00000025.jpg,pants_or_shorts
img/Clean_Wash_Jeggings/img_00000055.jpg,27,val,data/raw/deepfashion/img/Clean_Wash_Jeggings/img_00000055.jpg,pants_or_shorts
img/Dark_Wash_Jeggings/img_00000019.jpg,27,val,data/raw/deepfashion/img/Dark_Wash_Jeggings/img_00000019.jpg,pants_or_shorts
img/Mineral_Wash_High-Rise_Skinny_Jeans/img_00000026.jpg,26,val,data/raw/deepfashion/img/Mineral_Wash_High-Rise_Skinny_Jeans/img_00000026.jpg,pants_or_shorts
img/Low-Rise_-__Mineral_Wash_Jeans/img_00000026.jpg,26,val,data/raw/deepfashion/img/Low-Rise_-__Mineral_Wash_Jeans/img_00000026.jpg,pants_or_shorts
img/Acid_Wash_Denim_Cutoffs/img_00000040.jpg,24,val,data/raw/deepfashion/img/Acid_Wash_Denim_Cutoffs/img_00000040.jpg,pants_or_shorts
img/Bleached_Low-Rise_Skinny_Jeans/img_00000056.jpg,26,val,data/raw/deepfashion/img/Bleached_Low-Rise_Skinny_Jeans/img_00000056.jpg,pants_or_shorts
img/Clean_Wash_-_Ripped_Slim-Leg_Jeans/img_00000016.jpg,26,val,data/raw/deepfashion/img/Clean_Wash_-_Ripped_Slim-Leg_Jeans/img_00000016.jpg,pants_or_shorts
img/Crochet_Denim_Cutoffs/img_00000006.jpg,24,val,data/raw/deepfashion/img/Crochet_Denim_Cutoffs/img_00000006.jpg,pants_or_shorts
img/Bleached_Skinny_Jeans/img_00000049.jpg,26,val,data/raw/deepfashion/img/Bleached_Skinny_Jeans/img_00000049.jpg,pants_or_shorts
img/Classic_Bootcut_Jeans/img_00000053.jpg,26,val,data/raw/deepfashion/img/Classic_Bootcut_Jeans/img_00000053.jpg,pants_or_shorts
img/Pleated_Wide-Leg_Culottes/img_00000010.jpg,23,val,data/raw/deepfashion/img/Pleated_Wide-Leg_Culottes/img_00000010.jpg,pants_or_shorts
img/Acid_Wash_Distressed_Cutoffs/img_00000001.jpg,24,val,data/raw/deepfashion/img/Acid_Wash_Distressed_Cutoffs/img_00000001.jpg,pants_or_shorts
img/Acid_Wash_Distressed_Jeans/img_00000013.jpg,26,val,data/raw/deepfashion/img/Acid_Wash_Distressed_Jeans/img_00000013.jpg,pants_or_shorts
img/Americana_Skinny_Jeans/img_00000028.jpg,26,val,data/raw/deepfashion/img/Americana_Skinny_Jeans/img_00000028.jpg,pants_or_shorts
img/Distressed_Mineral_Wash_Jeans/img_00000002.jpg,26,val,data/raw/deepfashion/img/Distressed_Mineral_Wash_Jeans/img_00000002.jpg,pants_or_shorts
img/Classic_Faded_Jeggings/img_00000011.jpg,27,val,data/raw/deepfashion/img/Classic_Faded_Jeggings/img_00000011.jpg,pants_or_shorts
img/Acid_Wash_Jeans/img_00000011.jpg,26,val,data/raw/deepfashion/img/Acid_Wash_Jeans/img_00000011.jpg,pants_or_shorts
img/Mandala_Print_Culottes/img_00000024.jpg,23,val,data/raw/deepfashion/img/Mandala_Print_Culottes/img_00000024.jpg,pants_or_shorts
img/Skinny_Ankle_Jeans/img_00000038.jpg,26,val,data/raw/deepfashion/img/Skinny_Ankle_Jeans/img_00000038.jpg,pants_or_shorts
img/Cinched-Side_Denim_Cutoffs/img_00000011.jpg,24,val,data/raw/deepfashion/img/Cinched-Side_Denim_Cutoffs/img_00000011.jpg,pants_or_shorts
img/Classic_Denim_Cutoffs/img_00000054.jpg,24,val,data/raw/deepfashion/img/Classic_Denim_Cutoffs/img_00000054.jpg,pants_or_shorts
img/Distressed_Bleach_Wash_Cutoffs/img_00000021.jpg,24,val,data/raw/deepfashion/img/Distressed_Bleach_Wash_Cutoffs/img_00000021.jpg,pants_or_shorts
img/Stretch_Fit_Mineral_Wash_Skinny_Jeans/img_00000008.jpg,26,val,data/raw/deepfashion/img/Stretch_Fit_Mineral_Wash_Skinny_Jeans/img_00000008.jpg,pants_or_shorts
img/Distressed_Boyfriend_Jeans/img_00000031.jpg,26,val,data/raw/deepfashion/img/Distressed_Boyfriend_Jeans/img_00000031.jpg,pants_or_shorts
img/Low-Rise_-_Distressed_Skinny_Jeans/img_00000061.jpg,26,val,data/raw/deepfashion/img/Low-Rise_-_Distressed_Skinny_Jeans/img_00000061.jpg,pants_or_shorts
img/Classic_High-Waisted_Jeans/img_00000049.jpg,26,val,data/raw/deepfashion/img/Classic_High-Waisted_Jeans/img_00000049.jpg,pants_or_shorts
img/Distressed_Patchwork_Jeans/img_00000003.jpg,26,val,data/raw/deepfashion/img/Distressed_Patchwork_Jeans/img_00000003.jpg,pants_or_shorts
img/Patched_Straight-Leg_Jeans/img_00000008.jpg,26,val,data/raw/deepfashion/img/Patched_Straight-Leg_Jeans/img_00000008.jpg,pants_or_shorts
img/Classic_Distressed_Boyfriend_Jeans/img_00000056.jpg,26,val,data/raw/deepfashion/img/Classic_Distressed_Boyfriend_Jeans/img_00000056.jpg,pants_or_shorts
img/Faded_Denim_Cutoffs/img_00000030.jpg,24,val,data/raw/deepfashion/img/Faded_Denim_Cutoffs/img_00000030.jpg,pants_or_shorts
img/Acid_Wash_Jeans/img_00000014.jpg,26,val,data/raw/deepfashion/img/Acid_Wash_Jeans/img_00000014.jpg,pants_or_shorts
img/Pleated_Wide-Leg_Culottes/img_00000004.jpg,23,val,data/raw/deepfashion/img/Pleated_Wide-Leg_Culottes/img_00000004.jpg,pants_or_shorts
img/Wide-Leg_Jeans/img_00000084.jpg,26,val,data/raw/deepfashion/img/Wide-Leg_Jeans/img_00000084.jpg,pants_or_shorts
img/Polka_Dot-Pocket_Cutoffs/img_00000037.jpg,24,val,data/raw/deepfashion/img/Polka_Dot-Pocket_Cutoffs/img_00000037.jpg,pants_or_shorts
img/Faux_Leather-Paneled_Jeans/img_00000021.jpg,26,val,data/raw/deepfashion/img/Faux_Leather-Paneled_Jeans/img_00000021.jpg,pants_or_shorts
img/High-Waisted_-_Skinny_Jeans/img_00000010.jpg,26,val,data/raw/deepfashion/img/High-Waisted_-_Skinny_Jeans/img_00000010.jpg,pants_or_shorts
img/Mid_Rise-_Destroyed_Straight_Leg_Ankle_Jeans/img_00000055.jpg,26,val,data/raw/deepfashion/img/Mid_Rise-_Destroyed_Straight_Leg_Ankle_Jeans/img_00000055.jpg,pants_or_shorts
img/Acid_Wash_Distressed_Cutoffs/img_00000006.jpg,24,val,data/raw/deepfashion/img/Acid_Wash_Distressed_Cutoffs/img_00000006.jpg,pants_or_shorts
img/Clean_Wash_Slim_Jeans/img_00000025.jpg,26,val,data/raw/deepfashion/img/Clean_Wash_Slim_Jeans/img_00000025.jpg,pants_or_shorts
img/Wide-Leg_Jeans/img_00000088.jpg,26,val,data/raw/deepfashion/img/Wide-Leg_Jeans/img_00000088.jpg,pants_or_shorts
img/No-Fuss_Distressed_Cutoffs/img_00000016.jpg,24,val,data/raw/deepfashion/img/No-Fuss_Distressed_Cutoffs/img_00000016.jpg,pants_or_shorts
img/Low-Rise_-_Distressed_Skinny_Jeans/img_00000045.jpg,26,val,data/raw/deepfashion/img/Low-Rise_-_Distressed_Skinny_Jeans/img_00000045.jpg,pants_or_shorts
img/Classic_Wash_-_Skinny_Jeans/img_00000014.jpg,26,val,data/raw/deepfashion/img/Classic_Wash_-_Skinny_Jeans/img_00000014.jpg,pants_or_shorts
img/Distressed_High-Waisted_Cutoffs/img_00000046.jpg,24,val,data/raw/deepfashion/img/Distressed_High-Waisted_Cutoffs/img_00000046.jpg,pants_or_shorts
img/Kaleidoscope_Print_Culottes/img_00000024.jpg,23,val,data/raw/deepfashion/img/Kaleidoscope_Print_Culottes/img_00000024.jpg,pants_or_shorts
img/Acid_Wash_-_Skinny_Jeans/img_00000028.jpg,26,val,data/raw/deepfashion/img/Acid_Wash_-_Skinny_Jeans/img_00000028.jpg,pants_or_shorts
img/Wide-Leg_Jeans/img_00000040.jpg,26,val,data/raw/deepfashion/img/Wide-Leg_Jeans/img_00000040.jpg,pants_or_shorts
img/Mom_Fit_Jeans/img_00000024.jpg,26,val,data/raw/deepfashion/img/Mom_Fit_Jeans/img_00000024.jpg,pants_or_shorts
img/Whiskered_Skinny_Jeans/img_00000055.jpg,26,val,data/raw/deepfashion/img/Whiskered_Skinny_Jeans/img_00000055.jpg,pants_or_shorts
img/Faded_Denim_Cutoffs/img_00000004.jpg,24,val,data/raw/deepfashion/img/Faded_Denim_Cutoffs/img_00000004.jpg,pants_or_shorts
img/Acid_Wash_Boyfriend_Jeans/img_00000017.jpg,26,val,data/raw/deepfashion/img/Acid_Wash_Boyfriend_Jeans/img_00000017.jpg,pants_or_shorts
img/Distressed_Denim_Jeans/img_00000041.jpg,26,val,data/raw/deepfashion/img/Distressed_Denim_Jeans/img_00000041.jpg,pants_or_shorts
img/Clean_Wash_-_Skinny_Jeans/img_00000047.jpg,26,val,data/raw/deepfashion/img/Clean_Wash_-_Skinny_Jeans/img_00000047.jpg,pants_or_shorts
img/Stonewash-_Skinny_Jeans/img_00000009.jpg,26,val,data/raw/deepfashion/img/Stonewash-_Skinny_Jeans/img_00000009.jpg,pants_or_shorts
img/Classic_Distressed_Jeans/img_00000012.jpg,26,val,data/raw/deepfashion/img/Classic_Distressed_Jeans/img_00000012.jpg,pants_or_shorts
img/Abstract_Chevron_Print_Culottes/img_00000010.jpg,23,val,data/raw/deepfashion/img/Abstract_Chevron_Print_Culottes/img_00000010.jpg,pants_or_shorts
img/High-Waisted_Skinny_Jeans/img_00000018.jpg,26,val,data/raw/deepfashion/img/High-Waisted_Skinny_Jeans/img_00000018.jpg,pants_or_shorts
img/Mixed_Stripe_Linen-Blend_Culottes/img_00000013.jpg,23,val,data/raw/deepfashion/img/Mixed_Stripe_Linen-Blend_Culottes/img_00000013.jpg,pants_or_shorts
img/Distressed_Patchwork_Jeans/img_00000040.jpg,26,val,data/raw/deepfashion/img/Distressed_Patchwork_Jeans/img_00000040.jpg,pants_or_shorts
img/Cloud_Wash_Distressed_Cutoffs/img_00000005.jpg,24,val,data/raw/deepfashion/img/Cloud_Wash_Distressed_Cutoffs/img_00000005.jpg,pants_or_shorts
img/Medium_Wash_-_Straight-Leg_Jeans/img_00000067.jpg,26,val,data/raw/deepfashion/img/Medium_Wash_-_Straight-Leg_Jeans/img_00000067.jpg,pants_or_shorts
img/Low-Rise_Denim_Cutoffs/img_00000079.jpg,24,val,data/raw/deepfashion/img/Low-Rise_Denim_Cutoffs/img_00000079.jpg,pants_or_shorts
img/Bleached_Skinny_Jeans/img_00000028.jpg,26,val,data/raw/deepfashion/img/Bleached_Skinny_Jeans/img_00000028.jpg,pants_or_shorts
img/Crochet-Patch_Boyfriend_Jeans/img_00000030.jpg,26,val,data/raw/deepfashion/img/Crochet-Patch_Boyfriend_Jeans/img_00000030.jpg,pants_or_shorts
img/Favorite_Ankle-Length_Skinny_Jeans/img_00000018.jpg,26,val,data/raw/deepfashion/img/Favorite_Ankle-Length_Skinny_Jeans/img_00000018.jpg,pants_or_shorts
img/Bleached_Skinny_Jeans/img_00000068.jpg,26,val,data/raw/deepfashion/img/Bleached_Skinny_Jeans/img_00000068.jpg,pants_or_shorts
img/Sanded_Dark_Wash_-_Skinny_Jeans/img_00000055.jpg,26,val,data/raw/deepfashion/img/Sanded_Dark_Wash_-_Skinny_Jeans/img_00000055.jpg,pants_or_shorts
img/High-Waisted_Skinny_Jeans/img_00000060.jpg,26,val,data/raw/deepfashion/img/High-Waisted_Skinny_Jeans/img_00000060.jpg,pants_or_shorts
img/Acid_Wash_-_Skinny_Jeans/img_00000067.jpg,26,val,data/raw/deepfashion/img/Acid_Wash_-_Skinny_Jeans/img_00000067.jpg,pants_or_shorts
img/Frayed_Denim_Gauchos/img_00000033.jpg,25,val,data/raw/deepfashion/img/Frayed_Denim_Gauchos/img_00000033.jpg,pants_or_shorts
img/Skinny_Ankle_Jeans/img_00000055.jpg,26,val,data/raw/deepfashion/img/Skinny_Ankle_Jeans/img_00000055.jpg,pants_or_shorts
img/Mid-Rise_-_Zippered_Skinny_Jeans/img_00000067.jpg,26,val,data/raw/deepfashion/img/Mid-Rise_-_Zippered_Skinny_Jeans/img_00000067.jpg,pants_or_shorts
img/Crochet-Patch_Boyfriend_Jeans/img_00000021.jpg,26,val,data/raw/deepfashion/img/Crochet-Patch_Boyfriend_Jeans/img_00000021.jpg,pants_or_shorts
img/Mixed_Stripe_Linen-Blend_Culottes/img_00000017.jpg,23,val,data/raw/deepfashion/img/Mixed_Stripe_Linen-Blend_Culottes/img_00000017.jpg,pants_or_shorts
img/Distressed_Boyfriend_Jeans/img_00000003.jpg,26,val,data/raw/deepfashion/img/Distressed_Boyfriend_Jeans/img_00000003.jpg,pants_or_shorts
img/Classic_Slim-Leg_Jeans/img_00000047.jpg,26,val,data/raw/deepfashion/img/Classic_Slim-Leg_Jeans/img_00000047.jpg,pants_or_shorts
img/High_Waist-_Quilted_Moto_Jeggings/img_00000008.jpg,27,val,data/raw/deepfashion/img/High_Waist-_Quilted_Moto_Jeggings/img_00000008.jpg,pants_or_shorts
img/Distressed_Denim_Faded_Cutoffs/img_00000013.jpg,24,val,data/raw/deepfashion/img/Distressed_Denim_Faded_Cutoffs/img_00000013.jpg,pants_or_shorts
img/Classic_Distressed_Boyfriend_Jeans/img_00000004.jpg,26,val,data/raw/deepfashion/img/Classic_Distressed_Boyfriend_Jeans/img_00000004.jpg,pants_or_shorts
img/Classic_Bootcut_Jeans/img_00000055.jpg,26,val,data/raw/deepfashion/img/Classic_Bootcut_Jeans/img_00000055.jpg,pants_or_shorts
img/Bleached_Skinny_Jeans/img_00000041.jpg,26,val,data/raw/deepfashion/img/Bleached_Skinny_Jeans/img_00000041.jpg,pants_or_shorts
img/Bleached_Skinny_Jeans/img_00000020.jpg,26,val,data/raw/deepfashion/img/Bleached_Skinny_Jeans/img_00000020.jpg,pants_or_shorts
img/Distressed_Whisker_Wash_Jeans/img_00000020.jpg,26,val,data/raw/deepfashion/img/Distressed_Whisker_Wash_Jeans/img_00000020.jpg,pants_or_shorts
img/Classic_Wash_-_Slim_Fit_Jeans/img_00000009.jpg,26,val,data/raw/deepfashion/img/Classic_Wash_-_Slim_Fit_Jeans/img_00000009.jpg,pants_or_shorts
img/Zippered-Ankle_Skinny_Jeans/img_00000059.jpg,26,val,data/raw/deepfashion/img/Zippered-Ankle_Skinny_Jeans/img_00000059.jpg,pants_or_shorts
img/High-Waisted_Denim_Cutoffs/img_00000022.jpg,24,val,data/raw/deepfashion/img/High-Waisted_Denim_Cutoffs/img_00000022.jpg,pants_or_shorts
img/Bleached_Denim_Cutoffs/img_00000004.jpg,24,val,data/raw/deepfashion/img/Bleached_Denim_Cutoffs/img_00000004.jpg,pants_or_shorts
img/Clean_Wash_Bootleg_Jeans/img_00000061.jpg,26,val,data/raw/deepfashion/img/Clean_Wash_Bootleg_Jeans/img_00000061.jpg,pants_or_shorts
img/Clean_Wash_Jeggings/img_00000060.jpg,27,val,data/raw/deepfashion/img/Clean_Wash_Jeggings/img_00000060.jpg,pants_or_shorts
img/Stretch_Fit_Classic_Skinny_Jeans/img_00000010.jpg,26,val,data/raw/deepfashion/img/Stretch_Fit_Classic_Skinny_Jeans/img_00000010.jpg,pants_or_shorts
img/Mid-Rise_-_Acid_Wash_Skinny_Jeans/img_00000059.jpg,26,val,data/raw/deepfashion/img/Mid-Rise_-_Acid_Wash_Skinny_Jeans/img_00000059.jpg,pants_or_shorts
img/High-Rise_Skinny_Jeans/img_00000028.jpg,26,val,data/raw/deepfashion/img/High-Rise_Skinny_Jeans/img_00000028.jpg,pants_or_shorts
img/Classic_Wash_-_Skinny_Jeans/img_00000011.jpg,26,val,data/raw/deepfashion/img/Classic_Wash_-_Skinny_Jeans/img_00000011.jpg,pants_or_shorts
img/Acid_Wash_Mom_Jeans/img_00000005.jpg,26,val,data/raw/deepfashion/img/Acid_Wash_Mom_Jeans/img_00000005.jpg,pants_or_shorts
img/Pleated_Culottes/img_00000041.jpg,23,val,data/raw/deepfashion/img/Pleated_Culottes/img_00000041.jpg,pants_or_shorts
img/Patched_Straight-Leg_Jeans/img_00000073.jpg,26,val,data/raw/deepfashion/img/Patched_Straight-Leg_Jeans/img_00000073.jpg,pants_or_shorts
img/Grunge_Bleached_Denim_Cutoffs/img_00000004.jpg,24,val,data/raw/deepfashion/img/Grunge_Bleached_Denim_Cutoffs/img_00000004.jpg,pants_or_shorts
img/Polka_Dot_Skinny_Jeans/img_00000060.jpg,26,val,data/raw/deepfashion/img/Polka_Dot_Skinny_Jeans/img_00000060.jpg,pants_or_shorts
img/Classic_Faded_Jeggings/img_00000066.jpg,27,val,data/raw/deepfashion/img/Classic_Faded_Jeggings/img_00000066.jpg,pants_or_shorts
img/Clean_Wash_High-Rise_Skinny_Jeans/img_00000028.jpg,26,val,data/raw/deepfashion/img/Clean_Wash_High-Rise_Skinny_Jeans/img_00000028.jpg,pants_or_shorts
img/Distressed_Low-Rise_Skinny_Jeans/img_00000024.jpg,26,val,data/raw/deepfashion/img/Distressed_Low-Rise_Skinny_Jeans/img_00000024.jpg,pants_or_shorts
img/Classic_Slim_Denim_Jeans/img_00000050.jpg,26,val,data/raw/deepfashion/img/Classic_Slim_Denim_Jeans/img_00000050.jpg,pants_or_shorts
img/Pleated_Wide-Leg_Culottes/img_00000039.jpg,23,val,data/raw/deepfashion/img/Pleated_Wide-Leg_Culottes/img_00000039.jpg,pants_or_shorts
img/High-Waisted_Skinny_Jeans/img_00000047.jpg,26,val,data/raw/deepfashion/img/High-Waisted_Skinny_Jeans/img_00000047.jpg,pants_or_shorts
img/Flat-Front_Skinny_Jeans/img_00000063.jpg,26,val,data/raw/deepfashion/img/Flat-Front_Skinny_Jeans/img_00000063.jpg,pants_or_shorts
img/Floral_Print_Culottes/img_00000029.jpg,23,val,data/raw/deepfashion/img/Floral_Print_Culottes/img_00000029.jpg,pants_or_shorts
img/Classic_Mid-Rise_Skinny_Jeans/img_00000031.jpg,26,val,data/raw/deepfashion/img/Classic_Mid-Rise_Skinny_Jeans/img_00000031.jpg,pants_or_shorts
img/Polka_Dot-Pocket_Cutoffs/img_00000035.jpg,24,val,data/raw/deepfashion/img/Polka_Dot-Pocket_Cutoffs/img_00000035.jpg,pants_or_shorts
img/Acid_Wash_Boyfriend_Jeans/img_00000052.jpg,26,val,data/raw/deepfashion/img/Acid_Wash_Boyfriend_Jeans/img_00000052.jpg,pants_or_shorts
img/Crochet-Trimmed_Denim_Cutoffs/img_00000005.jpg,24,val,data/raw/deepfashion/img/Crochet-Trimmed_Denim_Cutoffs/img_00000005.jpg,pants_or_shorts
img/Wide-Leg_Jeans/img_00000089.jpg,26,val,data/raw/deepfashion/img/Wide-Leg_Jeans/img_00000089.jpg,pants_or_shorts
img/Clean_Wash_Bootleg_Jeans/img_00000067.jpg,26,val,data/raw/deepfashion/img/Clean_Wash_Bootleg_Jeans/img_00000067.jpg,pants_or_shorts
img/Medium_Wash_-_Slim_Fit_Jeans/img_00000002.jpg,26,val,data/raw/deepfashion/img/Medium_Wash_-_Slim_Fit_Jeans/img_00000002.jpg,pants_or_shorts
img/Clean_Wash_Bootleg_Jeans/img_00000012.jpg,26,val,data/raw/deepfashion/img/Clean_Wash_Bootleg_Jeans/img_00000012.jpg,pants_or_shorts
img/Faux_Leather-Paneled_Jeans/img_00000038.jpg,26,val,data/raw/deepfashion/img/Faux_Leather-Paneled_Jeans/img_00000038.jpg,pants_or_shorts
img/Mid-Rise_-_Zippered_Skinny_Jeans/img_00000029.jpg,26,val,data/raw/deepfashion/img/Mid-Rise_-_Zippered_Skinny_Jeans/img_00000029.jpg,pants_or_shorts
img/Low-Rise_Skinny_Jeans/img_00000007.jpg,26,val,data/raw/deepfashion/img/Low-Rise_Skinny_Jeans/img_00000007.jpg,pants_or_shorts
img/High-Rise_-_Flat_Front_Skinny_Jeans/img_00000017.jpg,26,val,data/raw/deepfashion/img/High-Rise_-_Flat_Front_Skinny_Jeans/img_00000017.jpg,pants_or_shorts
img/Mineral_Wash_High-Rise_Skinny_Jeans/img_00000045.jpg,26,val,data/raw/deepfashion/img/Mineral_Wash_High-Rise_Skinny_Jeans/img_00000045.jpg,pants_or_shorts
img/Distressed_Bleach_Wash_Cutoffs/img_00000018.jpg,24,val,data/raw/deepfashion/img/Distressed_Bleach_Wash_Cutoffs/img_00000018.jpg,pants_or_shorts
img/Low-Rise_Denim_Cutoffs/img_00000030.jpg,24,val,data/raw/deepfashion/img/Low-Rise_Denim_Cutoffs/img_00000030.jpg,pants_or_shorts
img/High-Waisted_Flared_Jeans/img_00000068.jpg,26,val,data/raw/deepfashion/img/High-Waisted_Flared_Jeans/img_00000068.jpg,pants_or_shorts
img/Classic_Slim_Denim_Jeans/img_00000010.jpg,26,val,data/raw/deepfashion/img/Classic_Slim_Denim_Jeans/img_00000010.jpg,pants_or_shorts
img/Destroyed_Slim-Leg_Jeans/img_00000030.jpg,26,val,data/raw/deepfashion/img/Destroyed_Slim-Leg_Jeans/img_00000030.jpg,pants_or_shorts
img/Cuffed_Denim_Cutoffs/img_00000021.jpg,24,val,data/raw/deepfashion/img/Cuffed_Denim_Cutoffs/img_00000021.jpg,pants_or_shorts
img/Distressed_Whisker_Wash_Jeans/img_00000017.jpg,26,val,data/raw/deepfashion/img/Distressed_Whisker_Wash_Jeans/img_00000017.jpg,pants_or_shorts
img/No-Fuss_Distressed_Cutoffs/img_00000007.jpg,24,val,data/raw/deepfashion/img/No-Fuss_Distressed_Cutoffs/img_00000007.jpg,pants_or_shorts
img/Destroyed_Denim_Cutoffs/img_00000007.jpg,24,val,data/raw/deepfashion/img/Destroyed_Denim_Cutoffs/img_00000007.jpg,pants_or_shorts
img/Elasticized_Flared_Jeans/img_00000046.jpg,26,val,data/raw/deepfashion/img/Elasticized_Flared_Jeans/img_00000046.jpg,pants_or_shorts
img/Clean_Wash_High-Rise_Skinny_Jeans/img_00000018.jpg,26,val,data/raw/deepfashion/img/Clean_Wash_High-Rise_Skinny_Jeans/img_00000018.jpg,pants_or_shorts
img/Cloud_Wash_Jeans/img_00000031.jpg,26,val,data/raw/deepfashion/img/Cloud_Wash_Jeans/img_00000031.jpg,pants_or_shorts
img/Low_Rise-_Ankle_Skinny_Jeans/img_00000030.jpg,26,val,data/raw/deepfashion/img/Low_Rise-_Ankle_Skinny_Jeans/img_00000030.jpg,pants_or_shorts
img/Acid_Wash_-_Skinny_Jeans/img_00000080.jpg,26,val,data/raw/deepfashion/img/Acid_Wash_-_Skinny_Jeans/img_00000080.jpg,pants_or_shorts
img/Bleached_Skinny_Jeans/img_00000054.jpg,26,val,data/raw/deepfashion/img/Bleached_Skinny_Jeans/img_00000054.jpg,pants_or_shorts
img/Faded_Stretch-Fit_Skinny_Jeans/img_00000047.jpg,26,val,data/raw/deepfashion/img/Faded_Stretch-Fit_Skinny_Jeans/img_00000047.jpg,pants_or_shorts
img/White_Distressed_Skinny_Jeans/img_00000054.jpg,26,val,data/raw/deepfashion/img/White_Distressed_Skinny_Jeans/img_00000054.jpg,pants_or_shorts
img/Low_Rise-_Ankle_Skinny_Jeans/img_00000036.jpg,26,val,data/raw/deepfashion/img/Low_Rise-_Ankle_Skinny_Jeans/img_00000036.jpg,pants_or_shorts
img/Distressed_Whisker_Wash_Jeans/img_00000027.jpg,26,val,data/raw/deepfashion/img/Distressed_Whisker_Wash_Jeans/img_00000027.jpg,pants_or_shorts
img/Everyday_Skinny_Jeans/img_00000052.jpg,26,val,data/raw/deepfashion/img/Everyday_Skinny_Jeans/img_00000052.jpg,pants_or_shorts
img/Distressed_Denim_Cutoffs/img_00000002.jpg,24,val,data/raw/deepfashion/img/Distressed_Denim_Cutoffs/img_00000002.jpg,pants_or_shorts
img/Low_Rise-_Ankle_Skinny_Jeans/img_00000032.jpg,26,val,data/raw/deepfashion/img/Low_Rise-_Ankle_Skinny_Jeans/img_00000032.jpg,pants_or_shorts
img/Classic_Distressed_Jeans/img_00000048.jpg,26,val,data/raw/deepfashion/img/Classic_Distressed_Jeans/img_00000048.jpg,pants_or_shorts
img/Faded_&_Frayed_Denim_Cutoffs/img_00000016.jpg,24,val,data/raw/deepfashion/img/Faded_&_Frayed_Denim_Cutoffs/img_00000016.jpg,pants_or_shorts
img/Buttoned_High-Waisted_Skinny_Jeans/img_00000064.jpg,26,val,data/raw/deepfashion/img/Buttoned_High-Waisted_Skinny_Jeans/img_00000064.jpg,pants_or_shorts
img/Wide-Leg_Jeans/img_00000064.jpg,26,val,data/raw/deepfashion/img/Wide-Leg_Jeans/img_00000064.jpg,pants_or_shorts
img/Bleached_Denim_Cutoffs/img_00000057.jpg,24,val,data/raw/deepfashion/img/Bleached_Denim_Cutoffs/img_00000057.jpg,pants_or_shorts
img/Clean_Wash_Bootleg_Jeans/img_00000043.jpg,26,val,data/raw/deepfashion/img/Clean_Wash_Bootleg_Jeans/img_00000043.jpg,pants_or_shorts
img/Distressed_Denim_Cutoffs/img_00000065.jpg,24,val,data/raw/deepfashion/img/Distressed_Denim_Cutoffs/img_00000065.jpg,pants_or_shorts
img/Acid_Wash_Denim_Cutoffs/img_00000034.jpg,24,val,data/raw/deepfashion/img/Acid_Wash_Denim_Cutoffs/img_00000034.jpg,pants_or_shorts
img/Clean_Wash_Bootleg_Jeans/img_00000054.jpg,26,val,data/raw/deepfashion/img/Clean_Wash_Bootleg_Jeans/img_00000054.jpg,pants_or_shorts
img/Distressed_High-Waisted_Cutoffs/img_00000018.jpg,24,val,data/raw/deepfashion/img/Distressed_High-Waisted_Cutoffs/img_00000018.jpg,pants_or_shorts
img/Clean_Wash_-_Ripped_Slim-Leg_Jeans/img_00000041.jpg,26,val,data/raw/deepfashion/img/Clean_Wash_-_Ripped_Slim-Leg_Jeans/img_00000041.jpg,pants_or_shorts
img/Classic_Soft_Jeggings/img_00000014.jpg,27,val,data/raw/deepfashion/img/Classic_Soft_Jeggings/img_00000014.jpg,pants_or_shorts
img/High-Waisted_Matelot_Skinny_Jeans/img_00000008.jpg,26,val,data/raw/deepfashion/img/High-Waisted_Matelot_Skinny_Jeans/img_00000008.jpg,pants_or_shorts
img/Paisley_Print_Culottes/img_00000048.jpg,23,val,data/raw/deepfashion/img/Paisley_Print_Culottes/img_00000048.jpg,pants_or_shorts
img/Classic_Soft_Jeggings/img_00000004.jpg,27,val,data/raw/deepfashion/img/Classic_Soft_Jeggings/img_00000004.jpg,pants_or_shorts
img/Stretch_Fit_Classic_Skinny_Jeans/img_00000067.jpg,26,val,data/raw/deepfashion/img/Stretch_Fit_Classic_Skinny_Jeans/img_00000067.jpg,pants_or_shorts
img/Distressed_Skinny_Jeans/img_00000014.jpg,26,val,data/raw/deepfashion/img/Distressed_Skinny_Jeans/img_00000014.jpg,pants_or_shorts
img/High_Waist-_Quilted_Moto_Jeggings/img_00000057.jpg,27,val,data/raw/deepfashion/img/High_Waist-_Quilted_Moto_Jeggings/img_00000057.jpg,pants_or_shorts
img/Mom_Fit_Jeans/img_00000009.jpg,26,val,data/raw/deepfashion/img/Mom_Fit_Jeans/img_00000009.jpg,pants_or_shorts
img/Everyday_Skinny_Jeans/img_00000036.jpg,26,val,data/raw/deepfashion/img/Everyday_Skinny_Jeans/img_00000036.jpg,pants_or_shorts
img/Distressed_High-Waisted_Cutoffs/img_00000063.jpg,24,val,data/raw/deepfashion/img/Distressed_High-Waisted_Cutoffs/img_00000063.jpg,pants_or_shorts
img/Stonewash-_Skinny_Jeans/img_00000050.jpg,26,val,data/raw/deepfashion/img/Stonewash-_Skinny_Jeans/img_00000050.jpg,pants_or_shorts
img/Distressed_Skinny_Jeans/img_00000018.jpg,26,val,data/raw/deepfashion/img/Distressed_Skinny_Jeans/img_00000018.jpg,pants_or_shorts
img/Slim_Fit_Moto_Jeans/img_00000054.jpg,26,val,data/raw/deepfashion/img/Slim_Fit_Moto_Jeans/img_00000054.jpg,pants_or_shorts
img/High-Waisted_Matelot_Skinny_Jeans/img_00000036.jpg,26,val,data/raw/deepfashion/img/High-Waisted_Matelot_Skinny_Jeans/img_00000036.jpg,pants_or_shorts
img/Distressed_High-Waisted_Cutoffs/img_00000050.jpg,24,val,data/raw/deepfashion/img/Distressed_High-Waisted_Cutoffs/img_00000050.jpg,pants_or_shorts
img/Polka_Dot-Pocket_Cutoffs/img_00000029.jpg,24,val,data/raw/deepfashion/img/Polka_Dot-Pocket_Cutoffs/img_00000029.jpg,pants_or_shorts
img/Distressed_Light_Wash_-_Slim_Fit_Jeans/img_00000063.jpg,26,val,data/raw/deepfashion/img/Distressed_Light_Wash_-_Slim_Fit_Jeans/img_00000063.jpg,pants_or_shorts
img/Destroyed_Cropped_Jeans/img_00000036.jpg,26,val,data/raw/deepfashion/img/Destroyed_Cropped_Jeans/img_00000036.jpg,pants_or_shorts
img/Americana_Skinny_Jeans/img_00000063.jpg,26,val,data/raw/deepfashion/img/Americana_Skinny_Jeans/img_00000063.jpg,pants_or_shorts
img/Clean_Wash_Bootleg_Jeans/img_00000025.jpg,26,val,data/raw/deepfashion/img/Clean_Wash_Bootleg_Jeans/img_00000025.jpg,pants_or_shorts
img/Mineral_Wash_Skinny_Jeans/img_00000021.jpg,26,val,data/raw/deepfashion/img/Mineral_Wash_Skinny_Jeans/img_00000021.jpg,pants_or_shorts
img/Frayed_Denim_Gauchos/img_00000004.jpg,25,val,data/raw/deepfashion/img/Frayed_Denim_Gauchos/img_00000004.jpg,pants_or_shorts
img/Kaleidoscope_Print_Culottes/img_00000026.jpg,23,val,data/raw/deepfashion/img/Kaleidoscope_Print_Culottes/img_00000026.jpg,pants_or_shorts
img/Classic_High-Waisted_Jeans/img_00000059.jpg,26,val,data/raw/deepfashion/img/Classic_High-Waisted_Jeans/img_00000059.jpg,pants_or_shorts
img/Abstract_Chevron_Print_Culottes/img_00000023.jpg,23,val,data/raw/deepfashion/img/Abstract_Chevron_Print_Culottes/img_00000023.jpg,pants_or_shorts
img/Mineral_Wash_Denim_Cutoffs/img_00000012.jpg,24,val,data/raw/deepfashion/img/Mineral_Wash_Denim_Cutoffs/img_00000012.jpg,pants_or_shorts
img/Mid-Rise_Skinny_Jeans/img_00000081.jpg,26,val,data/raw/deepfashion/img/Mid-Rise_Skinny_Jeans/img_00000081.jpg,pants_or_shorts
img/Cinched_Ankle_Jeans/img_00000013.jpg,26,val,data/raw/deepfashion/img/Cinched_Ankle_Jeans/img_00000013.jpg,pants_or_shorts
img/High-Waisted_Denim_Cutoffs/img_00000014.jpg,24,val,data/raw/deepfashion/img/High-Waisted_Denim_Cutoffs/img_00000014.jpg,pants_or_shorts
img/Skinny_Ankle_Jeans/img_00000001.jpg,26,val,data/raw/deepfashion/img/Skinny_Ankle_Jeans/img_00000001.jpg,pants_or_shorts
img/Low_Rise-_Ankle_Skinny_Jeans/img_00000010.jpg,26,val,data/raw/deepfashion/img/Low_Rise-_Ankle_Skinny_Jeans/img_00000010.jpg,pants_or_shorts
img/Clean_Wash_-_Slim_Fit_Jeans/img_00000002.jpg,26,val,data/raw/deepfashion/img/Clean_Wash_-_Slim_Fit_Jeans/img_00000002.jpg,pants_or_shorts
img/Favorite_Ankle-Length_Skinny_Jeans/img_00000059.jpg,26,val,data/raw/deepfashion/img/Favorite_Ankle-Length_Skinny_Jeans/img_00000059.jpg,pants_or_shorts
img/Ripped_&_Frayed_Denim_Cutoffs/img_00000005.jpg,24,val,data/raw/deepfashion/img/Ripped_&_Frayed_Denim_Cutoffs/img_00000005.jpg,pants_or_shorts
img/High-Waist_Acid_Wash_Jeans/img_00000017.jpg,26,val,data/raw/deepfashion/img/High-Waist_Acid_Wash_Jeans/img_00000017.jpg,pants_or_shorts
img/Classic_Faded_Jeggings/img_00000053.jpg,27,val,data/raw/deepfashion/img/Classic_Faded_Jeggings/img_00000053.jpg,pants_or_shorts
img/Distressed_Mineral_Wash_Jeans/img_00000012.jpg,26,val,data/raw/deepfashion/img/Distressed_Mineral_Wash_Jeans/img_00000012.jpg,pants_or_shorts
img/Destroyed_Cropped_Jeans/img_00000012.jpg,26,val,data/raw/deepfashion/img/Destroyed_Cropped_Jeans/img_00000012.jpg,pants_or_shorts
img/Distressed_Cropped_Jeans/img_00000039.jpg,26,val,data/raw/deepfashion/img/Distressed_Cropped_Jeans/img_00000039.jpg,pants_or_shorts
img/Mineral_Wash_Skinny_Jeans/img_00000007.jpg,26,val,data/raw/deepfashion/img/Mineral_Wash_Skinny_Jeans/img_00000007.jpg,pants_or_shorts
img/Medium_Wash_-_Slim_Fit_Jeans/img_00000066.jpg,26,val,data/raw/deepfashion/img/Medium_Wash_-_Slim_Fit_Jeans/img_00000066.jpg,pants_or_shorts
img/Pleated_Wide-Leg_Culottes/img_00000048.jpg,23,val,data/raw/deepfashion/img/Pleated_Wide-Leg_Culottes/img_00000048.jpg,pants_or_shorts
img/Classic_Soft_Jeggings/img_00000041.jpg,27,val,data/raw/deepfashion/img/Classic_Soft_Jeggings/img_00000041.jpg,pants_or_shorts
img/Faded_Skinny_Jeans/img_00000066.jpg,26,val,data/raw/deepfashion/img/Faded_Skinny_Jeans/img_00000066.jpg,pants_or_shorts
img/Faux_Leather-Paneled_Jeans/img_00000009.jpg,26,val,data/raw/deepfashion/img/Faux_Leather-Paneled_Jeans/img_00000009.jpg,pants_or_shorts
img/Ripped_Skinny_Jeans/img_00000031.jpg,26,val,data/raw/deepfashion/img/Ripped_Skinny_Jeans/img_00000031.jpg,pants_or_shorts
img/Crochet_Denim_Cutoffs/img_00000066.jpg,24,val,data/raw/deepfashion/img/Crochet_Denim_Cutoffs/img_00000066.jpg,pants_or_shorts
img/Acid_Wash_-_Skinny_Jeans/img_00000060.jpg,26,val,data/raw/deepfashion/img/Acid_Wash_-_Skinny_Jeans/img_00000060.jpg,pants_or_shorts
img/Distressed_Low-Rise_Cutoffs/img_00000006.jpg,24,val,data/raw/deepfashion/img/Distressed_Low-Rise_Cutoffs/img_00000006.jpg,pants_or_shorts
img/Acid_Wash_Mom_Jeans/img_00000055.jpg,26,val,data/raw/deepfashion/img/Acid_Wash_Mom_Jeans/img_00000055.jpg,pants_or_shorts
img/Drawstring_Culottes/img_00000031.jpg,23,val,data/raw/deepfashion/img/Drawstring_Culottes/img_00000031.jpg,pants_or_shorts
img/Clean_Wash_Bootleg_Jeans/img_00000004.jpg,26,val,data/raw/deepfashion/img/Clean_Wash_Bootleg_Jeans/img_00000004.jpg,pants_or_shorts
img/Acid_Wash_Jeggings/img_00000008.jpg,27,val,data/raw/deepfashion/img/Acid_Wash_Jeggings/img_00000008.jpg,pants_or_shorts
img/Clean_Wash_Bootleg_Jeans/img_00000015.jpg,26,val,data/raw/deepfashion/img/Clean_Wash_Bootleg_Jeans/img_00000015.jpg,pants_or_shorts
img/Distressed_Whisker_Wash_Jeans/img_00000040.jpg,26,val,data/raw/deepfashion/img/Distressed_Whisker_Wash_Jeans/img_00000040.jpg,pants_or_shorts
img/Acid_Wash_Distressed_Jeans/img_00000012.jpg,26,val,data/raw/deepfashion/img/Acid_Wash_Distressed_Jeans/img_00000012.jpg,pants_or_shorts
img/High-Waisted_Matelot_Skinny_Jeans/img_00000056.jpg,26,val,data/raw/deepfashion/img/High-Waisted_Matelot_Skinny_Jeans/img_00000056.jpg,pants_or_shorts
img/Classic_Faded_Jeggings/img_00000055.jpg,27,val,data/raw/deepfashion/img/Classic_Faded_Jeggings/img_00000055.jpg,pants_or_shorts
img/Faux_Leather-Paneled_Jeans/img_00000010.jpg,26,val,data/raw/deepfashion/img/Faux_Leather-Paneled_Jeans/img_00000010.jpg,pants_or_shorts
img/Wide-Leg_Jeans/img_00000028.jpg,26,val,data/raw/deepfashion/img/Wide-Leg_Jeans/img_00000028.jpg,pants_or_shorts
img/Buttoned_High-Waisted_Skinny_Jeans/img_00000081.jpg,26,val,data/raw/deepfashion/img/Buttoned_High-Waisted_Skinny_Jeans/img_00000081.jpg,pants_or_shorts
img/Distressed_Denim_Jeans/img_00000058.jpg,26,val,data/raw/deepfashion/img/Distressed_Denim_Jeans/img_00000058.jpg,pants_or_shorts
img/Distressed_Straight-Leg_Jeans/img_00000044.jpg,26,val,data/raw/deepfashion/img/Distressed_Straight-Leg_Jeans/img_00000044.jpg,pants_or_shorts
img/Frayed_Denim_Gauchos/img_00000049.jpg,25,val,data/raw/deepfashion/img/Frayed_Denim_Gauchos/img_00000049.jpg,pants_or_shorts
img/Distressed_Denim_Cutoffs/img_00000044.jpg,24,val,data/raw/deepfashion/img/Distressed_Denim_Cutoffs/img_00000044.jpg,pants_or_shorts
img/Mid-Rise_-_Distressed_Boyfriend_Jeans/img_00000043.jpg,26,val,data/raw/deepfashion/img/Mid-Rise_-_Distressed_Boyfriend_Jeans/img_00000043.jpg,pants_or_shorts
img/Polka_Dot_Skinny_Jeans/img_00000024.jpg,26,val,data/raw/deepfashion/img/Polka_Dot_Skinny_Jeans/img_00000024.jpg,pants_or_shorts
img/Faded_&_Frayed_Denim_Cutoffs/img_00000030.jpg,24,val,data/raw/deepfashion/img/Faded_&_Frayed_Denim_Cutoffs/img_00000030.jpg,pants_or_shorts
img/Buttoned_Distressed_Denim_Cutoffs/img_00000006.jpg,24,val,data/raw/deepfashion/img/Buttoned_Distressed_Denim_Cutoffs/img_00000006.jpg,pants_or_shorts
img/Ripped_Denim_Cutoffs/img_00000007.jpg,24,val,data/raw/deepfashion/img/Ripped_Denim_Cutoffs/img_00000007.jpg,pants_or_shorts
img/Grunge_Bleached_Denim_Cutoffs/img_00000029.jpg,24,val,data/raw/deepfashion/img/Grunge_Bleached_Denim_Cutoffs/img_00000029.jpg,pants_or_shorts
img/Distressed_Denim_Jeans/img_00000062.jpg,26,val,data/raw/deepfashion/img/Distressed_Denim_Jeans/img_00000062.jpg,pants_or_shorts
img/High-Waisted_Matelot_Skinny_Jeans/img_00000029.jpg,26,val,data/raw/deepfashion/img/High-Waisted_Matelot_Skinny_Jeans/img_00000029.jpg,pants_or_shorts
img/Solid_Denim_Cutoffs/img_00000031.jpg,24,val,data/raw/deepfashion/img/Solid_Denim_Cutoffs/img_00000031.jpg,pants_or_shorts
img/Classic_Low_Rise_Skinny_Jeans/img_00000023.jpg,26,val,data/raw/deepfashion/img/Classic_Low_Rise_Skinny_Jeans/img_00000023.jpg,pants_or_shorts
img/Classic_Low_Rise_Skinny_Jeans/img_00000019.jpg,26,val,data/raw/deepfashion/img/Classic_Low_Rise_Skinny_Jeans/img_00000019.jpg,pants_or_shorts
img/Dark_Wash_-_Slim_Fit_Jeans/img_00000006.jpg,26,val,data/raw/deepfashion/img/Dark_Wash_-_Slim_Fit_Jeans/img_00000006.jpg,pants_or_shorts
img/Distressed_Boyfriend_Jeans/img_00000006.jpg,26,val,data/raw/deepfashion/img/Distressed_Boyfriend_Jeans/img_00000006.jpg,pants_or_shorts
img/Classic_Low_Rise_Skinny_Jeans/img_00000026.jpg,26,val,data/raw/deepfashion/img/Classic_Low_Rise_Skinny_Jeans/img_00000026.jpg,pants_or_shorts
img/Ripped_Skinny_Jeans/img_00000065.jpg,26,val,data/raw/deepfashion/img/Ripped_Skinny_Jeans/img_00000065.jpg,pants_or_shorts
img/Classic_Soft_Jeggings/img_00000039.jpg,27,val,data/raw/deepfashion/img/Classic_Soft_Jeggings/img_00000039.jpg,pants_or_shorts
img/Everyday_Skinny_Jeans/img_00000038.jpg,26,val,data/raw/deepfashion/img/Everyday_Skinny_Jeans/img_00000038.jpg,pants_or_shorts
img/Bleached_Denim_Cutoffs/img_00000031.jpg,24,val,data/raw/deepfashion/img/Bleached_Denim_Cutoffs/img_00000031.jpg,pants_or_shorts
img/Distressed_Floral_Print_Cutoffs/img_00000027.jpg,24,val,data/raw/deepfashion/img/Distressed_Floral_Print_Cutoffs/img_00000027.jpg,pants_or_shorts
img/Coated_Clean_Wash_-_Skinny_Jeans/img_00000033.jpg,26,val,data/raw/deepfashion/img/Coated_Clean_Wash_-_Skinny_Jeans/img_00000033.jpg,pants_or_shorts
img/Mineral_Wash_Skinny_Jeans/img_00000006.jpg,26,val,data/raw/deepfashion/img/Mineral_Wash_Skinny_Jeans/img_00000006.jpg,pants_or_shorts
img/Mineral_Wash_Skinny_Jeans/img_00000025.jpg,26,val,data/raw/deepfashion/img/Mineral_Wash_Skinny_Jeans/img_00000025.jpg,pants_or_shorts
img/Clean_Wash_-_Slim_Fit_Jeans/img_00000011.jpg,26,val,data/raw/deepfashion/img/Clean_Wash_-_Slim_Fit_Jeans/img_00000011.jpg,pants_or_shorts
img/Classic_Flared_Jeans/img_00000051.jpg,26,val,data/raw/deepfashion/img/Classic_Flared_Jeans/img_00000051.jpg,pants_or_shorts
img/Faded_Mid-Rise_Skinny_Jeans/img_00000041.jpg,26,val,data/raw/deepfashion/img/Faded_Mid-Rise_Skinny_Jeans/img_00000041.jpg,pants_or_shorts
img/Dark_Wash_-_Slim_Fit_Jeans/img_00000043.jpg,26,val,data/raw/deepfashion/img/Dark_Wash_-_Slim_Fit_Jeans/img_00000043.jpg,pants_or_shorts
img/Buttoned_Distressed_Denim_Cutoffs/img_00000021.jpg,24,val,data/raw/deepfashion/img/Buttoned_Distressed_Denim_Cutoffs/img_00000021.jpg,pants_or_shorts
img/Everyday_Skinny_Jeans/img_00000023.jpg,26,val,data/raw/deepfashion/img/Everyday_Skinny_Jeans/img_00000023.jpg,pants_or_shorts
img/Mid-Rise_Skinny_Jeans/img_00000059.jpg,26,val,data/raw/deepfashion/img/Mid-Rise_Skinny_Jeans/img_00000059.jpg,pants_or_shorts
img/Classic_Skinny_Jeans/img_00000008.jpg,26,val,data/raw/deepfashion/img/Classic_Skinny_Jeans/img_00000008.jpg,pants_or_shorts
img/High-Waisted_Skinny_Jeans/img_00000019.jpg,26,val,data/raw/deepfashion/img/High-Waisted_Skinny_Jeans/img_00000019.jpg,pants_or_shorts
img/Distressed_Cropped_Jeans/img_00000047.jpg,26,val,data/raw/deepfashion/img/Distressed_Cropped_Jeans/img_00000047.jpg,pants_or_shorts
img/Classic_Flared_Jeans/img_00000023.jpg,26,val,data/raw/deepfashion/img/Classic_Flared_Jeans/img_00000023.jpg,pants_or_shorts
img/Distressed_Wash_-_Slim_Zippered_Jeans/img_00000030.jpg,26,val,data/raw/deepfashion/img/Distressed_Wash_-_Slim_Zippered_Jeans/img_00000030.jpg,pants_or_shorts
img/Kaleidoscope_Print_Culottes/img_00000006.jpg,23,val,data/raw/deepfashion/img/Kaleidoscope_Print_Culottes/img_00000006.jpg,pants_or_shorts
img/Destroyed_Slim-Leg_Jeans/img_00000012.jpg,26,val,data/raw/deepfashion/img/Destroyed_Slim-Leg_Jeans/img_00000012.jpg,pants_or_shorts
img/Mid-Rise_Skinny_Jeans/img_00000052.jpg,26,val,data/raw/deepfashion/img/Mid-Rise_Skinny_Jeans/img_00000052.jpg,pants_or_shorts
img/Clean_Wash_High-Rise_Skinny_Jeans/img_00000043.jpg,26,val,data/raw/deepfashion/img/Clean_Wash_High-Rise_Skinny_Jeans/img_00000043.jpg,pants_or_shorts
img/Mid-Rise_-_Acid_Wash_Jeggings/img_00000045.jpg,27,val,data/raw/deepfashion/img/Mid-Rise_-_Acid_Wash_Jeggings/img_00000045.jpg,pants_or_shorts
img/Medium_Wash_-_Slim_Fit_Jeans/img_00000040.jpg,26,val,data/raw/deepfashion/img/Medium_Wash_-_Slim_Fit_Jeans/img_00000040.jpg,pants_or_shorts
img/Clean_Wash_Slim_Jeans/img_00000014.jpg,26,val,data/raw/deepfashion/img/Clean_Wash_Slim_Jeans/img_00000014.jpg,pants_or_shorts
img/Mid-Rise_-_Acid_Wash_Skinny_Jeans/img_00000031.jpg,26,val,data/raw/deepfashion/img/Mid-Rise_-_Acid_Wash_Skinny_Jeans/img_00000031.jpg,pants_or_shorts
img/Distressed_Straight-Leg_Jeans/img_00000037.jpg,26,val,data/raw/deepfashion/img/Distressed_Straight-Leg_Jeans/img_00000037.jpg,pants_or_shorts
img/Buttoned_Distressed_Denim_Cutoffs/img_00000017.jpg,24,val,data/raw/deepfashion/img/Buttoned_Distressed_Denim_Cutoffs/img_00000017.jpg,pants_or_shorts
img/Medium_Wash_-_Straight-Leg_Jeans/img_00000036.jpg,26,val,data/raw/deepfashion/img/Medium_Wash_-_Straight-Leg_Jeans/img_00000036.jpg,pants_or_shorts
img/Faded_Mid-Rise_Skinny_Jeans/img_00000023.jpg,26,val,data/raw/deepfashion/img/Faded_Mid-Rise_Skinny_Jeans/img_00000023.jpg,pants_or_shorts
img/Distressed_High-Waisted_Cutoffs/img_00000059.jpg,24,val,data/raw/deepfashion/img/Distressed_High-Waisted_Cutoffs/img_00000059.jpg,pants_or_shorts
img/Mid-Rise_-_Distressed_Skinny_Jeans/img_00000041.jpg,26,val,data/raw/deepfashion/img/Mid-Rise_-_Distressed_Skinny_Jeans/img_00000041.jpg,pants_or_shorts
img/High-Waisted_Mineral_Wash_Jeans/img_00000004.jpg,26,val,data/raw/deepfashion/img/High-Waisted_Mineral_Wash_Jeans/img_00000004.jpg,pants_or_shorts
img/Dotted_Clean_Wash_-_Skinny_Jeans/img_00000009.jpg,26,val,data/raw/deepfashion/img/Dotted_Clean_Wash_-_Skinny_Jeans/img_00000009.jpg,pants_or_shorts
img/Mid-Rise_-_Acid_Wash_Jeggings/img_00000028.jpg,27,val,data/raw/deepfashion/img/Mid-Rise_-_Acid_Wash_Jeggings/img_00000028.jpg,pants_or_shorts
img/Self-Tie_Wrap_Culottes/img_00000023.jpg,23,val,data/raw/deepfashion/img/Self-Tie_Wrap_Culottes/img_00000023.jpg,pants_or_shorts
img/Wide-Leg_Jeans/img_00000033.jpg,26,val,data/raw/deepfashion/img/Wide-Leg_Jeans/img_00000033.jpg,pants_or_shorts
img/Classic_Skinny_Jeans/img_00000010.jpg,26,val,data/raw/deepfashion/img/Classic_Skinny_Jeans/img_00000010.jpg,pants_or_shorts
img/High-Waisted_Skinny_Jeans/img_00000009.jpg,26,val,data/raw/deepfashion/img/High-Waisted_Skinny_Jeans/img_00000009.jpg,pants_or_shorts
img/Distressed_Skinny_Jeans/img_00000020.jpg,26,val,data/raw/deepfashion/img/Distressed_Skinny_Jeans/img_00000020.jpg,pants_or_shorts
img/Wide-Leg_Jeans/img_00000081.jpg,26,val,data/raw/deepfashion/img/Wide-Leg_Jeans/img_00000081.jpg,pants_or_shorts
img/Americana_Skinny_Jeans/img_00000054.jpg,26,val,data/raw/deepfashion/img/Americana_Skinny_Jeans/img_00000054.jpg,pants_or_shorts
img/Classic_Faded_Jeggings/img_00000047.jpg,27,val,data/raw/deepfashion/img/Classic_Faded_Jeggings/img_00000047.jpg,pants_or_shorts
img/Classic_Bootcut_Jeans/img_00000074.jpg,26,val,data/raw/deepfashion/img/Classic_Bootcut_Jeans/img_00000074.jpg,pants_or_shorts
img/High-Waisted_Distressed_Boyfriend_Jeans/img_00000077.jpg,26,val,data/raw/deepfashion/img/High-Waisted_Distressed_Boyfriend_Jeans/img_00000077.jpg,pants_or_shorts
img/Mid-Rise_-_Distressed_Boyfriend_Jeans/img_00000003.jpg,26,val,data/raw/deepfashion/img/Mid-Rise_-_Distressed_Boyfriend_Jeans/img_00000003.jpg,pants_or_shorts
img/Mid_Rise-_Destroyed_Straight_Leg_Ankle_Jeans/img_00000028.jpg,26,val,data/raw/deepfashion/img/Mid_Rise-_Destroyed_Straight_Leg_Ankle_Jeans/img_00000028.jpg,pants_or_shorts
img/Distressed_Denim_Jeans/img_00000008.jpg,26,val,data/raw/deepfashion/img/Distressed_Denim_Jeans/img_00000008.jpg,pants_or_shorts
img/Life_In_Progress_Low-Rise_Skinny_Jeans/img_00000010.jpg,26,val,data/raw/deepfashion/img/Life_In_Progress_Low-Rise_Skinny_Jeans/img_00000010.jpg,pants_or_shorts
img/Bleached_Low-Rise_Skinny_Jeans/img_00000036.jpg,26,val,data/raw/deepfashion/img/Bleached_Low-Rise_Skinny_Jeans/img_00000036.jpg,pants_or_shorts
img/Cloud_Wash_Skinny_Jeans/img_00000026.jpg,26,val,data/raw/deepfashion/img/Cloud_Wash_Skinny_Jeans/img_00000026.jpg,pants_or_shorts
img/Wide-Leg_Jeans/img_00000008.jpg,26,val,data/raw/deepfashion/img/Wide-Leg_Jeans/img_00000008.jpg,pants_or_shorts
img/Embroidered_Panel_Cutoffs/img_00000005.jpg,24,val,data/raw/deepfashion/img/Embroidered_Panel_Cutoffs/img_00000005.jpg,pants_or_shorts
img/Crochet-Trimmed_Denim_Cutoffs/img_00000032.jpg,24,val,data/raw/deepfashion/img/Crochet-Trimmed_Denim_Cutoffs/img_00000032.jpg,pants_or_shorts
img/Light_Wash_-_Skinny_Jeans/img_00000013.jpg,26,val,data/raw/deepfashion/img/Light_Wash_-_Skinny_Jeans/img_00000013.jpg,pants_or_shorts
img/Medium_Wash_-_Slim_Fit_Jeans/img_00000062.jpg,26,val,data/raw/deepfashion/img/Medium_Wash_-_Slim_Fit_Jeans/img_00000062.jpg,pants_or_shorts
img/Patched_Straight-Leg_Jeans/img_00000060.jpg,26,val,data/raw/deepfashion/img/Patched_Straight-Leg_Jeans/img_00000060.jpg,pants_or_shorts
img/High-Rise_Mom_Jeans/img_00000030.jpg,26,val,data/raw/deepfashion/img/High-Rise_Mom_Jeans/img_00000030.jpg,pants_or_shorts
img/Fan_Print_A-Line_Dress/img_00000017.jpg,41,val,data/raw/deepfashion/img/Fan_Print_A-Line_Dress/img_00000017.jpg,skirt
img/Paisley_Print_Sun_Dress/img_00000047.jpg,41,val,data/raw/deepfashion/img/Paisley_Print_Sun_Dress/img_00000047.jpg,skirt
img/Belted_Crochet-Paneled_Peasant_Dress/img_00000015.jpg,41,val,data/raw/deepfashion/img/Belted_Crochet-Paneled_Peasant_Dress/img_00000015.jpg,skirt
img/Braided-Back_Abstract_Maxi_Dress/img_00000017.jpg,41,val,data/raw/deepfashion/img/Braided-Back_Abstract_Maxi_Dress/img_00000017.jpg,skirt
img/Ditsy_Floral_&_Lace_Dress/img_00000051.jpg,41,val,data/raw/deepfashion/img/Ditsy_Floral_&_Lace_Dress/img_00000051.jpg,skirt
img/Tropical_Tank_Dress/img_00000027.jpg,41,val,data/raw/deepfashion/img/Tropical_Tank_Dress/img_00000027.jpg,skirt
img/Diamond_Print_Halter_Cami_Dress/img_00000001.jpg,41,val,data/raw/deepfashion/img/Diamond_Print_Halter_Cami_Dress/img_00000001.jpg,skirt
img/Standout_Fit_&_Flare_Dress/img_00000036.jpg,41,val,data/raw/deepfashion/img/Standout_Fit_&_Flare_Dress/img_00000036.jpg,skirt
img/Linen_Tank_Dress/img_00000007.jpg,41,val,data/raw/deepfashion/img/Linen_Tank_Dress/img_00000007.jpg,skirt
img/Geo_Knit_Maxi_Dress/img_00000031.jpg,41,val,data/raw/deepfashion/img/Geo_Knit_Maxi_Dress/img_00000031.jpg,skirt
img/Lace_Back_Shift_Dress/img_00000039.jpg,41,val,data/raw/deepfashion/img/Lace_Back_Shift_Dress/img_00000039.jpg,skirt
img/Chenille_Embroidered_Maxi_Dress/img_00000005.jpg,41,val,data/raw/deepfashion/img/Chenille_Embroidered_Maxi_Dress/img_00000005.jpg,skirt
img/Perfect_Pleats_Shift_Dress/img_00000022.jpg,41,val,data/raw/deepfashion/img/Perfect_Pleats_Shift_Dress/img_00000022.jpg,skirt
img/Sheer_Mesh_Maxi_Dress/img_00000077.jpg,41,val,data/raw/deepfashion/img/Sheer_Mesh_Maxi_Dress/img_00000077.jpg,skirt
img/Palm_Leaf_Print_Bodycon_Dress/img_00000013.jpg,41,val,data/raw/deepfashion/img/Palm_Leaf_Print_Bodycon_Dress/img_00000013.jpg,skirt
img/Elephant_Paisley_Print_Dress/img_00000032.jpg,41,val,data/raw/deepfashion/img/Elephant_Paisley_Print_Dress/img_00000032.jpg,skirt
img/Painted_Floral_Maxi_Dress/img_00000056.jpg,41,val,data/raw/deepfashion/img/Painted_Floral_Maxi_Dress/img_00000056.jpg,skirt
img/Organza-Paneled_Midi_T-Shirt_Dress/img_00000016.jpg,41,val,data/raw/deepfashion/img/Organza-Paneled_Midi_T-Shirt_Dress/img_00000016.jpg,skirt
img/Layered_Lace_Dress/img_00000082.jpg,41,val,data/raw/deepfashion/img/Layered_Lace_Dress/img_00000082.jpg,skirt
img/Ditsy_Floral_A-Line_Dress/img_00000027.jpg,41,val,data/raw/deepfashion/img/Ditsy_Floral_A-Line_Dress/img_00000027.jpg,skirt
img/Sporty_Girl_Skater_Dress/img_00000006.jpg,41,val,data/raw/deepfashion/img/Sporty_Girl_Skater_Dress/img_00000006.jpg,skirt
img/Striped_Lace_Dress/img_00000014.jpg,41,val,data/raw/deepfashion/img/Striped_Lace_Dress/img_00000014.jpg,skirt
img/Racerback_Mini_Dress/img_00000047.jpg,41,val,data/raw/deepfashion/img/Racerback_Mini_Dress/img_00000047.jpg,skirt
img/Geo_Halter_Maxi_Dress/img_00000031.jpg,41,val,data/raw/deepfashion/img/Geo_Halter_Maxi_Dress/img_00000031.jpg,skirt
img/Sheer_Lace_Cami_Jumpsuit/img_00000013.jpg,42,val,data/raw/deepfashion/img/Sheer_Lace_Cami_Jumpsuit/img_00000013.jpg,skirt
img/Leaf_Print_Halter_Dress/img_00000049.jpg,41,val,data/raw/deepfashion/img/Leaf_Print_Halter_Dress/img_00000049.jpg,skirt
img/Flutter_Sleeve_Surplice_Dress/img_00000037.jpg,41,val,data/raw/deepfashion/img/Flutter_Sleeve_Surplice_Dress/img_00000037.jpg,skirt
img/Abstract_Print_Combo_Maxi_Dress/img_00000013.jpg,41,val,data/raw/deepfashion/img/Abstract_Print_Combo_Maxi_Dress/img_00000013.jpg,skirt
img/Textured_V-Neck_Dress/img_00000009.jpg,41,val,data/raw/deepfashion/img/Textured_V-Neck_Dress/img_00000009.jpg,skirt
img/Faux_Leather_Bodycon_Dress/img_00000002.jpg,41,val,data/raw/deepfashion/img/Faux_Leather_Bodycon_Dress/img_00000002.jpg,skirt
img/Strapless_Paisley_Print_Jumpsuit/img_00000027.jpg,42,val,data/raw/deepfashion/img/Strapless_Paisley_Print_Jumpsuit/img_00000027.jpg,skirt
img/Crochet_Halter_Dress/img_00000017.jpg,41,val,data/raw/deepfashion/img/Crochet_Halter_Dress/img_00000017.jpg,skirt
img/Draw_The_Line_Maxi_Dress/img_00000011.jpg,41,val,data/raw/deepfashion/img/Draw_The_Line_Maxi_Dress/img_00000011.jpg,skirt
img/Sleek_Lace-Trimmed_Slip_Dress/img_00000027.jpg,41,val,data/raw/deepfashion/img/Sleek_Lace-Trimmed_Slip_Dress/img_00000027.jpg,skirt
img/Mineral_Wash_Denim_Shirt_Dress/img_00000026.jpg,41,val,data/raw/deepfashion/img/Mineral_Wash_Denim_Shirt_Dress/img_00000026.jpg,skirt
img/Strapless_Coated_Dress/img_00000011.jpg,41,val,data/raw/deepfashion/img/Strapless_Coated_Dress/img_00000011.jpg,skirt
img/Embellished_Cutout-Back_Dress/img_00000051.jpg,41,val,data/raw/deepfashion/img/Embellished_Cutout-Back_Dress/img_00000051.jpg,skirt
img/Abstract_Pattern_Bodycon_Dress/img_00000057.jpg,41,val,data/raw/deepfashion/img/Abstract_Pattern_Bodycon_Dress/img_00000057.jpg,skirt
img/Tropical_Print_Bodycon_Dress/img_00000026.jpg,41,val,data/raw/deepfashion/img/Tropical_Print_Bodycon_Dress/img_00000026.jpg,skirt
img/Crochet_Yoke_Embroidered_Dress/img_00000069.jpg,41,val,data/raw/deepfashion/img/Crochet_Yoke_Embroidered_Dress/img_00000069.jpg,skirt
img/Collared_Denim_Shift_Dress/img_00000013.jpg,41,val,data/raw/deepfashion/img/Collared_Denim_Shift_Dress/img_00000013.jpg,skirt
img/Pleated_Floral_Sheath_Dress/img_00000053.jpg,41,val,data/raw/deepfashion/img/Pleated_Floral_Sheath_Dress/img_00000053.jpg,skirt
img/Cutout-Back_Midi_Dress/img_00000023.jpg,41,val,data/raw/deepfashion/img/Cutout-Back_Midi_Dress/img_00000023.jpg,skirt
img/Whimsical_Lace_Dress/img_00000076.jpg,41,val,data/raw/deepfashion/img/Whimsical_Lace_Dress/img_00000076.jpg,skirt
img/Cutout-Front_Textured_Bodycon_Dress/img_00000032.jpg,41,val,data/raw/deepfashion/img/Cutout-Front_Textured_Bodycon_Dress/img_00000032.jpg,skirt
img/Strapless_Abstract_Maxi_Dress/img_00000005.jpg,41,val,data/raw/deepfashion/img/Strapless_Abstract_Maxi_Dress/img_00000005.jpg,skirt
img/Floral_Chiffon_High-Neck_Dress/img_00000028.jpg,41,val,data/raw/deepfashion/img/Floral_Chiffon_High-Neck_Dress/img_00000028.jpg,skirt
img/V-Neck_Shift_Dress/img_00000026.jpg,41,val,data/raw/deepfashion/img/V-Neck_Shift_Dress/img_00000026.jpg,skirt
img/Sparkling_Ruched_Dress/img_00000028.jpg,41,val,data/raw/deepfashion/img/Sparkling_Ruched_Dress/img_00000028.jpg,skirt
img/Ditsy_Floral_Jersey_Dress/img_00000002.jpg,41,val,data/raw/deepfashion/img/Ditsy_Floral_Jersey_Dress/img_00000002.jpg,skirt
img/Striped_Drop-Waist_Dress/img_00000040.jpg,41,val,data/raw/deepfashion/img/Striped_Drop-Waist_Dress/img_00000040.jpg,skirt
img/Abstract_Splatter_Bodycon_Dress/img_00000041.jpg,41,val,data/raw/deepfashion/img/Abstract_Splatter_Bodycon_Dress/img_00000041.jpg,skirt
img/Floral_Lace_Cutout_Dress/img_00000042.jpg,41,val,data/raw/deepfashion/img/Floral_Lace_Cutout_Dress/img_00000042.jpg,skirt
img/Sequin_Embroidered_Lace_Dress/img_00000059.jpg,41,val,data/raw/deepfashion/img/Sequin_Embroidered_Lace_Dress/img_00000059.jpg,skirt
img/Cutout_Knit_Bodycon_Dress/img_00000069.jpg,41,val,data/raw/deepfashion/img/Cutout_Knit_Bodycon_Dress/img_00000069.jpg,skirt
img/Floral_Print_Fit_&_Flare_Dress/img_00000054.jpg,41,val,data/raw/deepfashion/img/Floral_Print_Fit_&_Flare_Dress/img_00000054.jpg,skirt
img/Polka_Dot_Skater_Dress/img_00000027.jpg,41,val,data/raw/deepfashion/img/Polka_Dot_Skater_Dress/img_00000027.jpg,skirt
img/Belted_Maxi_Dress/img_00000048.jpg,41,val,data/raw/deepfashion/img/Belted_Maxi_Dress/img_00000048.jpg,skirt
img/Glitter_Bodycon_Dress/img_00000015.jpg,41,val,data/raw/deepfashion/img/Glitter_Bodycon_Dress/img_00000015.jpg,skirt
img/Butterfly_Print_Maxi_Dress/img_00000016.jpg,41,val,data/raw/deepfashion/img/Butterfly_Print_Maxi_Dress/img_00000016.jpg,skirt
img/Floral_Print_Lace-Paneled_Dress/img_00000024.jpg,41,val,data/raw/deepfashion/img/Floral_Print_Lace-Paneled_Dress/img_00000024.jpg,skirt
img/Matelass&eacute;_Fit_&_Flare_Dress/img_00000020.jpg,41,val,data/raw/deepfashion/img/Matelass&eacute;_Fit_&_Flare_Dress/img_00000020.jpg,skirt
img/Abstract_Print_Flounce_Maxi_Dress/img_00000041.jpg,41,val,data/raw/deepfashion/img/Abstract_Print_Flounce_Maxi_Dress/img_00000041.jpg,skirt
img/Wide-Leg_Surplice_Jumpsuit/img_00000066.jpg,42,val,data/raw/deepfashion/img/Wide-Leg_Surplice_Jumpsuit/img_00000066.jpg,skirt
img/Chiffon-Paneled_Maxi_Dress/img_00000011.jpg,41,val,data/raw/deepfashion/img/Chiffon-Paneled_Maxi_Dress/img_00000011.jpg,skirt
img/Scoop_Back_Sheath_Dress/img_00000049.jpg,41,val,data/raw/deepfashion/img/Scoop_Back_Sheath_Dress/img_00000049.jpg,skirt
img/Structured_Pleated_A-Line_Dress/img_00000014.jpg,41,val,data/raw/deepfashion/img/Structured_Pleated_A-Line_Dress/img_00000014.jpg,skirt
img/Colorblocked_Shift_Dress/img_00000084.jpg,41,val,data/raw/deepfashion/img/Colorblocked_Shift_Dress/img_00000084.jpg,skirt
img/Embroidered_Lace_Bodycon_Dress/img_00000049.jpg,41,val,data/raw/deepfashion/img/Embroidered_Lace_Bodycon_Dress/img_00000049.jpg,skirt
img/Striped_Floral_Drawstring_Jumpsuit/img_00000013.jpg,42,val,data/raw/deepfashion/img/Striped_Floral_Drawstring_Jumpsuit/img_00000013.jpg,skirt
img/Bodycon_Tank_Dress/img_00000051.jpg,41,val,data/raw/deepfashion/img/Bodycon_Tank_Dress/img_00000051.jpg,skirt
img/Pleated_Chiffon_Dress/img_00000071.jpg,41,val,data/raw/deepfashion/img/Pleated_Chiffon_Dress/img_00000071.jpg,skirt
img/Belted_Abstract_Print_Jumpsuit/img_00000028.jpg,42,val,data/raw/deepfashion/img/Belted_Abstract_Print_Jumpsuit/img_00000028.jpg,skirt
img/Floral_Print_Surplice_Jumpsuit/img_00000013.jpg,42,val,data/raw/deepfashion/img/Floral_Print_Surplice_Jumpsuit/img_00000013.jpg,skirt
img/Abstract_Tribal_Print_Halter_Jumpsuit/img_00000005.jpg,42,val,data/raw/deepfashion/img/Abstract_Tribal_Print_Halter_Jumpsuit/img_00000005.jpg,skirt
img/Heathered_Babydoll_Dress/img_00000060.jpg,41,val,data/raw/deepfashion/img/Heathered_Babydoll_Dress/img_00000060.jpg,skirt
img/Ribbed-Trim_Sheath_Dress/img_00000043.jpg,41,val,data/raw/deepfashion/img/Ribbed-Trim_Sheath_Dress/img_00000043.jpg,skirt
img/Cami_Babydoll_Dress/img_00000048.jpg,41,val,data/raw/deepfashion/img/Cami_Babydoll_Dress/img_00000048.jpg,skirt
img/Mesh-Paneled_Cami_Dress/img_00000014.jpg,41,val,data/raw/deepfashion/img/Mesh-Paneled_Cami_Dress/img_00000014.jpg,skirt
img/Ribbed_Turtleneck_Sweater_Dress/img_00000054.jpg,41,val,data/raw/deepfashion/img/Ribbed_Turtleneck_Sweater_Dress/img_00000054.jpg,skirt
img/Cutout-Back_Lace_Dress/img_00000036.jpg,41,val,data/raw/deepfashion/img/Cutout-Back_Lace_Dress/img_00000036.jpg,skirt
img/Strapless_Paisley_Dress/img_00000001.jpg,41,val,data/raw/deepfashion/img/Strapless_Paisley_Dress/img_00000001.jpg,skirt
img/Tropical_Floral_Crochet_Dress/img_00000004.jpg,41,val,data/raw/deepfashion/img/Tropical_Floral_Crochet_Dress/img_00000004.jpg,skirt
img/Midi_Tank_Dress/img_00000074.jpg,41,val,data/raw/deepfashion/img/Midi_Tank_Dress/img_00000074.jpg,skirt
img/Mixed_Print_Knit_Dress/img_00000022.jpg,41,val,data/raw/deepfashion/img/Mixed_Print_Knit_Dress/img_00000022.jpg,skirt
img/Tasseled_Crochet_Shift_Dress/img_00000029.jpg,41,val,data/raw/deepfashion/img/Tasseled_Crochet_Shift_Dress/img_00000029.jpg,skirt
img/V-Notched_Piqu&eacute;_Skater_Dress/img_00000028.jpg,41,val,data/raw/deepfashion/img/V-Notched_Piqu&eacute;_Skater_Dress/img_00000028.jpg,skirt
img/Ornate_Surplice_Maxi_Dress/img_00000024.jpg,41,val,data/raw/deepfashion/img/Ornate_Surplice_Maxi_Dress/img_00000024.jpg,skirt
img/Speckled_Metallic_Surplice_Dress/img_00000028.jpg,41,val,data/raw/deepfashion/img/Speckled_Metallic_Surplice_Dress/img_00000028.jpg,skirt
img/Strapless_Abstract_Maxi_Dress/img_00000021.jpg,41,val,data/raw/deepfashion/img/Strapless_Abstract_Maxi_Dress/img_00000021.jpg,skirt
img/Drawstring_Waist_Dress/img_00000014.jpg,41,val,data/raw/deepfashion/img/Drawstring_Waist_Dress/img_00000014.jpg,skirt
img/Baroque_Jacquard_Layered_Dress/img_00000052.jpg,41,val,data/raw/deepfashion/img/Baroque_Jacquard_Layered_Dress/img_00000052.jpg,skirt
img/Crochet-Trimmed_Gauze_Maxi_Dress/img_00000038.jpg,41,val,data/raw/deepfashion/img/Crochet-Trimmed_Gauze_Maxi_Dress/img_00000038.jpg,skirt
img/Embroidered_Fit_&_Flare_Dress/img_00000037.jpg,41,val,data/raw/deepfashion/img/Embroidered_Fit_&_Flare_Dress/img_00000037.jpg,skirt
img/Boxy_Shirt_Dress/img_00000020.jpg,41,val,data/raw/deepfashion/img/Boxy_Shirt_Dress/img_00000020.jpg,skirt
img/Shirred_Chiffon_Dress/img_00000070.jpg,41,val,data/raw/deepfashion/img/Shirred_Chiffon_Dress/img_00000070.jpg,skirt
img/Sequined_Chiffon_Maxi_Dress/img_00000051.jpg,41,val,data/raw/deepfashion/img/Sequined_Chiffon_Maxi_Dress/img_00000051.jpg,skirt
img/Tribal_Patterned_Bodycon_Dress/img_00000002.jpg,41,val,data/raw/deepfashion/img/Tribal_Patterned_Bodycon_Dress/img_00000002.jpg,skirt
img/Caged_V-Neck_Maxi_Dress/img_00000029.jpg,41,val,data/raw/deepfashion/img/Caged_V-Neck_Maxi_Dress/img_00000029.jpg,skirt
img/Ruched_Pencil_Dress/img_00000002.jpg,41,val,data/raw/deepfashion/img/Ruched_Pencil_Dress/img_00000002.jpg,skirt
img/Crochet_Sleeve_Babydoll_Dress/img_00000019.jpg,41,val,data/raw/deepfashion/img/Crochet_Sleeve_Babydoll_Dress/img_00000019.jpg,skirt
img/Belted_Cami_Jumpsuit/img_00000042.jpg,42,val,data/raw/deepfashion/img/Belted_Cami_Jumpsuit/img_00000042.jpg,skirt
img/Heathered_Pocket_Babydoll_Dress/img_00000002.jpg,41,val,data/raw/deepfashion/img/Heathered_Pocket_Babydoll_Dress/img_00000002.jpg,skirt
img/Crocheted_Drop_Waist_Dress/img_00000067.jpg,41,val,data/raw/deepfashion/img/Crocheted_Drop_Waist_Dress/img_00000067.jpg,skirt
img/Ruched_Knit_Sheath_Dress/img_00000029.jpg,41,val,data/raw/deepfashion/img/Ruched_Knit_Sheath_Dress/img_00000029.jpg,skirt
img/Strapless_Maxi_Dress/img_00000087.jpg,41,val,data/raw/deepfashion/img/Strapless_Maxi_Dress/img_00000087.jpg,skirt
img/Tribal_Print_V-Back_Kaftan/img_00000009.jpg,43,val,data/raw/deepfashion/img/Tribal_Print_V-Back_Kaftan/img_00000009.jpg,skirt
img/Textured_Knit_Skater_Dress/img_00000038.jpg,41,val,data/raw/deepfashion/img/Textured_Knit_Skater_Dress/img_00000038.jpg,skirt
img/Dainty_A-Line_Dress/img_00000019.jpg,41,val,data/raw/deepfashion/img/Dainty_A-Line_Dress/img_00000019.jpg,skirt
img/Sunset_Graphic_Dress/img_00000027.jpg,41,val,data/raw/deepfashion/img/Sunset_Graphic_Dress/img_00000027.jpg,skirt
img/Floral_Crisscross_Cami_Dress/img_00000008.jpg,41,val,data/raw/deepfashion/img/Floral_Crisscross_Cami_Dress/img_00000008.jpg,skirt
img/Floral_Lace_Bodycon_Dress/img_00000049.jpg,41,val,data/raw/deepfashion/img/Floral_Lace_Bodycon_Dress/img_00000049.jpg,skirt
img/Ditsy_Floral_Skater_Dress/img_00000037.jpg,41,val,data/raw/deepfashion/img/Ditsy_Floral_Skater_Dress/img_00000037.jpg,skirt
img/Caged_V-Neck_Maxi_Dress/img_00000015.jpg,41,val,data/raw/deepfashion/img/Caged_V-Neck_Maxi_Dress/img_00000015.jpg,skirt
img/Racerback_Bodycon_Midi_Dress/img_00000039.jpg,41,val,data/raw/deepfashion/img/Racerback_Bodycon_Midi_Dress/img_00000039.jpg,skirt
img/Striped_Maxi_Tank_Dress/img_00000029.jpg,41,val,data/raw/deepfashion/img/Striped_Maxi_Tank_Dress/img_00000029.jpg,skirt
img/Embroidered_Gauze_Shift_Dress/img_00000039.jpg,41,val,data/raw/deepfashion/img/Embroidered_Gauze_Shift_Dress/img_00000039.jpg,skirt
img/Cami_Fit_&_Flare_Dress/img_00000010.jpg,41,val,data/raw/deepfashion/img/Cami_Fit_&_Flare_Dress/img_00000010.jpg,skirt
img/Textured_Fit_&_Flare_Dress/img_00000031.jpg,41,val,data/raw/deepfashion/img/Textured_Fit_&_Flare_Dress/img_00000031.jpg,skirt
img/Lace_Love_Maxi_Dress/img_00000038.jpg,41,val,data/raw/deepfashion/img/Lace_Love_Maxi_Dress/img_00000038.jpg,skirt
img/Surplice_Back_Keyhole_Jumpsuit/img_00000022.jpg,42,val,data/raw/deepfashion/img/Surplice_Back_Keyhole_Jumpsuit/img_00000022.jpg,skirt
img/Rose-Patterned_Bodycon_Dress/img_00000041.jpg,41,val,data/raw/deepfashion/img/Rose-Patterned_Bodycon_Dress/img_00000041.jpg,skirt
img/Striped_Shirt_Dress/img_00000015.jpg,41,val,data/raw/deepfashion/img/Striped_Shirt_Dress/img_00000015.jpg,skirt
img/Crochet_Lace_Flounce_Dress/img_00000013.jpg,41,val,data/raw/deepfashion/img/Crochet_Lace_Flounce_Dress/img_00000013.jpg,skirt
img/Lace-Trimmed_Fit_&_Flare_Dress/img_00000051.jpg,41,val,data/raw/deepfashion/img/Lace-Trimmed_Fit_&_Flare_Dress/img_00000051.jpg,skirt
img/Lace-Paneled_Crepe_Dress/img_00000007.jpg,41,val,data/raw/deepfashion/img/Lace-Paneled_Crepe_Dress/img_00000007.jpg,skirt
img/Cutout_Tribal_Print_Dress/img_00000035.jpg,41,val,data/raw/deepfashion/img/Cutout_Tribal_Print_Dress/img_00000035.jpg,skirt
img/Embroidered_Floral_A-Line_Dress/img_00000024.jpg,41,val,data/raw/deepfashion/img/Embroidered_Floral_A-Line_Dress/img_00000024.jpg,skirt
img/Daisy_Shift_Dress/img_00000057.jpg,41,val,data/raw/deepfashion/img/Daisy_Shift_Dress/img_00000057.jpg,skirt
img/Organza-Paneled_Midi_T-Shirt_Dress/img_00000019.jpg,41,val,data/raw/deepfashion/img/Organza-Paneled_Midi_T-Shirt_Dress/img_00000019.jpg,skirt
img/Cutout-Back_Floral_Print_Dress/img_00000022.jpg,41,val,data/raw/deepfashion/img/Cutout-Back_Floral_Print_Dress/img_00000022.jpg,skirt
img/Layered_A-Line_Dress/img_00000005.jpg,41,val,data/raw/deepfashion/img/Layered_A-Line_Dress/img_00000005.jpg,skirt
img/Crochet-Embroidered_Chiffon_Dress/img_00000043.jpg,41,val,data/raw/deepfashion/img/Crochet-Embroidered_Chiffon_Dress/img_00000043.jpg,skirt
img/Beaded_Sheer_Dress/img_00000075.jpg,41,val,data/raw/deepfashion/img/Beaded_Sheer_Dress/img_00000075.jpg,skirt
img/Fluted_Floral_Print_Dress/img_00000011.jpg,41,val,data/raw/deepfashion/img/Fluted_Floral_Print_Dress/img_00000011.jpg,skirt
img/Cuffed_Tee_Shirt_Dress/img_00000013.jpg,41,val,data/raw/deepfashion/img/Cuffed_Tee_Shirt_Dress/img_00000013.jpg,skirt
img/Embroidered_Tribal_Print_Jumpsuit/img_00000007.jpg,42,val,data/raw/deepfashion/img/Embroidered_Tribal_Print_Jumpsuit/img_00000007.jpg,skirt
img/Tribal_Print_Jumpsuit/img_00000018.jpg,42,val,data/raw/deepfashion/img/Tribal_Print_Jumpsuit/img_00000018.jpg,skirt
img/Marled_T-Shirt_Dress/img_00000025.jpg,41,val,data/raw/deepfashion/img/Marled_T-Shirt_Dress/img_00000025.jpg,skirt
img/Ribbed_Turtleneck_Sweater_Dress/img_00000035.jpg,41,val,data/raw/deepfashion/img/Ribbed_Turtleneck_Sweater_Dress/img_00000035.jpg,skirt
img/Zipped_Lace_Dress/img_00000005.jpg,41,val,data/raw/deepfashion/img/Zipped_Lace_Dress/img_00000005.jpg,skirt
img/Mock_Neck_Skater_Dress/img_00000014.jpg,41,val,data/raw/deepfashion/img/Mock_Neck_Skater_Dress/img_00000014.jpg,skirt
img/Abstract_Print_Fluted_Dress/img_00000019.jpg,41,val,data/raw/deepfashion/img/Abstract_Print_Fluted_Dress/img_00000019.jpg,skirt
img/High-Slit_Thoreau_Graphic_Dress/img_00000015.jpg,41,val,data/raw/deepfashion/img/High-Slit_Thoreau_Graphic_Dress/img_00000015.jpg,skirt
img/Embroidered_Gauze_Shift_Dress/img_00000040.jpg,41,val,data/raw/deepfashion/img/Embroidered_Gauze_Shift_Dress/img_00000040.jpg,skirt
img/High-Low_Zigzag_Dress/img_00000023.jpg,41,val,data/raw/deepfashion/img/High-Low_Zigzag_Dress/img_00000023.jpg,skirt
img/Mixed_Print_Knit_Dress/img_00000042.jpg,41,val,data/raw/deepfashion/img/Mixed_Print_Knit_Dress/img_00000042.jpg,skirt
img/Sparkling_Ruched_Dress/img_00000043.jpg,41,val,data/raw/deepfashion/img/Sparkling_Ruched_Dress/img_00000043.jpg,skirt
img/Hooded_Button-Down_Dress/img_00000031.jpg,41,val,data/raw/deepfashion/img/Hooded_Button-Down_Dress/img_00000031.jpg,skirt
img/Faux_Wrap_Heathered_Sheath_Dress/img_00000018.jpg,41,val,data/raw/deepfashion/img/Faux_Wrap_Heathered_Sheath_Dress/img_00000018.jpg,skirt
img/Strappy_Chiffon_Maxi_Dress/img_00000045.jpg,41,val,data/raw/deepfashion/img/Strappy_Chiffon_Maxi_Dress/img_00000045.jpg,skirt
img/Leopard_Print_Bodycon_Dress/img_00000069.jpg,41,val,data/raw/deepfashion/img/Leopard_Print_Bodycon_Dress/img_00000069.jpg,skirt
img/Abstract_Print_Maxi_Dress/img_00000012.jpg,41,val,data/raw/deepfashion/img/Abstract_Print_Maxi_Dress/img_00000012.jpg,skirt
img/Bejeweled_Floral_Lace_Sheath_Dress/img_00000009.jpg,41,val,data/raw/deepfashion/img/Bejeweled_Floral_Lace_Sheath_Dress/img_00000009.jpg,skirt
img/Shirred_Gauze_Midi_Dress/img_00000057.jpg,41,val,data/raw/deepfashion/img/Shirred_Gauze_Midi_Dress/img_00000057.jpg,skirt
img/Crochet_Lace_Fit_&_Flare_Dress/img_00000030.jpg,41,val,data/raw/deepfashion/img/Crochet_Lace_Fit_&_Flare_Dress/img_00000030.jpg,skirt
img/Crochet-Trimmed_Layered_Dress/img_00000008.jpg,41,val,data/raw/deepfashion/img/Crochet-Trimmed_Layered_Dress/img_00000008.jpg,skirt
img/Buttoned_Floral_Maxi_Dress/img_00000063.jpg,41,val,data/raw/deepfashion/img/Buttoned_Floral_Maxi_Dress/img_00000063.jpg,skirt
img/Scalloped_Halter_Dress/img_00000065.jpg,41,val,data/raw/deepfashion/img/Scalloped_Halter_Dress/img_00000065.jpg,skirt
img/Must-Have_Scuba_Skater_Dress/img_00000027.jpg,41,val,data/raw/deepfashion/img/Must-Have_Scuba_Skater_Dress/img_00000027.jpg,skirt
img/Watercolor_Rose_Print_Dress/img_00000048.jpg,41,val,data/raw/deepfashion/img/Watercolor_Rose_Print_Dress/img_00000048.jpg,skirt
img/Abstract_Tribal_Print_Poncho_Dress/img_00000026.jpg,41,val,data/raw/deepfashion/img/Abstract_Tribal_Print_Poncho_Dress/img_00000026.jpg,skirt
img/Vibrant_Rose_Strapless_Dress/img_00000017.jpg,41,val,data/raw/deepfashion/img/Vibrant_Rose_Strapless_Dress/img_00000017.jpg,skirt
img/Zippered_Abstract_Print_Dress/img_00000011.jpg,41,val,data/raw/deepfashion/img/Zippered_Abstract_Print_Dress/img_00000011.jpg,skirt
img/Floral_Print_Bodycon_Dress/img_00000017.jpg,41,val,data/raw/deepfashion/img/Floral_Print_Bodycon_Dress/img_00000017.jpg,skirt
img/Baroque_Midi_Dress/img_00000075.jpg,41,val,data/raw/deepfashion/img/Baroque_Midi_Dress/img_00000075.jpg,skirt
img/Floral_Brocade_A-Line_Dress/img_00000062.jpg,41,val,data/raw/deepfashion/img/Floral_Brocade_A-Line_Dress/img_00000062.jpg,skirt
img/Paisley_Print_Dress/img_00000064.jpg,41,val,data/raw/deepfashion/img/Paisley_Print_Dress/img_00000064.jpg,skirt
img/Lace_Shift_Dress/img_00000062.jpg,41,val,data/raw/deepfashion/img/Lace_Shift_Dress/img_00000062.jpg,skirt
img/Painted_Floral_Slip_Dress/img_00000025.jpg,41,val,data/raw/deepfashion/img/Painted_Floral_Slip_Dress/img_00000025.jpg,skirt
img/Sateen_Floral_Maxi_Dress/img_00000001.jpg,41,val,data/raw/deepfashion/img/Sateen_Floral_Maxi_Dress/img_00000001.jpg,skirt
img/Striped_Belted_Dress/img_00000016.jpg,41,val,data/raw/deepfashion/img/Striped_Belted_Dress/img_00000016.jpg,skirt
img/Layered_Halter_Jumpsuit/img_00000058.jpg,42,val,data/raw/deepfashion/img/Layered_Halter_Jumpsuit/img_00000058.jpg,skirt
img/Floral-Embroidered_Cami_Dress/img_00000013.jpg,41,val,data/raw/deepfashion/img/Floral-Embroidered_Cami_Dress/img_00000013.jpg,skirt
img/Lace_Insert_Bodycon_Dress/img_00000013.jpg,41,val,data/raw/deepfashion/img/Lace_Insert_Bodycon_Dress/img_00000013.jpg,skirt
img/Contrast_Chiffon_Shift_Dress/img_00000015.jpg,41,val,data/raw/deepfashion/img/Contrast_Chiffon_Shift_Dress/img_00000015.jpg,skirt
img/Embroidered_Woven_Dress/img_00000005.jpg,41,val,data/raw/deepfashion/img/Embroidered_Woven_Dress/img_00000005.jpg,skirt
img/Metallic_Knit_Bodycon_Dress/img_00000039.jpg,41,val,data/raw/deepfashion/img/Metallic_Knit_Bodycon_Dress/img_00000039.jpg,skirt
img/Lace_Halter_Dress/img_00000016.jpg,41,val,data/raw/deepfashion/img/Lace_Halter_Dress/img_00000016.jpg,skirt
img/Mesh_Tank_Dress/img_00000003.jpg,41,val,data/raw/deepfashion/img/Mesh_Tank_Dress/img_00000003.jpg,skirt
img/Rose_Print_Skater_Dress/img_00000023.jpg,41,val,data/raw/deepfashion/img/Rose_Print_Skater_Dress/img_00000023.jpg,skirt
img/Ruched_Knit_Sheath_Dress/img_00000050.jpg,41,val,data/raw/deepfashion/img/Ruched_Knit_Sheath_Dress/img_00000050.jpg,skirt
img/Collared_Denim_Shift_Dress/img_00000018.jpg,41,val,data/raw/deepfashion/img/Collared_Denim_Shift_Dress/img_00000018.jpg,skirt
img/Polka_Dot_Fit_&_Flare_Dress/img_00000014.jpg,41,val,data/raw/deepfashion/img/Polka_Dot_Fit_&_Flare_Dress/img_00000014.jpg,skirt
img/Chiffon_Button-Down_Shirt_Dress/img_00000011.jpg,41,val,data/raw/deepfashion/img/Chiffon_Button-Down_Shirt_Dress/img_00000011.jpg,skirt
img/Layered_Eyelet_Dress/img_00000018.jpg,41,val,data/raw/deepfashion/img/Layered_Eyelet_Dress/img_00000018.jpg,skirt
img/Floral_Mosaic_Print_Jumpsuit/img_00000049.jpg,42,val,data/raw/deepfashion/img/Floral_Mosaic_Print_Jumpsuit/img_00000049.jpg,skirt
img/Strapless_Paisley_Print_Dress/img_00000022.jpg,41,val,data/raw/deepfashion/img/Strapless_Paisley_Print_Dress/img_00000022.jpg,skirt
img/Pintucked_Stained_Glass_Print_Dress/img_00000031.jpg,41,val,data/raw/deepfashion/img/Pintucked_Stained_Glass_Print_Dress/img_00000031.jpg,skirt
img/Mesh_Paneled_Bodycon_Dress/img_00000020.jpg,41,val,data/raw/deepfashion/img/Mesh_Paneled_Bodycon_Dress/img_00000020.jpg,skirt
img/Smocked_Floral_Maxi_Dress/img_00000023.jpg,41,val,data/raw/deepfashion/img/Smocked_Floral_Maxi_Dress/img_00000023.jpg,skirt
img/Colorblocked_Shift_Dress/img_00000018.jpg,41,val,data/raw/deepfashion/img/Colorblocked_Shift_Dress/img_00000018.jpg,skirt
img/V-Neck_Shift_Dress/img_00000048.jpg,41,val,data/raw/deepfashion/img/V-Neck_Shift_Dress/img_00000048.jpg,skirt
img/Watercolor_Rose_Print_Dress/img_00000059.jpg,41,val,data/raw/deepfashion/img/Watercolor_Rose_Print_Dress/img_00000059.jpg,skirt
img/Pleated_Chiffon_Dress/img_00000062.jpg,41,val,data/raw/deepfashion/img/Pleated_Chiffon_Dress/img_00000062.jpg,skirt
img/High-Low_Racerback_Dress/img_00000005.jpg,41,val,data/raw/deepfashion/img/High-Low_Racerback_Dress/img_00000005.jpg,skirt
img/Linen_Tank_Dress/img_00000057.jpg,41,val,data/raw/deepfashion/img/Linen_Tank_Dress/img_00000057.jpg,skirt
img/Fit_&_Flare_Tee_Dress/img_00000045.jpg,41,val,data/raw/deepfashion/img/Fit_&_Flare_Tee_Dress/img_00000045.jpg,skirt
img/Metallic_Knit_Bodycon_Dress/img_00000035.jpg,41,val,data/raw/deepfashion/img/Metallic_Knit_Bodycon_Dress/img_00000035.jpg,skirt
img/Floral_Chiffon_Maxi_Dress/img_00000024.jpg,41,val,data/raw/deepfashion/img/Floral_Chiffon_Maxi_Dress/img_00000024.jpg,skirt
img/Sleek_One-Shoulder_Dress/img_00000005.jpg,41,val,data/raw/deepfashion/img/Sleek_One-Shoulder_Dress/img_00000005.jpg,skirt
img/Embossed_Mock_Neck_Dress/img_00000033.jpg,41,val,data/raw/deepfashion/img/Embossed_Mock_Neck_Dress/img_00000033.jpg,skirt
img/Matelass&eacute;_Fit_&_Flare_Dress/img_00000008.jpg,41,val,data/raw/deepfashion/img/Matelass&eacute;_Fit_&_Flare_Dress/img_00000008.jpg,skirt
img/Layered_Halter_Jumpsuit/img_00000024.jpg,42,val,data/raw/deepfashion/img/Layered_Halter_Jumpsuit/img_00000024.jpg,skirt
img/Paisley_Print_Jumpsuit/img_00000054.jpg,42,val,data/raw/deepfashion/img/Paisley_Print_Jumpsuit/img_00000054.jpg,skirt
img/Cutout_T-Shirt_Dress/img_00000023.jpg,41,val,data/raw/deepfashion/img/Cutout_T-Shirt_Dress/img_00000023.jpg,skirt
img/Sateen_Fit_&_Flare_Dress/img_00000048.jpg,41,val,data/raw/deepfashion/img/Sateen_Fit_&_Flare_Dress/img_00000048.jpg,skirt
img/Collared_Denim_Shift_Dress/img_00000039.jpg,41,val,data/raw/deepfashion/img/Collared_Denim_Shift_Dress/img_00000039.jpg,skirt
img/Zippered_Abstract_Print_Dress/img_00000048.jpg,41,val,data/raw/deepfashion/img/Zippered_Abstract_Print_Dress/img_00000048.jpg,skirt
img/Button-Down_Chambray_Dress/img_00000051.jpg,41,val,data/raw/deepfashion/img/Button-Down_Chambray_Dress/img_00000051.jpg,skirt
img/Cutout_Shoulder_Knit_Dress/img_00000032.jpg,41,val,data/raw/deepfashion/img/Cutout_Shoulder_Knit_Dress/img_00000032.jpg,skirt
img/Striped_Mini_Dress/img_00000038.jpg,41,val,data/raw/deepfashion/img/Striped_Mini_Dress/img_00000038.jpg,skirt
img/Shirred_Gauze_Cami_Dress/img_00000008.jpg,41,val,data/raw/deepfashion/img/Shirred_Gauze_Cami_Dress/img_00000008.jpg,skirt
img/Plaid_Midi_Dress/img_00000023.jpg,41,val,data/raw/deepfashion/img/Plaid_Midi_Dress/img_00000023.jpg,skirt
img/Rose_Lace_Fit_&_Flare_Dress/img_00000036.jpg,41,val,data/raw/deepfashion/img/Rose_Lace_Fit_&_Flare_Dress/img_00000036.jpg,skirt
img/Floral_Print_Chiffon_Dress/img_00000041.jpg,41,val,data/raw/deepfashion/img/Floral_Print_Chiffon_Dress/img_00000041.jpg,skirt
img/Floral_Print_Skater_Dress/img_00000011.jpg,41,val,data/raw/deepfashion/img/Floral_Print_Skater_Dress/img_00000011.jpg,skirt
img/Floral_Lace_Scoop-Back_Dress/img_00000044.jpg,41,val,data/raw/deepfashion/img/Floral_Lace_Scoop-Back_Dress/img_00000044.jpg,skirt
img/Square_Neck_Bodycon_Dress/img_00000042.jpg,41,val,data/raw/deepfashion/img/Square_Neck_Bodycon_Dress/img_00000042.jpg,skirt
img/Daisy_Cap-Sleeved_Dress/img_00000024.jpg,41,val,data/raw/deepfashion/img/Daisy_Cap-Sleeved_Dress/img_00000024.jpg,skirt
img/Folk_Print_Fit_&_Flare_Dress/img_00000045.jpg,41,val,data/raw/deepfashion/img/Folk_Print_Fit_&_Flare_Dress/img_00000045.jpg,skirt
img/Self-Tie_Knotted_Floral_Jumpsuit/img_00000012.jpg,42,val,data/raw/deepfashion/img/Self-Tie_Knotted_Floral_Jumpsuit/img_00000012.jpg,skirt
img/Tribal_Print_Shift_Dress/img_00000038.jpg,41,val,data/raw/deepfashion/img/Tribal_Print_Shift_Dress/img_00000038.jpg,skirt
img/Scoop_Back_Bodycon_Dress/img_00000052.jpg,41,val,data/raw/deepfashion/img/Scoop_Back_Bodycon_Dress/img_00000052.jpg,skirt
img/Sporty_Girl_Skater_Dress/img_00000043.jpg,41,val,data/raw/deepfashion/img/Sporty_Girl_Skater_Dress/img_00000043.jpg,skirt
img/Beaded_Chiffon_Maxi_Dress/img_00000023.jpg,41,val,data/raw/deepfashion/img/Beaded_Chiffon_Maxi_Dress/img_00000023.jpg,skirt
img/Abstract_Floral_Strapless_Dress/img_00000052.jpg,41,val,data/raw/deepfashion/img/Abstract_Floral_Strapless_Dress/img_00000052.jpg,skirt
img/Vertical_Stripe_Dress/img_00000002.jpg,41,val,data/raw/deepfashion/img/Vertical_Stripe_Dress/img_00000002.jpg,skirt
img/Embroidered_Tunic_Dress/img_00000066.jpg,41,val,data/raw/deepfashion/img/Embroidered_Tunic_Dress/img_00000066.jpg,skirt
img/Textured_Sheath_Dress/img_00000016.jpg,41,val,data/raw/deepfashion/img/Textured_Sheath_Dress/img_00000016.jpg,skirt
img/Beaded_Sleeveless_Shift_Dress/img_00000062.jpg,41,val,data/raw/deepfashion/img/Beaded_Sleeveless_Shift_Dress/img_00000062.jpg,skirt
img/Embroidered_Stripe_Dress/img_00000050.jpg,41,val,data/raw/deepfashion/img/Embroidered_Stripe_Dress/img_00000050.jpg,skirt
img/Strapless_Rose_Print_Dress/img_00000031.jpg,41,val,data/raw/deepfashion/img/Strapless_Rose_Print_Dress/img_00000031.jpg,skirt
img/Tiered_Floral_Lace_Dress/img_00000049.jpg,41,val,data/raw/deepfashion/img/Tiered_Floral_Lace_Dress/img_00000049.jpg,skirt
img/Striped_Surplice_Maxi_Dress/img_00000010.jpg,41,val,data/raw/deepfashion/img/Striped_Surplice_Maxi_Dress/img_00000010.jpg,skirt
img/Twist-Back_Colorblocked_Dress/img_00000014.jpg,41,val,data/raw/deepfashion/img/Twist-Back_Colorblocked_Dress/img_00000014.jpg,skirt
img/Belted_Tribal_Print_Maxi_Dress/img_00000047.jpg,41,val,data/raw/deepfashion/img/Belted_Tribal_Print_Maxi_Dress/img_00000047.jpg,skirt
img/Forget_Me_Not_Babydoll_Dress/img_00000025.jpg,41,val,data/raw/deepfashion/img/Forget_Me_Not_Babydoll_Dress/img_00000025.jpg,skirt
img/Basic_Bodycon_Dress/img_00000058.jpg,41,val,data/raw/deepfashion/img/Basic_Bodycon_Dress/img_00000058.jpg,skirt
img/Smocked_Floral_Maxi_Dress/img_00000042.jpg,41,val,data/raw/deepfashion/img/Smocked_Floral_Maxi_Dress/img_00000042.jpg,skirt
img/Rose_Print_Lace_Cutout_Dress/img_00000013.jpg,41,val,data/raw/deepfashion/img/Rose_Print_Lace_Cutout_Dress/img_00000013.jpg,skirt
img/Ditsy_Floral_Print_Jumpsuit/img_00000006.jpg,42,val,data/raw/deepfashion/img/Ditsy_Floral_Print_Jumpsuit/img_00000006.jpg,skirt
img/Cutout_T-Shirt_Dress/img_00000018.jpg,41,val,data/raw/deepfashion/img/Cutout_T-Shirt_Dress/img_00000018.jpg,skirt
img/Racerback_Mini_Dress/img_00000043.jpg,41,val,data/raw/deepfashion/img/Racerback_Mini_Dress/img_00000043.jpg,skirt
img/Illusion_Fit_&_Flare_Dress/img_00000044.jpg,41,val,data/raw/deepfashion/img/Illusion_Fit_&_Flare_Dress/img_00000044.jpg,skirt
img/Collared_Denim_Shift_Dress/img_00000035.jpg,41,val,data/raw/deepfashion/img/Collared_Denim_Shift_Dress/img_00000035.jpg,skirt
img/Mock_Neck_Skater_Dress/img_00000024.jpg,41,val,data/raw/deepfashion/img/Mock_Neck_Skater_Dress/img_00000024.jpg,skirt
img/Marled_Knit_Sheath_Dress/img_00000022.jpg,41,val,data/raw/deepfashion/img/Marled_Knit_Sheath_Dress/img_00000022.jpg,skirt
img/Colorblocked_Shift_Dress/img_00000019.jpg,41,val,data/raw/deepfashion/img/Colorblocked_Shift_Dress/img_00000019.jpg,skirt
img/Pointelle_Knit_Maxi_Dress/img_00000066.jpg,41,val,data/raw/deepfashion/img/Pointelle_Knit_Maxi_Dress/img_00000066.jpg,skirt
img/Striped_Mini_Dress/img_00000049.jpg,41,val,data/raw/deepfashion/img/Striped_Mini_Dress/img_00000049.jpg,skirt
img/Embroidered_Floral_Peasant_Dress/img_00000034.jpg,41,val,data/raw/deepfashion/img/Embroidered_Floral_Peasant_Dress/img_00000034.jpg,skirt
img/Scoop_Back_Bodycon_Dress/img_00000025.jpg,41,val,data/raw/deepfashion/img/Scoop_Back_Bodycon_Dress/img_00000025.jpg,skirt
img/Beaded_Bandage_Dress/img_00000070.jpg,41,val,data/raw/deepfashion/img/Beaded_Bandage_Dress/img_00000070.jpg,skirt
img/Striped_Off-the-Shoulder_Jumpsuit/img_00000018.jpg,42,val,data/raw/deepfashion/img/Striped_Off-the-Shoulder_Jumpsuit/img_00000018.jpg,skirt
img/Daring_Mesh_Panel_Skater_Dress/img_00000048.jpg,41,val,data/raw/deepfashion/img/Daring_Mesh_Panel_Skater_Dress/img_00000048.jpg,skirt
img/Square_Neck_Cutout_Dress/img_00000044.jpg,41,val,data/raw/deepfashion/img/Square_Neck_Cutout_Dress/img_00000044.jpg,skirt
img/Romantic_Rose_Dress/img_00000027.jpg,41,val,data/raw/deepfashion/img/Romantic_Rose_Dress/img_00000027.jpg,skirt
img/Off-the-Shoulder_Bodycon_Dress/img_00000070.jpg,41,val,data/raw/deepfashion/img/Off-the-Shoulder_Bodycon_Dress/img_00000070.jpg,skirt
img/Abstract_Printed_Jumpsuit/img_00000006.jpg,42,val,data/raw/deepfashion/img/Abstract_Printed_Jumpsuit/img_00000006.jpg,skirt
img/Diamond_Print_Cami_Dress/img_00000019.jpg,41,val,data/raw/deepfashion/img/Diamond_Print_Cami_Dress/img_00000019.jpg,skirt
img/Cutout-Back_Midi_Dress/img_00000059.jpg,41,val,data/raw/deepfashion/img/Cutout-Back_Midi_Dress/img_00000059.jpg,skirt
img/Front-Slit_Pleated_Shift_Dress/img_00000050.jpg,41,val,data/raw/deepfashion/img/Front-Slit_Pleated_Shift_Dress/img_00000050.jpg,skirt
img/Soft_Pleated_Skater_Dress/img_00000032.jpg,41,val,data/raw/deepfashion/img/Soft_Pleated_Skater_Dress/img_00000032.jpg,skirt
img/Tie-Dye_Midi_Dress/img_00000019.jpg,41,val,data/raw/deepfashion/img/Tie-Dye_Midi_Dress/img_00000019.jpg,skirt
img/Stripe_Cutout-Back_Maxi_Dress/img_00000040.jpg,41,val,data/raw/deepfashion/img/Stripe_Cutout-Back_Maxi_Dress/img_00000040.jpg,skirt
img/Rise_of_Dawn_Parallel_Dreamer_Mesh_Dress/img_00000033.jpg,41,val,data/raw/deepfashion/img/Rise_of_Dawn_Parallel_Dreamer_Mesh_Dress/img_00000033.jpg,skirt
img/Elephant_Paisley_Print_Dress/img_00000067.jpg,41,val,data/raw/deepfashion/img/Elephant_Paisley_Print_Dress/img_00000067.jpg,skirt
img/Sheer_Lace_Dress/img_00000073.jpg,41,val,data/raw/deepfashion/img/Sheer_Lace_Dress/img_00000073.jpg,skirt
img/Abstract_Print_Maxi_Dress/img_00000013.jpg,41,val,data/raw/deepfashion/img/Abstract_Print_Maxi_Dress/img_00000013.jpg,skirt
img/Belted_Daisy_Print_Dress/img_00000061.jpg,41,val,data/raw/deepfashion/img/Belted_Daisy_Print_Dress/img_00000061.jpg,skirt
img/Floral_Flutter_Sleeve_Dress/img_00000006.jpg,41,val,data/raw/deepfashion/img/Floral_Flutter_Sleeve_Dress/img_00000006.jpg,skirt
img/Floral_Print_Maxi_Dress/img_00000035.jpg,41,val,data/raw/deepfashion/img/Floral_Print_Maxi_Dress/img_00000035.jpg,skirt
img/Cascading_Layered_Shift_Dress/img_00000016.jpg,41,val,data/raw/deepfashion/img/Cascading_Layered_Shift_Dress/img_00000016.jpg,skirt
img/Tonal_Striped_Skater_Dress/img_00000050.jpg,41,val,data/raw/deepfashion/img/Tonal_Striped_Skater_Dress/img_00000050.jpg,skirt
img/Paisley_Print_Sun_Dress/img_00000011.jpg,41,val,data/raw/deepfashion/img/Paisley_Print_Sun_Dress/img_00000011.jpg,skirt
img/Sparkling_Ruched_Dress/img_00000056.jpg,41,val,data/raw/deepfashion/img/Sparkling_Ruched_Dress/img_00000056.jpg,skirt
img/Striped_Floral_Shift_Dress/img_00000030.jpg,41,val,data/raw/deepfashion/img/Striped_Floral_Shift_Dress/img_00000030.jpg,skirt
img/Curved_Hem_Pleat-Back_Dress/img_00000033.jpg,41,val,data/raw/deepfashion/img/Curved_Hem_Pleat-Back_Dress/img_00000033.jpg,skirt
img/Paisley_Print_Jumpsuit/img_00000011.jpg,42,val,data/raw/deepfashion/img/Paisley_Print_Jumpsuit/img_00000011.jpg,skirt
img/Striped_Floral_Fit_&_Flare_Dress/img_00000030.jpg,41,val,data/raw/deepfashion/img/Striped_Floral_Fit_&_Flare_Dress/img_00000030.jpg,skirt
img/Jersey_Trapeze_Dress/img_00000019.jpg,41,val,data/raw/deepfashion/img/Jersey_Trapeze_Dress/img_00000019.jpg,skirt
img/Woven_Sheath_Dress/img_00000076.jpg,41,val,data/raw/deepfashion/img/Woven_Sheath_Dress/img_00000076.jpg,skirt
img/Crochet_Lace_Flounce_Dress/img_00000014.jpg,41,val,data/raw/deepfashion/img/Crochet_Lace_Flounce_Dress/img_00000014.jpg,skirt
img/Crisscross-Back_Skater_Dress/img_00000049.jpg,41,val,data/raw/deepfashion/img/Crisscross-Back_Skater_Dress/img_00000049.jpg,skirt
img/Marled_Knit_Sheath_Dress/img_00000031.jpg,41,val,data/raw/deepfashion/img/Marled_Knit_Sheath_Dress/img_00000031.jpg,skirt
img/Maxi_Utility_Dress/img_00000006.jpg,41,val,data/raw/deepfashion/img/Maxi_Utility_Dress/img_00000006.jpg,skirt
img/Abstract_Stripe_Bodycon_Dress/img_00000005.jpg,41,val,data/raw/deepfashion/img/Abstract_Stripe_Bodycon_Dress/img_00000005.jpg,skirt
img/Lily_Print_Dress/img_00000010.jpg,41,val,data/raw/deepfashion/img/Lily_Print_Dress/img_00000010.jpg,skirt
img/Abstract_Stripe_Sheath_Dress/img_00000051.jpg,41,val,data/raw/deepfashion/img/Abstract_Stripe_Sheath_Dress/img_00000051.jpg,skirt
img/Belted_Peplum_Dress/img_00000054.jpg,41,val,data/raw/deepfashion/img/Belted_Peplum_Dress/img_00000054.jpg,skirt
img/Embroidered_Babydoll_Dress/img_00000035.jpg,41,val,data/raw/deepfashion/img/Embroidered_Babydoll_Dress/img_00000035.jpg,skirt
img/Rose_Print_Shift_Dress/img_00000050.jpg,41,val,data/raw/deepfashion/img/Rose_Print_Shift_Dress/img_00000050.jpg,skirt
img/Pintucked_Shirt_Dress/img_00000062.jpg,41,val,data/raw/deepfashion/img/Pintucked_Shirt_Dress/img_00000062.jpg,skirt
img/V-Cut_Back_Dress/img_00000009.jpg,41,val,data/raw/deepfashion/img/V-Cut_Back_Dress/img_00000009.jpg,skirt
img/Pintucked_Stained_Glass_Print_Dress/img_00000021.jpg,41,val,data/raw/deepfashion/img/Pintucked_Stained_Glass_Print_Dress/img_00000021.jpg,skirt
img/Midi_Tank_Dress/img_00000042.jpg,41,val,data/raw/deepfashion/img/Midi_Tank_Dress/img_00000042.jpg,skirt
img/Abstract_Dotted_Dress/img_00000043.jpg,41,val,data/raw/deepfashion/img/Abstract_Dotted_Dress/img_00000043.jpg,skirt
img/Embroidered_Denim_Shift_Dress/img_00000011.jpg,41,val,data/raw/deepfashion/img/Embroidered_Denim_Shift_Dress/img_00000011.jpg,skirt
img/Diamond-Cutout_Maxi_Dress/img_00000044.jpg,41,val,data/raw/deepfashion/img/Diamond-Cutout_Maxi_Dress/img_00000044.jpg,skirt
img/Strapless_Abstract_Maxi_Dress/img_00000001.jpg,41,val,data/raw/deepfashion/img/Strapless_Abstract_Maxi_Dress/img_00000001.jpg,skirt
img/Butterfly_Sleeve_Sheath_Dress/img_00000019.jpg,41,val,data/raw/deepfashion/img/Butterfly_Sleeve_Sheath_Dress/img_00000019.jpg,skirt
img/Cami_Babydoll_Dress/img_00000011.jpg,41,val,data/raw/deepfashion/img/Cami_Babydoll_Dress/img_00000011.jpg,skirt
img/Tie-Dye_Bodycon_Cami_Dress/img_00000028.jpg,41,val,data/raw/deepfashion/img/Tie-Dye_Bodycon_Cami_Dress/img_00000028.jpg,skirt
img/High-Slit_T-Shirt_Dress/img_00000007.jpg,41,val,data/raw/deepfashion/img/High-Slit_T-Shirt_Dress/img_00000007.jpg,skirt
img/Beaded_Chiffon_Maxi_Dress/img_00000042.jpg,41,val,data/raw/deepfashion/img/Beaded_Chiffon_Maxi_Dress/img_00000042.jpg,skirt
img/Floral_Eyelet_Dress/img_00000078.jpg,41,val,data/raw/deepfashion/img/Floral_Eyelet_Dress/img_00000078.jpg,skirt
img/Sleek_Lace-Trimmed_Slip_Dress/img_00000012.jpg,41,val,data/raw/deepfashion/img/Sleek_Lace-Trimmed_Slip_Dress/img_00000012.jpg,skirt
img/Sheer-Paneled_Printed_Dress/img_00000060.jpg,41,val,data/raw/deepfashion/img/Sheer-Paneled_Printed_Dress/img_00000060.jpg,skirt
img/Ribbed_Knit_Striped_Dress/img_00000010.jpg,41,val,data/raw/deepfashion/img/Ribbed_Knit_Striped_Dress/img_00000010.jpg,skirt
img/Abstract_Print_Button-Shoulder_Dress/img_00000022.jpg,41,val,data/raw/deepfashion/img/Abstract_Print_Button-Shoulder_Dress/img_00000022.jpg,skirt
img/Velveteen_Floral_Dress/img_00000063.jpg,41,val,data/raw/deepfashion/img/Velveteen_Floral_Dress/img_00000063.jpg,skirt
img/Belted_Paisley_Print_Dress/img_00000042.jpg,41,val,data/raw/deepfashion/img/Belted_Paisley_Print_Dress/img_00000042.jpg,skirt
img/Belted_Crocheted_Chiffon_Dress/img_00000041.jpg,41,val,data/raw/deepfashion/img/Belted_Crocheted_Chiffon_Dress/img_00000041.jpg,skirt
img/Bold_Moves_Bodycon_Dress/img_00000015.jpg,41,val,data/raw/deepfashion/img/Bold_Moves_Bodycon_Dress/img_00000015.jpg,skirt
img/Smocked_Wide-Leg_Jumpsuit/img_00000005.jpg,42,val,data/raw/deepfashion/img/Smocked_Wide-Leg_Jumpsuit/img_00000005.jpg,skirt
img/V-Neck_Striped_Midi_Dress/img_00000042.jpg,41,val,data/raw/deepfashion/img/V-Neck_Striped_Midi_Dress/img_00000042.jpg,skirt
img/Mesh_Scuba_Knit_Dress/img_00000009.jpg,41,val,data/raw/deepfashion/img/Mesh_Scuba_Knit_Dress/img_00000009.jpg,skirt
img/Bejeweled_Floral_Lace_Sheath_Dress/img_00000023.jpg,41,val,data/raw/deepfashion/img/Bejeweled_Floral_Lace_Sheath_Dress/img_00000023.jpg,skirt
img/Abstract_Print_Fit_&_Flare_Dress/img_00000053.jpg,41,val,data/raw/deepfashion/img/Abstract_Print_Fit_&_Flare_Dress/img_00000053.jpg,skirt
img/Draped_Hem_V-Neck_Dress/img_00000016.jpg,41,val,data/raw/deepfashion/img/Draped_Hem_V-Neck_Dress/img_00000016.jpg,skirt
img/Paint_It_Red_Valentina_Dress/img_00000053.jpg,41,val,data/raw/deepfashion/img/Paint_It_Red_Valentina_Dress/img_00000053.jpg,skirt
img/High-Slit_Midi_Dress/img_00000052.jpg,41,val,data/raw/deepfashion/img/High-Slit_Midi_Dress/img_00000052.jpg,skirt
img/Embroidered_Sheath_Dress/img_00000008.jpg,41,val,data/raw/deepfashion/img/Embroidered_Sheath_Dress/img_00000008.jpg,skirt
img/Crochet-Trimmed_Maxi_Dress/img_00000046.jpg,41,val,data/raw/deepfashion/img/Crochet-Trimmed_Maxi_Dress/img_00000046.jpg,skirt
img/Lace-Trimmed_Cami_Dress/img_00000007.jpg,41,val,data/raw/deepfashion/img/Lace-Trimmed_Cami_Dress/img_00000007.jpg,skirt
img/Mesh_Maxi_Dress/img_00000057.jpg,41,val,data/raw/deepfashion/img/Mesh_Maxi_Dress/img_00000057.jpg,skirt
img/Belted_Ladder-Back_Dress/img_00000054.jpg,41,val,data/raw/deepfashion/img/Belted_Ladder-Back_Dress/img_00000054.jpg,skirt
img/Scoop_Back_Sheath_Dress/img_00000037.jpg,41,val,data/raw/deepfashion/img/Scoop_Back_Sheath_Dress/img_00000037.jpg,skirt
img/Slub_Knit_T-Shirt_Dress/img_00000026.jpg,41,val,data/raw/deepfashion/img/Slub_Knit_T-Shirt_Dress/img_00000026.jpg,skirt
img/Slub_Knit_Maxi_Dress/img_00000026.jpg,41,val,data/raw/deepfashion/img/Slub_Knit_Maxi_Dress/img_00000026.jpg,skirt
img/Patchwork_Printed_Long_Jumpsuit/img_00000009.jpg,42,val,data/raw/deepfashion/img/Patchwork_Printed_Long_Jumpsuit/img_00000009.jpg,skirt
img/Posh_Tube_Dress/img_00000030.jpg,41,val,data/raw/deepfashion/img/Posh_Tube_Dress/img_00000030.jpg,skirt
img/Elephant_Paisley_Print_Dress/img_00000066.jpg,41,val,data/raw/deepfashion/img/Elephant_Paisley_Print_Dress/img_00000066.jpg,skirt
img/Lush_Floral_Tea_Dress/img_00000029.jpg,41,val,data/raw/deepfashion/img/Lush_Floral_Tea_Dress/img_00000029.jpg,skirt
img/Marled_Knit_Racerback_Jumpsuit/img_00000017.jpg,42,val,data/raw/deepfashion/img/Marled_Knit_Racerback_Jumpsuit/img_00000017.jpg,skirt
img/Lace_Collar_Shift_Dress/img_00000047.jpg,41,val,data/raw/deepfashion/img/Lace_Collar_Shift_Dress/img_00000047.jpg,skirt
img/Crepe_Buttoned_Pocket_Dress/img_00000038.jpg,41,val,data/raw/deepfashion/img/Crepe_Buttoned_Pocket_Dress/img_00000038.jpg,skirt
img/Fluted_Floral_Print_Dress/img_00000026.jpg,41,val,data/raw/deepfashion/img/Fluted_Floral_Print_Dress/img_00000026.jpg,skirt
img/Embroidered_Fit_&_Flare_Dress/img_00000062.jpg,41,val,data/raw/deepfashion/img/Embroidered_Fit_&_Flare_Dress/img_00000062.jpg,skirt
img/Baroque_Print_Maxi_Dress/img_00000052.jpg,41,val,data/raw/deepfashion/img/Baroque_Print_Maxi_Dress/img_00000052.jpg,skirt
img/Embroidered_Gauze_Dress/img_00000032.jpg,41,val,data/raw/deepfashion/img/Embroidered_Gauze_Dress/img_00000032.jpg,skirt
img/Floral_Print_Surplice_Jumpsuit/img_00000027.jpg,42,val,data/raw/deepfashion/img/Floral_Print_Surplice_Jumpsuit/img_00000027.jpg,skirt
img/Chiffon_Button-Down_Shirt_Dress/img_00000014.jpg,41,val,data/raw/deepfashion/img/Chiffon_Button-Down_Shirt_Dress/img_00000014.jpg,skirt
img/Crochet_Sheath_Dress/img_00000025.jpg,41,val,data/raw/deepfashion/img/Crochet_Sheath_Dress/img_00000025.jpg,skirt
img/Cutout_Maxi_Cami_Dress/img_00000033.jpg,41,val,data/raw/deepfashion/img/Cutout_Maxi_Cami_Dress/img_00000033.jpg,skirt
img/Embroidered_Crepe_Surplice_Jumpsuit/img_00000021.jpg,42,val,data/raw/deepfashion/img/Embroidered_Crepe_Surplice_Jumpsuit/img_00000021.jpg,skirt
img/Pleated_Button-Front_Jumpsuit/img_00000008.jpg,42,val,data/raw/deepfashion/img/Pleated_Button-Front_Jumpsuit/img_00000008.jpg,skirt
img/Embroidered_Lace_A-Line_Dress/img_00000078.jpg,41,val,data/raw/deepfashion/img/Embroidered_Lace_A-Line_Dress/img_00000078.jpg,skirt
img/Crochet_Daisy-Trimmed_Dress/img_00000005.jpg,41,val,data/raw/deepfashion/img/Crochet_Daisy-Trimmed_Dress/img_00000005.jpg,skirt
img/Strappy_V-Neck_Jumpsuit/img_00000005.jpg,42,val,data/raw/deepfashion/img/Strappy_V-Neck_Jumpsuit/img_00000005.jpg,skirt
img/Lace_Overlay_Dress/img_00000037.jpg,41,val,data/raw/deepfashion/img/Lace_Overlay_Dress/img_00000037.jpg,skirt
img/Layered_Sleeveless_Dress/img_00000076.jpg,41,val,data/raw/deepfashion/img/Layered_Sleeveless_Dress/img_00000076.jpg,skirt
img/Y-Back_Flounce_Dress/img_00000044.jpg,41,val,data/raw/deepfashion/img/Y-Back_Flounce_Dress/img_00000044.jpg,skirt
img/Chiffon_Button-Down_Shirt_Dress/img_00000035.jpg,41,val,data/raw/deepfashion/img/Chiffon_Button-Down_Shirt_Dress/img_00000035.jpg,skirt
img/Embroidered_Lace-Paneled_Maxi_Dress/img_00000018.jpg,41,val,data/raw/deepfashion/img/Embroidered_Lace-Paneled_Maxi_Dress/img_00000018.jpg,skirt
img/Floral-Embroidered_Mesh_Dress/img_00000001.jpg,41,val,data/raw/deepfashion/img/Floral-Embroidered_Mesh_Dress/img_00000001.jpg,skirt
img/Floral_Lace_Peplum_Dress/img_00000058.jpg,41,val,data/raw/deepfashion/img/Floral_Lace_Peplum_Dress/img_00000058.jpg,skirt
img/Floral_Side-Slit_Maxi_Dress/img_00000034.jpg,41,val,data/raw/deepfashion/img/Floral_Side-Slit_Maxi_Dress/img_00000034.jpg,skirt
img/Scalloped_Bow-Front_Dress/img_00000038.jpg,41,val,data/raw/deepfashion/img/Scalloped_Bow-Front_Dress/img_00000038.jpg,skirt
img/Chiffon_&_Floral_Dress/img_00000011.jpg,41,val,data/raw/deepfashion/img/Chiffon_&_Floral_Dress/img_00000011.jpg,skirt
img/Floral_Windowpane_Print_Dress/img_00000038.jpg,41,val,data/raw/deepfashion/img/Floral_Windowpane_Print_Dress/img_00000038.jpg,skirt
img/Striped_Maxi_Tank_Dress/img_00000065.jpg,41,val,data/raw/deepfashion/img/Striped_Maxi_Tank_Dress/img_00000065.jpg,skirt
img/Strappy_Fit_&_Flare_Dress/img_00000056.jpg,41,val,data/raw/deepfashion/img/Strappy_Fit_&_Flare_Dress/img_00000056.jpg,skirt
img/Lace-Paneled_Illusion_Maxi_Dress/img_00000021.jpg,41,val,data/raw/deepfashion/img/Lace-Paneled_Illusion_Maxi_Dress/img_00000021.jpg,skirt
img/Abstract_Floral_Print_Dress/img_00000038.jpg,41,val,data/raw/deepfashion/img/Abstract_Floral_Print_Dress/img_00000038.jpg,skirt
img/Eyelash_Lace_Combo_Dress/img_00000004.jpg,41,val,data/raw/deepfashion/img/Eyelash_Lace_Combo_Dress/img_00000004.jpg,skirt
img/Floral_Lace_A-Line_Dress/img_00000025.jpg,41,val,data/raw/deepfashion/img/Floral_Lace_A-Line_Dress/img_00000025.jpg,skirt
img/Southwestern_Print_Pleated_Dress/img_00000021.jpg,41,val,data/raw/deepfashion/img/Southwestern_Print_Pleated_Dress/img_00000021.jpg,skirt
img/Lace_Insert_Bodycon_Dress/img_00000039.jpg,41,val,data/raw/deepfashion/img/Lace_Insert_Bodycon_Dress/img_00000039.jpg,skirt
img/Daring_Mesh_Panel_Skater_Dress/img_00000030.jpg,41,val,data/raw/deepfashion/img/Daring_Mesh_Panel_Skater_Dress/img_00000030.jpg,skirt
img/Faux_Wrap_Stripe_Dress/img_00000005.jpg,41,val,data/raw/deepfashion/img/Faux_Wrap_Stripe_Dress/img_00000005.jpg,skirt
img/Denim_Cutout_Dress/img_00000029.jpg,41,val,data/raw/deepfashion/img/Denim_Cutout_Dress/img_00000029.jpg,skirt
img/Crochet-Paneled_Jumpsuit/img_00000008.jpg,42,val,data/raw/deepfashion/img/Crochet-Paneled_Jumpsuit/img_00000008.jpg,skirt
img/Daisy_Print_Dress/img_00000031.jpg,41,val,data/raw/deepfashion/img/Daisy_Print_Dress/img_00000031.jpg,skirt
img/Plaid_Midi_Dress/img_00000057.jpg,41,val,data/raw/deepfashion/img/Plaid_Midi_Dress/img_00000057.jpg,skirt
img/Ribbed_Turtleneck_Sweater_Dress/img_00000041.jpg,41,val,data/raw/deepfashion/img/Ribbed_Turtleneck_Sweater_Dress/img_00000041.jpg,skirt
img/Eyelash_Lace_Pleated_Dress/img_00000045.jpg,41,val,data/raw/deepfashion/img/Eyelash_Lace_Pleated_Dress/img_00000045.jpg,skirt
img/V-Cut_Back_Dress/img_00000058.jpg,41,val,data/raw/deepfashion/img/V-Cut_Back_Dress/img_00000058.jpg,skirt
img/Abstract_Print_Jumpsuit/img_00000038.jpg,42,val,data/raw/deepfashion/img/Abstract_Print_Jumpsuit/img_00000038.jpg,skirt
img/Lace-Paneled_Sheath_Dress/img_00000021.jpg,41,val,data/raw/deepfashion/img/Lace-Paneled_Sheath_Dress/img_00000021.jpg,skirt
img/Chiffon-Paneled_Sheath_Dress/img_00000049.jpg,41,val,data/raw/deepfashion/img/Chiffon-Paneled_Sheath_Dress/img_00000049.jpg,skirt
img/Chiffon_&_Floral_Dress/img_00000033.jpg,41,val,data/raw/deepfashion/img/Chiffon_&_Floral_Dress/img_00000033.jpg,skirt
img/Mock_Neck_Skater_Dress/img_00000035.jpg,41,val,data/raw/deepfashion/img/Mock_Neck_Skater_Dress/img_00000035.jpg,skirt
img/Tweed_Fit_&_Flare_Dress/img_00000010.jpg,41,val,data/raw/deepfashion/img/Tweed_Fit_&_Flare_Dress/img_00000010.jpg,skirt
img/Rose_Print_Skater_Dress/img_00000034.jpg,41,val,data/raw/deepfashion/img/Rose_Print_Skater_Dress/img_00000034.jpg,skirt
img/Metallic_Geo-Patterned_Dress/img_00000022.jpg,41,val,data/raw/deepfashion/img/Metallic_Geo-Patterned_Dress/img_00000022.jpg,skirt
img/Southwestern_Print_Surplice_Jumpsuit/img_00000003.jpg,42,val,data/raw/deepfashion/img/Southwestern_Print_Surplice_Jumpsuit/img_00000003.jpg,skirt
img/Abstract_Print_Combo_Maxi_Dress/img_00000002.jpg,41,val,data/raw/deepfashion/img/Abstract_Print_Combo_Maxi_Dress/img_00000002.jpg,skirt
img/Textured_Woven_A-Line_Dress/img_00000004.jpg,41,val,data/raw/deepfashion/img/Textured_Woven_A-Line_Dress/img_00000004.jpg,skirt
img/Strapless_Wide-Leg_Jumpsuit/img_00000017.jpg,42,val,data/raw/deepfashion/img/Strapless_Wide-Leg_Jumpsuit/img_00000017.jpg,skirt
img/Tropical_Floral_Print_Dress/img_00000023.jpg,41,val,data/raw/deepfashion/img/Tropical_Floral_Print_Dress/img_00000023.jpg,skirt
img/Pleated_Scuba_Knit_Dress/img_00000010.jpg,41,val,data/raw/deepfashion/img/Pleated_Scuba_Knit_Dress/img_00000010.jpg,skirt
img/Ikat_Print_Chiffon_Dress/img_00000004.jpg,41,val,data/raw/deepfashion/img/Ikat_Print_Chiffon_Dress/img_00000004.jpg,skirt
img/Heathered_Metallic_Bodycon_Dress/img_00000039.jpg,41,val,data/raw/deepfashion/img/Heathered_Metallic_Bodycon_Dress/img_00000039.jpg,skirt
img/Striped_Floral_Fit_&_Flare_Dress/img_00000045.jpg,41,val,data/raw/deepfashion/img/Striped_Floral_Fit_&_Flare_Dress/img_00000045.jpg,skirt
img/Open-Crochet_Maxi_Dress/img_00000042.jpg,41,val,data/raw/deepfashion/img/Open-Crochet_Maxi_Dress/img_00000042.jpg,skirt
img/Forget_Me_Not_Babydoll_Dress/img_00000034.jpg,41,val,data/raw/deepfashion/img/Forget_Me_Not_Babydoll_Dress/img_00000034.jpg,skirt
img/Organza-Paneled_Midi_T-Shirt_Dress/img_00000070.jpg,41,val,data/raw/deepfashion/img/Organza-Paneled_Midi_T-Shirt_Dress/img_00000070.jpg,skirt
img/Lace_Paneled_Shift_Dress/img_00000015.jpg,41,val,data/raw/deepfashion/img/Lace_Paneled_Shift_Dress/img_00000015.jpg,skirt
img/Tie-Dye_Midi_Dress/img_00000017.jpg,41,val,data/raw/deepfashion/img/Tie-Dye_Midi_Dress/img_00000017.jpg,skirt
img/Flounced_Metallic_Dotted_Cami_Dress/img_00000019.jpg,41,val,data/raw/deepfashion/img/Flounced_Metallic_Dotted_Cami_Dress/img_00000019.jpg,skirt
img/High-Slit_Midi_Dress/img_00000019.jpg,41,val,data/raw/deepfashion/img/High-Slit_Midi_Dress/img_00000019.jpg,skirt
img/Layered_Stripe_Dress/img_00000054.jpg,41,val,data/raw/deepfashion/img/Layered_Stripe_Dress/img_00000054.jpg,skirt
img/Belted_Chiffon_Shirt_Dress/img_00000010.jpg,41,val,data/raw/deepfashion/img/Belted_Chiffon_Shirt_Dress/img_00000010.jpg,skirt
img/Striped_T-Back_Maxi_Dress/img_00000011.jpg,41,val,data/raw/deepfashion/img/Striped_T-Back_Maxi_Dress/img_00000011.jpg,skirt
img/Braided-Back_Abstract_Maxi_Dress/img_00000031.jpg,41,val,data/raw/deepfashion/img/Braided-Back_Abstract_Maxi_Dress/img_00000031.jpg,skirt
img/Hooded_Maxi_Dress/img_00000008.jpg,41,val,data/raw/deepfashion/img/Hooded_Maxi_Dress/img_00000008.jpg,skirt
img/Strappy_Chiffon_Maxi_Dress/img_00000059.jpg,41,val,data/raw/deepfashion/img/Strappy_Chiffon_Maxi_Dress/img_00000059.jpg,skirt
img/Dotted_Skater_Dress/img_00000063.jpg,41,val,data/raw/deepfashion/img/Dotted_Skater_Dress/img_00000063.jpg,skirt
img/Caged_Back_Bandage_Dress/img_00000035.jpg,41,val,data/raw/deepfashion/img/Caged_Back_Bandage_Dress/img_00000035.jpg,skirt
img/Jersey_Knit_Trapeze_Dress/img_00000005.jpg,41,val,data/raw/deepfashion/img/Jersey_Knit_Trapeze_Dress/img_00000005.jpg,skirt
img/Floral_Print_Cami_Dress/img_00000040.jpg,41,val,data/raw/deepfashion/img/Floral_Print_Cami_Dress/img_00000040.jpg,skirt
img/Cutout-Back_Midi_Dress/img_00000003.jpg,41,val,data/raw/deepfashion/img/Cutout-Back_Midi_Dress/img_00000003.jpg,skirt
img/Striped_Maxi_Tank_Dress/img_00000068.jpg,41,val,data/raw/deepfashion/img/Striped_Maxi_Tank_Dress/img_00000068.jpg,skirt
img/Off-the-Shoulder_Bodycon_Dress/img_00000014.jpg,41,val,data/raw/deepfashion/img/Off-the-Shoulder_Bodycon_Dress/img_00000014.jpg,skirt
img/Belted_Stripe_Pattern_Dress/img_00000009.jpg,41,val,data/raw/deepfashion/img/Belted_Stripe_Pattern_Dress/img_00000009.jpg,skirt
img/Floral_Chiffon_High-Neck_Dress/img_00000078.jpg,41,val,data/raw/deepfashion/img/Floral_Chiffon_High-Neck_Dress/img_00000078.jpg,skirt
img/Mixed_Stripe_T-Shirt_Dress/img_00000005.jpg,41,val,data/raw/deepfashion/img/Mixed_Stripe_T-Shirt_Dress/img_00000005.jpg,skirt
img/Cutout_Sheath_Dress/img_00000034.jpg,41,val,data/raw/deepfashion/img/Cutout_Sheath_Dress/img_00000034.jpg,skirt
img/Heathered_Knit_Midi_Dress/img_00000051.jpg,41,val,data/raw/deepfashion/img/Heathered_Knit_Midi_Dress/img_00000051.jpg,skirt
img/Lace-Paneled_Woven_Jumpsuit/img_00000012.jpg,42,val,data/raw/deepfashion/img/Lace-Paneled_Woven_Jumpsuit/img_00000012.jpg,skirt
img/Paisley_Floral_A-Line_Dress/img_00000025.jpg,41,val,data/raw/deepfashion/img/Paisley_Floral_A-Line_Dress/img_00000025.jpg,skirt
img/Floral_Lace_Off-The-Shoulder_Dress/img_00000013.jpg,41,val,data/raw/deepfashion/img/Floral_Lace_Off-The-Shoulder_Dress/img_00000013.jpg,skirt
img/Lace-Cutout_Sheath_Dress/img_00000033.jpg,41,val,data/raw/deepfashion/img/Lace-Cutout_Sheath_Dress/img_00000033.jpg,skirt
img/Belted_Peplum_Dress/img_00000056.jpg,41,val,data/raw/deepfashion/img/Belted_Peplum_Dress/img_00000056.jpg,skirt
img/Caged_V-Neck_Maxi_Dress/img_00000047.jpg,41,val,data/raw/deepfashion/img/Caged_V-Neck_Maxi_Dress/img_00000047.jpg,skirt
img/Beaded_Collar_Empire-Waist_Dress/img_00000002.jpg,41,val,data/raw/deepfashion/img/Beaded_Collar_Empire-Waist_Dress/img_00000002.jpg,skirt
img/Geo_Print_Flounce_Dress/img_00000006.jpg,41,val,data/raw/deepfashion/img/Geo_Print_Flounce_Dress/img_00000006.jpg,skirt
img/Tribal_Print_Strapless_Jumpsuit/img_00000019.jpg,42,val,data/raw/deepfashion/img/Tribal_Print_Strapless_Jumpsuit/img_00000019.jpg,skirt
img/Knit_Trapeze_Dress/img_00000050.jpg,41,val,data/raw/deepfashion/img/Knit_Trapeze_Dress/img_00000050.jpg,skirt
img/Cutout_Sheath_Dress/img_00000076.jpg,41,val,data/raw/deepfashion/img/Cutout_Sheath_Dress/img_00000076.jpg,skirt
img/Pleated_Floral_Chiffon_Dress/img_00000002.jpg,41,val,data/raw/deepfashion/img/Pleated_Floral_Chiffon_Dress/img_00000002.jpg,skirt
img/Caged_Cutout_Dress/img_00000008.jpg,41,val,data/raw/deepfashion/img/Caged_Cutout_Dress/img_00000008.jpg,skirt
img/Caged_Back_Jumpsuit/img_00000046.jpg,42,val,data/raw/deepfashion/img/Caged_Back_Jumpsuit/img_00000046.jpg,skirt
img/Floral_Windowpane_Print_Dress/img_00000008.jpg,41,val,data/raw/deepfashion/img/Floral_Windowpane_Print_Dress/img_00000008.jpg,skirt
img/Cascading_Layered_Shift_Dress/img_00000023.jpg,41,val,data/raw/deepfashion/img/Cascading_Layered_Shift_Dress/img_00000023.jpg,skirt
img/Floral_Lace_Overlay_Dress/img_00000014.jpg,41,val,data/raw/deepfashion/img/Floral_Lace_Overlay_Dress/img_00000014.jpg,skirt
img/Embellished_Cutout-Back_Dress/img_00000027.jpg,41,val,data/raw/deepfashion/img/Embellished_Cutout-Back_Dress/img_00000027.jpg,skirt
img/Out_to_Sea_Maxi_Dress/img_00000066.jpg,41,val,data/raw/deepfashion/img/Out_to_Sea_Maxi_Dress/img_00000066.jpg,skirt
img/Classic_Fit_&_Flare_Dress/img_00000053.jpg,41,val,data/raw/deepfashion/img/Classic_Fit_&_Flare_Dress/img_00000053.jpg,skirt
img/Heathered_Knit_Midi_Dress/img_00000015.jpg,41,val,data/raw/deepfashion/img/Heathered_Knit_Midi_Dress/img_00000015.jpg,skirt
img/Strapless_X-Ray_Roses_Dress/img_00000025.jpg,41,val,data/raw/deepfashion/img/Strapless_X-Ray_Roses_Dress/img_00000025.jpg,skirt
img/Floral_Flutter_Sleeve_Dress/img_00000052.jpg,41,val,data/raw/deepfashion/img/Floral_Flutter_Sleeve_Dress/img_00000052.jpg,skirt
img/Floral_Print_Crochet_Maxi_Dress/img_00000015.jpg,41,val,data/raw/deepfashion/img/Floral_Print_Crochet_Maxi_Dress/img_00000015.jpg,skirt
img/Cutout-Front_Textured_Bodycon_Dress/img_00000052.jpg,41,val,data/raw/deepfashion/img/Cutout-Front_Textured_Bodycon_Dress/img_00000052.jpg,skirt
img/Surplice_Front_Jumpsuit/img_00000011.jpg,42,val,data/raw/deepfashion/img/Surplice_Front_Jumpsuit/img_00000011.jpg,skirt
img/Multi-Stripe_Shirt_Dress/img_00000003.jpg,41,val,data/raw/deepfashion/img/Multi-Stripe_Shirt_Dress/img_00000003.jpg,skirt
img/Embossed_Mock_Neck_Dress/img_00000042.jpg,41,val,data/raw/deepfashion/img/Embossed_Mock_Neck_Dress/img_00000042.jpg,skirt
img/Striped_Surplice_Maxi_Dress/img_00000047.jpg,41,val,data/raw/deepfashion/img/Striped_Surplice_Maxi_Dress/img_00000047.jpg,skirt
img/Patchwork_Printed_Long_Jumpsuit/img_00000041.jpg,42,val,data/raw/deepfashion/img/Patchwork_Printed_Long_Jumpsuit/img_00000041.jpg,skirt
img/Buttoned_Fit_&_Flare_Dress/img_00000012.jpg,41,val,data/raw/deepfashion/img/Buttoned_Fit_&_Flare_Dress/img_00000012.jpg,skirt
img/Striped_Maxi_Tank_Dress/img_00000062.jpg,41,val,data/raw/deepfashion/img/Striped_Maxi_Tank_Dress/img_00000062.jpg,skirt
img/Layered_Sleeveless_Dress/img_00000005.jpg,41,val,data/raw/deepfashion/img/Layered_Sleeveless_Dress/img_00000005.jpg,skirt
img/Floral-Embroidered_Lace-Up_Dress/img_00000023.jpg,41,val,data/raw/deepfashion/img/Floral-Embroidered_Lace-Up_Dress/img_00000023.jpg,skirt
img/Cutout_Watercolor_Print_Dress/img_00000053.jpg,41,val,data/raw/deepfashion/img/Cutout_Watercolor_Print_Dress/img_00000053.jpg,skirt
img/Embroidered_Lace_Dress/img_00000003.jpg,41,val,data/raw/deepfashion/img/Embroidered_Lace_Dress/img_00000003.jpg,skirt
img/Beaded_Shift_Dress/img_00000067.jpg,41,val,data/raw/deepfashion/img/Beaded_Shift_Dress/img_00000067.jpg,skirt
img/Belted_Polka_Dot_Dress/img_00000027.jpg,41,val,data/raw/deepfashion/img/Belted_Polka_Dot_Dress/img_00000027.jpg,skirt
img/Polka_Dot_Skater_Dress/img_00000008.jpg,41,val,data/raw/deepfashion/img/Polka_Dot_Skater_Dress/img_00000008.jpg,skirt
img/Floral_Mosaic_Print_Jumpsuit/img_00000033.jpg,42,val,data/raw/deepfashion/img/Floral_Mosaic_Print_Jumpsuit/img_00000033.jpg,skirt
img/Abstract_Stripe_Cami_Dress/img_00000036.jpg,41,val,data/raw/deepfashion/img/Abstract_Stripe_Cami_Dress/img_00000036.jpg,skirt
img/Abstract_Print_Jumpsuit/img_00000022.jpg,42,val,data/raw/deepfashion/img/Abstract_Print_Jumpsuit/img_00000022.jpg,skirt
img/Crisscross-Back_Skater_Dress/img_00000065.jpg,41,val,data/raw/deepfashion/img/Crisscross-Back_Skater_Dress/img_00000065.jpg,skirt
img/Faux_Leather_&_Tulle_Combo_Dress/img_00000001.jpg,41,val,data/raw/deepfashion/img/Faux_Leather_&_Tulle_Combo_Dress/img_00000001.jpg,skirt
img/Botanical_Print_A-Line_Dress/img_00000017.jpg,41,val,data/raw/deepfashion/img/Botanical_Print_A-Line_Dress/img_00000017.jpg,skirt
img/Floral_Crochet_Shift_Dress/img_00000005.jpg,41,val,data/raw/deepfashion/img/Floral_Crochet_Shift_Dress/img_00000005.jpg,skirt
img/Open-Shoulder_Eyelash_Lace_Dress/img_00000023.jpg,41,val,data/raw/deepfashion/img/Open-Shoulder_Eyelash_Lace_Dress/img_00000023.jpg,skirt
img/Floral_Flutter_Sleeve_Dress/img_00000003.jpg,41,val,data/raw/deepfashion/img/Floral_Flutter_Sleeve_Dress/img_00000003.jpg,skirt
img/Crochet-Paneled_Shift_Dress/img_00000014.jpg,41,val,data/raw/deepfashion/img/Crochet-Paneled_Shift_Dress/img_00000014.jpg,skirt
img/Bell-Sleeved_Lace_Dress/img_00000009.jpg,41,val,data/raw/deepfashion/img/Bell-Sleeved_Lace_Dress/img_00000009.jpg,skirt
img/V-Cut_Bodycon_Dress/img_00000062.jpg,41,val,data/raw/deepfashion/img/V-Cut_Bodycon_Dress/img_00000062.jpg,skirt
img/Lace-Trimmed_Halter_Dress/img_00000058.jpg,41,val,data/raw/deepfashion/img/Lace-Trimmed_Halter_Dress/img_00000058.jpg,skirt
img/Lace-Paneled_Abstract_Print_Jumpsuit/img_00000015.jpg,42,val,data/raw/deepfashion/img/Lace-Paneled_Abstract_Print_Jumpsuit/img_00000015.jpg,skirt
img/Belted_Wide-Leg_Jumpsuit/img_00000025.jpg,42,val,data/raw/deepfashion/img/Belted_Wide-Leg_Jumpsuit/img_00000025.jpg,skirt
img/Sleek_Lace-Trimmed_Slip_Dress/img_00000013.jpg,41,val,data/raw/deepfashion/img/Sleek_Lace-Trimmed_Slip_Dress/img_00000013.jpg,skirt
img/Embroidered_Lace_A-Line_Dress/img_00000094.jpg,41,val,data/raw/deepfashion/img/Embroidered_Lace_A-Line_Dress/img_00000094.jpg,skirt
img/Crochet-Back_Cami_Dress/img_00000034.jpg,41,val,data/raw/deepfashion/img/Crochet-Back_Cami_Dress/img_00000034.jpg,skirt
img/Palm_Print_Bodycon_Dress/img_00000029.jpg,41,val,data/raw/deepfashion/img/Palm_Print_Bodycon_Dress/img_00000029.jpg,skirt
img/Crochet_Halter_Dress/img_00000004.jpg,41,val,data/raw/deepfashion/img/Crochet_Halter_Dress/img_00000004.jpg,skirt
img/Textured_Floral_Skater_Dress/img_00000062.jpg,41,val,data/raw/deepfashion/img/Textured_Floral_Skater_Dress/img_00000062.jpg,skirt
img/Embroidered_Fit_&_Flare_Dress/img_00000032.jpg,41,val,data/raw/deepfashion/img/Embroidered_Fit_&_Flare_Dress/img_00000032.jpg,skirt
img/Bon_Voyage_Maxi_Dress/img_00000006.jpg,41,val,data/raw/deepfashion/img/Bon_Voyage_Maxi_Dress/img_00000006.jpg,skirt
img/Abstract_Pattern_Bodycon_Dress/img_00000039.jpg,41,val,data/raw/deepfashion/img/Abstract_Pattern_Bodycon_Dress/img_00000039.jpg,skirt
img/Ditsy_Floral_Jersey_Dress/img_00000021.jpg,41,val,data/raw/deepfashion/img/Ditsy_Floral_Jersey_Dress/img_00000021.jpg,skirt
img/Tie-Dye_Crochet_Maxi_Dress/img_00000057.jpg,41,val,data/raw/deepfashion/img/Tie-Dye_Crochet_Maxi_Dress/img_00000057.jpg,skirt
img/Side-Slit_Marled_Dress/img_00000001.jpg,41,val,data/raw/deepfashion/img/Side-Slit_Marled_Dress/img_00000001.jpg,skirt
img/Diamond_Print_Halter_Maxi_Dress/img_00000005.jpg,41,val,data/raw/deepfashion/img/Diamond_Print_Halter_Maxi_Dress/img_00000005.jpg,skirt
img/Striped_Midi_Dress/img_00000031.jpg,41,val,data/raw/deepfashion/img/Striped_Midi_Dress/img_00000031.jpg,skirt
img/Longline_Chambray_Overall_Dress/img_00000032.jpg,41,val,data/raw/deepfashion/img/Longline_Chambray_Overall_Dress/img_00000032.jpg,skirt
img/Mesh_Maxi_Dress/img_00000047.jpg,41,val,data/raw/deepfashion/img/Mesh_Maxi_Dress/img_00000047.jpg,skirt
img/Belted_Floral_Print_Cami_Dress/img_00000039.jpg,41,val,data/raw/deepfashion/img/Belted_Floral_Print_Cami_Dress/img_00000039.jpg,skirt
img/Geo_Embellished_Beadwork_Dress/img_00000063.jpg,41,val,data/raw/deepfashion/img/Geo_Embellished_Beadwork_Dress/img_00000063.jpg,skirt
img/Crepe_Fit_&_Flare_Dress/img_00000058.jpg,41,val,data/raw/deepfashion/img/Crepe_Fit_&_Flare_Dress/img_00000058.jpg,skirt
img/V-Neck_Striped_Dress/img_00000017.jpg,41,val,data/raw/deepfashion/img/V-Neck_Striped_Dress/img_00000017.jpg,skirt
img/Watercolor_Ikat_High-Low_Dress/img_00000012.jpg,41,val,data/raw/deepfashion/img/Watercolor_Ikat_High-Low_Dress/img_00000012.jpg,skirt
img/Abstract_Stripe_Bodycon_Dress/img_00000036.jpg,41,val,data/raw/deepfashion/img/Abstract_Stripe_Bodycon_Dress/img_00000036.jpg,skirt
img/Tropical_Print_Bodycon_Dress/img_00000014.jpg,41,val,data/raw/deepfashion/img/Tropical_Print_Bodycon_Dress/img_00000014.jpg,skirt
img/Striped_Print_Maxi_Dress/img_00000080.jpg,41,val,data/raw/deepfashion/img/Striped_Print_Maxi_Dress/img_00000080.jpg,skirt
img/Layered_A-Line_Dress/img_00000053.jpg,41,val,data/raw/deepfashion/img/Layered_A-Line_Dress/img_00000053.jpg,skirt
img/Button_Front_Shirt_Dress/img_00000026.jpg,41,val,data/raw/deepfashion/img/Button_Front_Shirt_Dress/img_00000026.jpg,skirt
img/Tiered_Floral_Smock_Dress/img_00000024.jpg,41,val,data/raw/deepfashion/img/Tiered_Floral_Smock_Dress/img_00000024.jpg,skirt
img/Diamond_Print_Skater_Dress/img_00000039.jpg,41,val,data/raw/deepfashion/img/Diamond_Print_Skater_Dress/img_00000039.jpg,skirt
img/Abstract_Wave_Patterned_Dress/img_00000053.jpg,41,val,data/raw/deepfashion/img/Abstract_Wave_Patterned_Dress/img_00000053.jpg,skirt
img/Fishnet-Paneled_Dress/img_00000008.jpg,41,val,data/raw/deepfashion/img/Fishnet-Paneled_Dress/img_00000008.jpg,skirt
img/Linen_Overall_Dress/img_00000038.jpg,41,val,data/raw/deepfashion/img/Linen_Overall_Dress/img_00000038.jpg,skirt
img/Scuba_Knit_Photo_Floral_Dress/img_00000008.jpg,41,val,data/raw/deepfashion/img/Scuba_Knit_Photo_Floral_Dress/img_00000008.jpg,skirt
img/Studded_Tribal_Print_Dress/img_00000028.jpg,41,val,data/raw/deepfashion/img/Studded_Tribal_Print_Dress/img_00000028.jpg,skirt
img/Heathered_Knit_Midi_Dress/img_00000030.jpg,41,val,data/raw/deepfashion/img/Heathered_Knit_Midi_Dress/img_00000030.jpg,skirt
img/Abstract_Ikat_Maxi_Dress/img_00000052.jpg,41,val,data/raw/deepfashion/img/Abstract_Ikat_Maxi_Dress/img_00000052.jpg,skirt
img/High-Slit_Maxi_Dress/img_00000015.jpg,41,val,data/raw/deepfashion/img/High-Slit_Maxi_Dress/img_00000015.jpg,skirt
img/Brushstroke_Print_Shirt_Dress/img_00000065.jpg,41,val,data/raw/deepfashion/img/Brushstroke_Print_Shirt_Dress/img_00000065.jpg,skirt
img/Ditsy_Floral_&_Lace_Dress/img_00000002.jpg,41,val,data/raw/deepfashion/img/Ditsy_Floral_&_Lace_Dress/img_00000002.jpg,skirt
img/Charming_Boucl&eacute;_Dress/img_00000050.jpg,41,val,data/raw/deepfashion/img/Charming_Boucl&eacute;_Dress/img_00000050.jpg,skirt
img/Lace_Halter_Dress/img_00000014.jpg,41,val,data/raw/deepfashion/img/Lace_Halter_Dress/img_00000014.jpg,skirt
img/Hooded_Stripe_Dress/img_00000042.jpg,41,val,data/raw/deepfashion/img/Hooded_Stripe_Dress/img_00000042.jpg,skirt
img/Pleated_Floral_Chiffon_Dress/img_00000048.jpg,41,val,data/raw/deepfashion/img/Pleated_Floral_Chiffon_Dress/img_00000048.jpg,skirt
img/Hooded_Maxi_Dress/img_00000066.jpg,41,val,data/raw/deepfashion/img/Hooded_Maxi_Dress/img_00000066.jpg,skirt
img/Fan_Print_A-Line_Dress/img_00000041.jpg,41,val,data/raw/deepfashion/img/Fan_Print_A-Line_Dress/img_00000041.jpg,skirt
img/Floral_Print_Smock_Dress/img_00000024.jpg,41,val,data/raw/deepfashion/img/Floral_Print_Smock_Dress/img_00000024.jpg,skirt
img/Tiered_Floral_Smock_Dress/img_00000021.jpg,41,val,data/raw/deepfashion/img/Tiered_Floral_Smock_Dress/img_00000021.jpg,skirt
img/Cami_Babydoll_Dress/img_00000065.jpg,41,val,data/raw/deepfashion/img/Cami_Babydoll_Dress/img_00000065.jpg,skirt
img/Cutout_Back_Floral_Dress/img_00000039.jpg,41,val,data/raw/deepfashion/img/Cutout_Back_Floral_Dress/img_00000039.jpg,skirt
img/Layered_Lace_Dress/img_00000025.jpg,41,val,data/raw/deepfashion/img/Layered_Lace_Dress/img_00000025.jpg,skirt
img/Tribal_Print_Bodycon_Dress/img_00000027.jpg,41,val,data/raw/deepfashion/img/Tribal_Print_Bodycon_Dress/img_00000027.jpg,skirt
img/Paisley_Cami_Maxi_Dress/img_00000020.jpg,41,val,data/raw/deepfashion/img/Paisley_Cami_Maxi_Dress/img_00000020.jpg,skirt
img/Gingham_Print_Skater_Dress/img_00000043.jpg,41,val,data/raw/deepfashion/img/Gingham_Print_Skater_Dress/img_00000043.jpg,skirt
img/Textured_Diamond_Knit_Dress/img_00000048.jpg,41,val,data/raw/deepfashion/img/Textured_Diamond_Knit_Dress/img_00000048.jpg,skirt
img/Floral_Print_Chiffon_Dress/img_00000015.jpg,41,val,data/raw/deepfashion/img/Floral_Print_Chiffon_Dress/img_00000015.jpg,skirt
img/Tribal_Patterned_Bodycon_Dress/img_00000015.jpg,41,val,data/raw/deepfashion/img/Tribal_Patterned_Bodycon_Dress/img_00000015.jpg,skirt
img/Tropical_Print_Fit_&_Flare_Dress/img_00000031.jpg,41,val,data/raw/deepfashion/img/Tropical_Print_Fit_&_Flare_Dress/img_00000031.jpg,skirt
img/Faux_Leather_&_Tulle_Combo_Dress/img_00000012.jpg,41,val,data/raw/deepfashion/img/Faux_Leather_&_Tulle_Combo_Dress/img_00000012.jpg,skirt
img/Embroidered_Lace_Dress/img_00000032.jpg,41,val,data/raw/deepfashion/img/Embroidered_Lace_Dress/img_00000032.jpg,skirt
img/Marled_Ringer_Tank_Dress/img_00000018.jpg,41,val,data/raw/deepfashion/img/Marled_Ringer_Tank_Dress/img_00000018.jpg,skirt
img/Classic_Midi_Dress/img_00000055.jpg,41,val,data/raw/deepfashion/img/Classic_Midi_Dress/img_00000055.jpg,skirt
img/Ruffled_Wrap_Dress/img_00000086.jpg,41,val,data/raw/deepfashion/img/Ruffled_Wrap_Dress/img_00000086.jpg,skirt
img/Linen_Tank_Dress/img_00000041.jpg,41,val,data/raw/deepfashion/img/Linen_Tank_Dress/img_00000041.jpg,skirt
img/Crocheted_Gauze_Maxi_Dress/img_00000004.jpg,41,val,data/raw/deepfashion/img/Crocheted_Gauze_Maxi_Dress/img_00000004.jpg,skirt
img/Pintucked_Stained_Glass_Print_Dress/img_00000013.jpg,41,val,data/raw/deepfashion/img/Pintucked_Stained_Glass_Print_Dress/img_00000013.jpg,skirt
img/Surplice_Woven_Jumpsuit/img_00000038.jpg,42,val,data/raw/deepfashion/img/Surplice_Woven_Jumpsuit/img_00000038.jpg,skirt
img/Embroidered_Shift_Dress/img_00000060.jpg,41,val,data/raw/deepfashion/img/Embroidered_Shift_Dress/img_00000060.jpg,skirt
img/Rose_Crossback_Mini_Dress/img_00000035.jpg,41,val,data/raw/deepfashion/img/Rose_Crossback_Mini_Dress/img_00000035.jpg,skirt
img/Collared_Surplice_Jumpsuit/img_00000009.jpg,42,val,data/raw/deepfashion/img/Collared_Surplice_Jumpsuit/img_00000009.jpg,skirt
img/Tribal_Print_Pleated_Dress/img_00000009.jpg,41,val,data/raw/deepfashion/img/Tribal_Print_Pleated_Dress/img_00000009.jpg,skirt
img/Beaded_Flowy_Cotton_Dress/img_00000005.jpg,41,val,data/raw/deepfashion/img/Beaded_Flowy_Cotton_Dress/img_00000005.jpg,skirt
img/Denim_Shirt_Dress/img_00000042.jpg,41,val,data/raw/deepfashion/img/Denim_Shirt_Dress/img_00000042.jpg,skirt
img/Flirty_Floral_Smock_Dress/img_00000015.jpg,41,val,data/raw/deepfashion/img/Flirty_Floral_Smock_Dress/img_00000015.jpg,skirt
img/Floral_Lace_Bodycon_Dress/img_00000016.jpg,41,val,data/raw/deepfashion/img/Floral_Lace_Bodycon_Dress/img_00000016.jpg,skirt
img/Striped_Off-the-Shoulder_Jumpsuit/img_00000017.jpg,42,val,data/raw/deepfashion/img/Striped_Off-the-Shoulder_Jumpsuit/img_00000017.jpg,skirt
img/Strapless_Sweetheart_Dress/img_00000055.jpg,41,val,data/raw/deepfashion/img/Strapless_Sweetheart_Dress/img_00000055.jpg,skirt
img/Embroidered_Babydoll_Dress/img_00000072.jpg,41,val,data/raw/deepfashion/img/Embroidered_Babydoll_Dress/img_00000072.jpg,skirt
img/Textured_Knit_Skater_Dress/img_00000011.jpg,41,val,data/raw/deepfashion/img/Textured_Knit_Skater_Dress/img_00000011.jpg,skirt
img/Shirred_Chiffon_Dress/img_00000046.jpg,41,val,data/raw/deepfashion/img/Shirred_Chiffon_Dress/img_00000046.jpg,skirt
img/Geo-Stripe_Maxi_Dress/img_00000021.jpg,41,val,data/raw/deepfashion/img/Geo-Stripe_Maxi_Dress/img_00000021.jpg,skirt
img/Crochet-Embroidered_Chiffon_Dress/img_00000042.jpg,41,val,data/raw/deepfashion/img/Crochet-Embroidered_Chiffon_Dress/img_00000042.jpg,skirt
img/Double-V_Slip_Dress/img_00000049.jpg,41,val,data/raw/deepfashion/img/Double-V_Slip_Dress/img_00000049.jpg,skirt
img/Viney_Floral_Flounce_Dress/img_00000012.jpg,41,val,data/raw/deepfashion/img/Viney_Floral_Flounce_Dress/img_00000012.jpg,skirt
img/Baroque-Sequined_Strapless_Dress/img_00000037.jpg,41,val,data/raw/deepfashion/img/Baroque-Sequined_Strapless_Dress/img_00000037.jpg,skirt
img/V-Neck_Velveteen_Bodycon_Dress/img_00000016.jpg,41,val,data/raw/deepfashion/img/V-Neck_Velveteen_Bodycon_Dress/img_00000016.jpg,skirt
img/Flounce_Maxi_Dress/img_00000050.jpg,41,val,data/raw/deepfashion/img/Flounce_Maxi_Dress/img_00000050.jpg,skirt
img/Lace_Combo_Smock_Dress/img_00000033.jpg,41,val,data/raw/deepfashion/img/Lace_Combo_Smock_Dress/img_00000033.jpg,skirt
img/Belted_Peplum_Dress/img_00000088.jpg,41,val,data/raw/deepfashion/img/Belted_Peplum_Dress/img_00000088.jpg,skirt
img/Mixed_Print_Knit_Dress/img_00000012.jpg,41,val,data/raw/deepfashion/img/Mixed_Print_Knit_Dress/img_00000012.jpg,skirt
img/Embroidered_Peasant_Dress/img_00000025.jpg,41,val,data/raw/deepfashion/img/Embroidered_Peasant_Dress/img_00000025.jpg,skirt
img/Embroidered_Floral_Peasant_Dress/img_00000042.jpg,41,val,data/raw/deepfashion/img/Embroidered_Floral_Peasant_Dress/img_00000042.jpg,skirt
img/Belted_Plaid_Shirt_Dress/img_00000047.jpg,41,val,data/raw/deepfashion/img/Belted_Plaid_Shirt_Dress/img_00000047.jpg,skirt
img/Mandala_Print_Maxi_Dress/img_00000029.jpg,41,val,data/raw/deepfashion/img/Mandala_Print_Maxi_Dress/img_00000029.jpg,skirt
img/Abstract_Print_Cami_Dress/img_00000005.jpg,41,val,data/raw/deepfashion/img/Abstract_Print_Cami_Dress/img_00000005.jpg,skirt
img/Contrast-Trimmed_Halter_Dress/img_00000012.jpg,41,val,data/raw/deepfashion/img/Contrast-Trimmed_Halter_Dress/img_00000012.jpg,skirt
img/Sparkling_Ruched_Dress/img_00000025.jpg,41,val,data/raw/deepfashion/img/Sparkling_Ruched_Dress/img_00000025.jpg,skirt
img/Zippered_Knit_Dress/img_00000015.jpg,41,val,data/raw/deepfashion/img/Zippered_Knit_Dress/img_00000015.jpg,skirt
img/Tribal_Print_Scuba_Knit_Dress/img_00000027.jpg,41,val,data/raw/deepfashion/img/Tribal_Print_Scuba_Knit_Dress/img_00000027.jpg,skirt
img/Rose_Print_Lace-Up_Dress/img_00000001.jpg,41,val,data/raw/deepfashion/img/Rose_Print_Lace-Up_Dress/img_00000001.jpg,skirt
img/Crinkled_Crepe_Halter_Dress/img_00000010.jpg,41,val,data/raw/deepfashion/img/Crinkled_Crepe_Halter_Dress/img_00000010.jpg,skirt
img/Cutout_Halter_Maxi_Dress/img_00000044.jpg,41,val,data/raw/deepfashion/img/Cutout_Halter_Maxi_Dress/img_00000044.jpg,skirt
img/Racerback_Mini_Dress/img_00000029.jpg,41,val,data/raw/deepfashion/img/Racerback_Mini_Dress/img_00000029.jpg,skirt
img/Ditsy_Floral_Jersey_Dress/img_00000036.jpg,41,val,data/raw/deepfashion/img/Ditsy_Floral_Jersey_Dress/img_00000036.jpg,skirt
img/Floral_Fit_&_Flare_Dress/img_00000065.jpg,41,val,data/raw/deepfashion/img/Floral_Fit_&_Flare_Dress/img_00000065.jpg,skirt
img/Paint_It_Red_Lace_Midi_Dress/img_00000027.jpg,41,val,data/raw/deepfashion/img/Paint_It_Red_Lace_Midi_Dress/img_00000027.jpg,skirt
img/Marled_High-Slit_Midi_Dress/img_00000013.jpg,41,val,data/raw/deepfashion/img/Marled_High-Slit_Midi_Dress/img_00000013.jpg,skirt
img/Hooded_Stripe_Dress/img_00000048.jpg,41,val,data/raw/deepfashion/img/Hooded_Stripe_Dress/img_00000048.jpg,skirt
img/Glitter_Bodycon_Dress/img_00000088.jpg,41,val,data/raw/deepfashion/img/Glitter_Bodycon_Dress/img_00000088.jpg,skirt
img/Polka_Dot_Shift_Dress/img_00000003.jpg,41,val,data/raw/deepfashion/img/Polka_Dot_Shift_Dress/img_00000003.jpg,skirt
img/Standout_Mesh-Trimmed_Dress/img_00000023.jpg,41,val,data/raw/deepfashion/img/Standout_Mesh-Trimmed_Dress/img_00000023.jpg,skirt
img/Faux_Leather_Combo_Dress/img_00000020.jpg,41,val,data/raw/deepfashion/img/Faux_Leather_Combo_Dress/img_00000020.jpg,skirt
img/Lace_Crisscross-Back_Dress/img_00000015.jpg,41,val,data/raw/deepfashion/img/Lace_Crisscross-Back_Dress/img_00000015.jpg,skirt
img/Tropical_Print_Fit_&_Flare_Dress/img_00000009.jpg,41,val,data/raw/deepfashion/img/Tropical_Print_Fit_&_Flare_Dress/img_00000009.jpg,skirt
img/Crinkled_Crochet-Paneled_Maxi_Dress/img_00000017.jpg,41,val,data/raw/deepfashion/img/Crinkled_Crochet-Paneled_Maxi_Dress/img_00000017.jpg,skirt
img/Tropical_Print_Combo_Dress/img_00000019.jpg,41,val,data/raw/deepfashion/img/Tropical_Print_Combo_Dress/img_00000019.jpg,skirt
img/Textured_Stripe_Smocked_Dress/img_00000030.jpg,41,val,data/raw/deepfashion/img/Textured_Stripe_Smocked_Dress/img_00000030.jpg,skirt
img/Abstract_Floral_Strapless_Dress/img_00000063.jpg,41,val,data/raw/deepfashion/img/Abstract_Floral_Strapless_Dress/img_00000063.jpg,skirt
img/Crochet-Paneled_Cami_Dress/img_00000003.jpg,41,val,data/raw/deepfashion/img/Crochet-Paneled_Cami_Dress/img_00000003.jpg,skirt
img/Curved_Hem_Pleat-Back_Dress/img_00000029.jpg,41,val,data/raw/deepfashion/img/Curved_Hem_Pleat-Back_Dress/img_00000029.jpg,skirt
img/Piqu&eacute;_Bodycon_Dress/img_00000052.jpg,41,val,data/raw/deepfashion/img/Piqu&eacute;_Bodycon_Dress/img_00000052.jpg,skirt
img/Shirred_Peasant_Dress/img_00000044.jpg,41,val,data/raw/deepfashion/img/Shirred_Peasant_Dress/img_00000044.jpg,skirt
img/Floral_Maxi_Dress/img_00000009.jpg,41,val,data/raw/deepfashion/img/Floral_Maxi_Dress/img_00000009.jpg,skirt
img/Abstract_Print_Bodycon_Dress/img_00000034.jpg,41,val,data/raw/deepfashion/img/Abstract_Print_Bodycon_Dress/img_00000034.jpg,skirt
img/Mesh-Trimmed_Bodycon_Dress/img_00000031.jpg,41,val,data/raw/deepfashion/img/Mesh-Trimmed_Bodycon_Dress/img_00000031.jpg,skirt
img/Paisley_Print_Maxi_Dress/img_00000029.jpg,41,val,data/raw/deepfashion/img/Paisley_Print_Maxi_Dress/img_00000029.jpg,skirt
img/Crochet-Paneled_A-Line_Dress/img_00000041.jpg,41,val,data/raw/deepfashion/img/Crochet-Paneled_A-Line_Dress/img_00000041.jpg,skirt
img/Floral_Crochet_Cutout_Blouse/img_00000020.jpg,3,val,data/raw/deepfashion/img/Floral_Crochet_Cutout_Blouse/img_00000020.jpg,top
img/California_Muscle_Tee/img_00000028.jpg,18,val,data/raw/deepfashion/img/California_Muscle_Tee/img_00000028.jpg,top
img/Zippered_Bomber_Jacket/img_00000010.jpg,11,val,data/raw/deepfashion/img/Zippered_Bomber_Jacket/img_00000010.jpg,top
img/Slub_Knit_Boyfriend_Tee/img_00000005.jpg,18,val,data/raw/deepfashion/img/Slub_Knit_Boyfriend_Tee/img_00000005.jpg,top
img/Abstract_Stripe_Top/img_00000017.jpg,19,val,data/raw/deepfashion/img/Abstract_Stripe_Top/img_00000017.jpg,top
img/Zip_Collar_Bomber/img_00000104.jpg,4,val,data/raw/deepfashion/img/Zip_Collar_Bomber/img_00000104.jpg,top
img/Crisscross_Neckline_Peasant_Blouse/img_00000020.jpg,3,val,data/raw/deepfashion/img/Crisscross_Neckline_Peasant_Blouse/img_00000020.jpg,top
img/Tribal_Print_Woven_Cardigan/img_00000021.jpg,6,val,data/raw/deepfashion/img/Tribal_Print_Woven_Cardigan/img_00000021.jpg,top
img/Bleach-Splatter_Oversized_Tee/img_00000029.jpg,18,val,data/raw/deepfashion/img/Bleach-Splatter_Oversized_Tee/img_00000029.jpg,top
img/Pleated_Open-Front_Cardigan/img_00000059.jpg,6,val,data/raw/deepfashion/img/Pleated_Open-Front_Cardigan/img_00000059.jpg,top
img/Follow_Your_Heart_Tee/img_00000026.jpg,18,val,data/raw/deepfashion/img/Follow_Your_Heart_Tee/img_00000026.jpg,top
img/Denim_Hoodie_Jacket/img_00000036.jpg,11,val,data/raw/deepfashion/img/Denim_Hoodie_Jacket/img_00000036.jpg,top
img/Abstract_Paint_Splatter_Blouse/img_00000014.jpg,3,val,data/raw/deepfashion/img/Abstract_Paint_Splatter_Blouse/img_00000014.jpg,top
img/Striped_Baseball_Tee/img_00000034.jpg,18,val,data/raw/deepfashion/img/Striped_Baseball_Tee/img_00000034.jpg,top
img/Striped_Mandarin_Collar_Blouse/img_00000042.jpg,3,val,data/raw/deepfashion/img/Striped_Mandarin_Collar_Blouse/img_00000042.jpg,top
img/Cutout-Back_Tank/img_00000005.jpg,17,val,data/raw/deepfashion/img/Cutout-Back_Tank/img_00000005.jpg,top
img/Slub_Knit_Racerback_Tank/img_00000036.jpg,17,val,data/raw/deepfashion/img/Slub_Knit_Racerback_Tank/img_00000036.jpg,top
img/Paneled_Baseball_Tee/img_00000012.jpg,18,val,data/raw/deepfashion/img/Paneled_Baseball_Tee/img_00000012.jpg,top
img/Striped_Twist-Front_Blouse/img_00000001.jpg,3,val,data/raw/deepfashion/img/Striped_Twist-Front_Blouse/img_00000001.jpg,top
img/Raglan_Pocket_Tee/img_00000056.jpg,18,val,data/raw/deepfashion/img/Raglan_Pocket_Tee/img_00000056.jpg,top
img/Classic_Crew_Neck_Tee/img_00000053.jpg,18,val,data/raw/deepfashion/img/Classic_Crew_Neck_Tee/img_00000053.jpg,top
img/Festive_Fete_Beaded_Blouse/img_00000035.jpg,3,val,data/raw/deepfashion/img/Festive_Fete_Beaded_Blouse/img_00000035.jpg,top
img/Desert_Trim_Bomber_Jacket/img_00000012.jpg,11,val,data/raw/deepfashion/img/Desert_Trim_Bomber_Jacket/img_00000012.jpg,top
img/City_of_NY_Tank/img_00000061.jpg,17,val,data/raw/deepfashion/img/City_of_NY_Tank/img_00000061.jpg,top
img/Slub_Knit_Dolman_Cardigan/img_00000015.jpg,6,val,data/raw/deepfashion/img/Slub_Knit_Dolman_Cardigan/img_00000015.jpg,top
img/Rolling_Stones_Graphic_Tee/img_00000002.jpg,18,val,data/raw/deepfashion/img/Rolling_Stones_Graphic_Tee/img_00000002.jpg,top
img/Burnout_Cutout-Back_Tank/img_00000024.jpg,17,val,data/raw/deepfashion/img/Burnout_Cutout-Back_Tank/img_00000024.jpg,top
img/Draped_Asymmetrical_Front_Jacket/img_00000001.jpg,11,val,data/raw/deepfashion/img/Draped_Asymmetrical_Front_Jacket/img_00000001.jpg,top
img/Chiffon_V-Neck_Blouse/img_00000130.jpg,3,val,data/raw/deepfashion/img/Chiffon_V-Neck_Blouse/img_00000130.jpg,top
img/Pintucked_Crochet-Paneled_Blouse/img_00000026.jpg,3,val,data/raw/deepfashion/img/Pintucked_Crochet-Paneled_Blouse/img_00000026.jpg,top
img/Abstract_Watercolor_Floral_Jacket/img_00000016.jpg,11,val,data/raw/deepfashion/img/Abstract_Watercolor_Floral_Jacket/img_00000016.jpg,top
img/Chunky_Knit_Longline_Cardigan/img_00000068.jpg,6,val,data/raw/deepfashion/img/Chunky_Knit_Longline_Cardigan/img_00000068.jpg,top
img/Metallic_Open-Knit_Cardigan/img_00000035.jpg,6,val,data/raw/deepfashion/img/Metallic_Open-Knit_Cardigan/img_00000035.jpg,top
img/Lace-Trimmed_Knit_Tank/img_00000030.jpg,17,val,data/raw/deepfashion/img/Lace-Trimmed_Knit_Tank/img_00000030.jpg,top
img/Favorite_Relaxed_Fit_Tank/img_00000068.jpg,17,val,data/raw/deepfashion/img/Favorite_Relaxed_Fit_Tank/img_00000068.jpg,top
img/Open-Back_Knit_Blouse/img_00000053.jpg,3,val,data/raw/deepfashion/img/Open-Back_Knit_Blouse/img_00000053.jpg,top
img/Chicago_Bulls_Faux_Leather_Top/img_00000005.jpg,19,val,data/raw/deepfashion/img/Chicago_Bulls_Faux_Leather_Top/img_00000005.jpg,top
img/Sleeveless_Classic_Woven_Blouse/img_00000096.jpg,3,val,data/raw/deepfashion/img/Sleeveless_Classic_Woven_Blouse/img_00000096.jpg,top
img/Denim_Hoodie_Jacket/img_00000066.jpg,11,val,data/raw/deepfashion/img/Denim_Hoodie_Jacket/img_00000066.jpg,top
img/Southwestern_Pattern_Longline_Cardigan/img_00000020.jpg,6,val,data/raw/deepfashion/img/Southwestern_Pattern_Longline_Cardigan/img_00000020.jpg,top
img/Faded_Denim_Jacket/img_00000023.jpg,11,val,data/raw/deepfashion/img/Faded_Denim_Jacket/img_00000023.jpg,top
img/Boxy_Polka_Dot_Pocket_Tee/img_00000042.jpg,18,val,data/raw/deepfashion/img/Boxy_Polka_Dot_Pocket_Tee/img_00000042.jpg,top
img/V-Neck_Crop_Tee/img_00000072.jpg,18,val,data/raw/deepfashion/img/V-Neck_Crop_Tee/img_00000072.jpg,top
img/World_Traveler_Muscle_Tee/img_00000001.jpg,18,val,data/raw/deepfashion/img/World_Traveler_Muscle_Tee/img_00000001.jpg,top
img/Athletic_Mesh_Sports_Tank/img_00000004.jpg,17,val,data/raw/deepfashion/img/Athletic_Mesh_Sports_Tank/img_00000004.jpg,top
img/Civil_Regime_Varsity_Striped_Mesh_Top/img_00000018.jpg,19,val,data/raw/deepfashion/img/Civil_Regime_Varsity_Striped_Mesh_Top/img_00000018.jpg,top
img/Athletic_Mesh-Paneled_Track_Jacket/img_00000002.jpg,11,val,data/raw/deepfashion/img/Athletic_Mesh-Paneled_Track_Jacket/img_00000002.jpg,top
img/Cage-Back_Crop_Top/img_00000047.jpg,19,val,data/raw/deepfashion/img/Cage-Back_Crop_Top/img_00000047.jpg,top
img/Barbie_Silhouette_Tee/img_00000024.jpg,18,val,data/raw/deepfashion/img/Barbie_Silhouette_Tee/img_00000024.jpg,top
img/Abstract_Paint_Splatter_Blouse/img_00000066.jpg,3,val,data/raw/deepfashion/img/Abstract_Paint_Splatter_Blouse/img_00000066.jpg,top
img/Textured_Shawl_Collar_Cardigan/img_00000027.jpg,6,val,data/raw/deepfashion/img/Textured_Shawl_Collar_Cardigan/img_00000027.jpg,top
img/Tupac_Graphic_Tee/img_00000048.jpg,18,val,data/raw/deepfashion/img/Tupac_Graphic_Tee/img_00000048.jpg,top
img/Always_Be_Chic_Top/img_00000057.jpg,19,val,data/raw/deepfashion/img/Always_Be_Chic_Top/img_00000057.jpg,top
img/Eagle_Graphic_Self-Tie_Tank/img_00000003.jpg,17,val,data/raw/deepfashion/img/Eagle_Graphic_Self-Tie_Tank/img_00000003.jpg,top
img/Striped_V-Neck_Jersey_Tee/img_00000078.jpg,18,val,data/raw/deepfashion/img/Striped_V-Neck_Jersey_Tee/img_00000078.jpg,top
img/Abstract_Paisley_Button-Down_Top/img_00000038.jpg,19,val,data/raw/deepfashion/img/Abstract_Paisley_Button-Down_Top/img_00000038.jpg,top
img/Linen_Pocket_Tee/img_00000053.jpg,18,val,data/raw/deepfashion/img/Linen_Pocket_Tee/img_00000053.jpg,top
img/Legends_Muscle_Tee/img_00000016.jpg,18,val,data/raw/deepfashion/img/Legends_Muscle_Tee/img_00000016.jpg,top
img/Kitty_Print_Muscle_Tee/img_00000032.jpg,18,val,data/raw/deepfashion/img/Kitty_Print_Muscle_Tee/img_00000032.jpg,top
img/Layered-Panel_Chiffon_Blouse/img_00000089.jpg,3,val,data/raw/deepfashion/img/Layered-Panel_Chiffon_Blouse/img_00000089.jpg,top
img/Heathered_Split-Neck_Tee/img_00000001.jpg,18,val,data/raw/deepfashion/img/Heathered_Split-Neck_Tee/img_00000001.jpg,top
img/Slim-Striped_Tee/img_00000015.jpg,18,val,data/raw/deepfashion/img/Slim-Striped_Tee/img_00000015.jpg,top
img/Boxy_Plaid_Flannel/img_00000048.jpg,7,val,data/raw/deepfashion/img/Boxy_Plaid_Flannel/img_00000048.jpg,top
img/City_of_NY_Tank/img_00000020.jpg,17,val,data/raw/deepfashion/img/City_of_NY_Tank/img_00000020.jpg,top
img/Palm_Tree_Tee/img_00000051.jpg,18,val,data/raw/deepfashion/img/Palm_Tree_Tee/img_00000051.jpg,top
img/Favorite_Heathered_Tank/img_00000019.jpg,17,val,data/raw/deepfashion/img/Favorite_Heathered_Tank/img_00000019.jpg,top
img/Bow-Back_Cutout_Top/img_00000016.jpg,19,val,data/raw/deepfashion/img/Bow-Back_Cutout_Top/img_00000016.jpg,top
img/Daisy_Print_Blouse/img_00000114.jpg,3,val,data/raw/deepfashion/img/Daisy_Print_Blouse/img_00000114.jpg,top
img/Marled_Dolman_Tee/img_00000003.jpg,18,val,data/raw/deepfashion/img/Marled_Dolman_Tee/img_00000003.jpg,top
img/Ikat_Print_Chiffon_Blouse/img_00000013.jpg,3,val,data/raw/deepfashion/img/Ikat_Print_Chiffon_Blouse/img_00000013.jpg,top
img/Tie-Dyed_Tank/img_00000015.jpg,17,val,data/raw/deepfashion/img/Tie-Dyed_Tank/img_00000015.jpg,top
img/Pizza_Party_Graphic_Tank/img_00000024.jpg,17,val,data/raw/deepfashion/img/Pizza_Party_Graphic_Tank/img_00000024.jpg,top
img/DARE_Muscle_Tee/img_00000014.jpg,18,val,data/raw/deepfashion/img/DARE_Muscle_Tee/img_00000014.jpg,top
img/Striped_Linen_Ringer_Tee/img_00000028.jpg,18,val,data/raw/deepfashion/img/Striped_Linen_Ringer_Tee/img_00000028.jpg,top
img/Distressed_Scoop_Neck_Tee/img_00000032.jpg,18,val,data/raw/deepfashion/img/Distressed_Scoop_Neck_Tee/img_00000032.jpg,top
img/Van_Halen_Muscle_Tee/img_00000012.jpg,18,val,data/raw/deepfashion/img/Van_Halen_Muscle_Tee/img_00000012.jpg,top
img/Floral_Print_Tie-Front_Blouse/img_00000110.jpg,3,val,data/raw/deepfashion/img/Floral_Print_Tie-Front_Blouse/img_00000110.jpg,top
img/ACDC_Graphic_Tee/img_00000003.jpg,18,val,data/raw/deepfashion/img/ACDC_Graphic_Tee/img_00000003.jpg,top
img/Ruffled_Floral_Blouse/img_00000036.jpg,3,val,data/raw/deepfashion/img/Ruffled_Floral_Blouse/img_00000036.jpg,top
img/Colorblocked_Pocket_Striped_Tee/img_00000035.jpg,18,val,data/raw/deepfashion/img/Colorblocked_Pocket_Striped_Tee/img_00000035.jpg,top
img/Stretchy_Button-Front_Denim_Jacket/img_00000020.jpg,11,val,data/raw/deepfashion/img/Stretchy_Button-Front_Denim_Jacket/img_00000020.jpg,top
img/Side-Slit_Striped_Blouse/img_00000078.jpg,3,val,data/raw/deepfashion/img/Side-Slit_Striped_Blouse/img_00000078.jpg,top
img/Pintuck_Pleated_Blouse/img_00000049.jpg,3,val,data/raw/deepfashion/img/Pintuck_Pleated_Blouse/img_00000049.jpg,top
img/Colorblocked_Bomber_Jacket/img_00000010.jpg,11,val,data/raw/deepfashion/img/Colorblocked_Bomber_Jacket/img_00000010.jpg,top
img/Embroidered_Mesh-Back_Tank/img_00000008.jpg,17,val,data/raw/deepfashion/img/Embroidered_Mesh-Back_Tank/img_00000008.jpg,top
img/Sheer_Beaded_Blouse/img_00000056.jpg,3,val,data/raw/deepfashion/img/Sheer_Beaded_Blouse/img_00000056.jpg,top
img/Embroidered_Chiffon_Blouse/img_00000116.jpg,3,val,data/raw/deepfashion/img/Embroidered_Chiffon_Blouse/img_00000116.jpg,top
img/Burnout_Racerback_Tank/img_00000042.jpg,17,val,data/raw/deepfashion/img/Burnout_Racerback_Tank/img_00000042.jpg,top
img/Sunglass_Girl_Graphic_Tee/img_00000056.jpg,18,val,data/raw/deepfashion/img/Sunglass_Girl_Graphic_Tee/img_00000056.jpg,top
img/Grumpy_Cat_Graphic_Tee/img_00000007.jpg,18,val,data/raw/deepfashion/img/Grumpy_Cat_Graphic_Tee/img_00000007.jpg,top
img/Wild_At_Heart_Tee/img_00000054.jpg,18,val,data/raw/deepfashion/img/Wild_At_Heart_Tee/img_00000054.jpg,top
img/Star_Wars_Graphic_Boxy_Tee/img_00000024.jpg,18,val,data/raw/deepfashion/img/Star_Wars_Graphic_Boxy_Tee/img_00000024.jpg,top
img/Deep-V_Draped_Blouse/img_00000099.jpg,3,val,data/raw/deepfashion/img/Deep-V_Draped_Blouse/img_00000099.jpg,top
img/Draped-Collar_Snap_Button_Jacket/img_00000044.jpg,11,val,data/raw/deepfashion/img/Draped-Collar_Snap_Button_Jacket/img_00000044.jpg,top
img/Floral_Burnout_Boxy_Tee/img_00000025.jpg,18,val,data/raw/deepfashion/img/Floral_Burnout_Boxy_Tee/img_00000025.jpg,top
img/Crochet_Woven_Blouse/img_00000053.jpg,3,val,data/raw/deepfashion/img/Crochet_Woven_Blouse/img_00000053.jpg,top
img/Basic_Athletic_Racerback_Tank/img_00000043.jpg,17,val,data/raw/deepfashion/img/Basic_Athletic_Racerback_Tank/img_00000043.jpg,top
img/LA_Sneaker_Muscle_Tee/img_00000015.jpg,18,val,data/raw/deepfashion/img/LA_Sneaker_Muscle_Tee/img_00000015.jpg,top
img/Distressed_Pocket_Tee/img_00000038.jpg,18,val,data/raw/deepfashion/img/Distressed_Pocket_Tee/img_00000038.jpg,top
img/Zippered_Mesh-Paneled_Tee/img_00000036.jpg,18,val,data/raw/deepfashion/img/Zippered_Mesh-Paneled_Tee/img_00000036.jpg,top
img/Asymmetric_Zipper_Cardigan/img_00000002.jpg,6,val,data/raw/deepfashion/img/Asymmetric_Zipper_Cardigan/img_00000002.jpg,top
img/Baseball_Muscle_Tee/img_00000049.jpg,18,val,data/raw/deepfashion/img/Baseball_Muscle_Tee/img_00000049.jpg,top
img/Bandana_Print-Paneled_Tee/img_00000039.jpg,18,val,data/raw/deepfashion/img/Bandana_Print-Paneled_Tee/img_00000039.jpg,top
img/Abstract_Grid_Print_Top/img_00000034.jpg,19,val,data/raw/deepfashion/img/Abstract_Grid_Print_Top/img_00000034.jpg,top
img/Woven_Wrap_Cardigan/img_00000056.jpg,6,val,data/raw/deepfashion/img/Woven_Wrap_Cardigan/img_00000056.jpg,top
img/Tribal_Print_Tee/img_00000020.jpg,18,val,data/raw/deepfashion/img/Tribal_Print_Tee/img_00000020.jpg,top
img/Pintucked_Chiffon_Blouse/img_00000026.jpg,3,val,data/raw/deepfashion/img/Pintucked_Chiffon_Blouse/img_00000026.jpg,top
img/Sateen_V-Neck_Dolphin_Blouse/img_00000075.jpg,3,val,data/raw/deepfashion/img/Sateen_V-Neck_Dolphin_Blouse/img_00000075.jpg,top
img/Cropped_Faux_Fur_Jacket/img_00000074.jpg,11,val,data/raw/deepfashion/img/Cropped_Faux_Fur_Jacket/img_00000074.jpg,top
img/Tartan_Plaid_Chiffon_Blouse/img_00000080.jpg,3,val,data/raw/deepfashion/img/Tartan_Plaid_Chiffon_Blouse/img_00000080.jpg,top
img/Striped_Tribal_Print_Blouse/img_00000053.jpg,3,val,data/raw/deepfashion/img/Striped_Tribal_Print_Blouse/img_00000053.jpg,top
img/Dotted_Chiffon_Blouse/img_00000002.jpg,3,val,data/raw/deepfashion/img/Dotted_Chiffon_Blouse/img_00000002.jpg,top
img/Contrast-Piped_Blouse/img_00000125.jpg,3,val,data/raw/deepfashion/img/Contrast-Piped_Blouse/img_00000125.jpg,top
img/Southwestern_Pattern_Longline_Cardigan/img_00000013.jpg,6,val,data/raw/deepfashion/img/Southwestern_Pattern_Longline_Cardigan/img_00000013.jpg,top
img/Stitch_Mineral_Wash_Tee/img_00000005.jpg,18,val,data/raw/deepfashion/img/Stitch_Mineral_Wash_Tee/img_00000005.jpg,top
img/Classic_Woven_Top/img_00000019.jpg,19,val,data/raw/deepfashion/img/Classic_Woven_Top/img_00000019.jpg,top
img/Beaded_Laser-Cut_Blouse/img_00000017.jpg,3,val,data/raw/deepfashion/img/Beaded_Laser-Cut_Blouse/img_00000017.jpg,top
img/Pintuck_Pleated_Blouse/img_00000035.jpg,3,val,data/raw/deepfashion/img/Pintuck_Pleated_Blouse/img_00000035.jpg,top
img/Bandana_Print_Crop_Top/img_00000064.jpg,19,val,data/raw/deepfashion/img/Bandana_Print_Crop_Top/img_00000064.jpg,top
img/Classic_Halter_Top/img_00000017.jpg,19,val,data/raw/deepfashion/img/Classic_Halter_Top/img_00000017.jpg,top
img/Champagne_Slub_Knit_Top/img_00000042.jpg,19,val,data/raw/deepfashion/img/Champagne_Slub_Knit_Top/img_00000042.jpg,top
img/Marled_Knit_Tee/img_00000013.jpg,18,val,data/raw/deepfashion/img/Marled_Knit_Tee/img_00000013.jpg,top
img/Kimono-Sleeved_Paisley_Blouse/img_00000083.jpg,3,val,data/raw/deepfashion/img/Kimono-Sleeved_Paisley_Blouse/img_00000083.jpg,top
img/Tasseled_Neckline_Stripe_Blouse/img_00000079.jpg,3,val,data/raw/deepfashion/img/Tasseled_Neckline_Stripe_Blouse/img_00000079.jpg,top
img/Pleated_Floral_Print_Blouse/img_00000084.jpg,3,val,data/raw/deepfashion/img/Pleated_Floral_Print_Blouse/img_00000084.jpg,top
img/Brooklyn_Nets_Jersey_Tank_Top/img_00000074.jpg,19,val,data/raw/deepfashion/img/Brooklyn_Nets_Jersey_Tank_Top/img_00000074.jpg,top
img/ACDC_Graphic_Tee/img_00000042.jpg,18,val,data/raw/deepfashion/img/ACDC_Graphic_Tee/img_00000042.jpg,top
img/Classic_Trapeze_Tank/img_00000027.jpg,17,val,data/raw/deepfashion/img/Classic_Trapeze_Tank/img_00000027.jpg,top
img/Chiffon_Plaid_Blouse/img_00000072.jpg,3,val,data/raw/deepfashion/img/Chiffon_Plaid_Blouse/img_00000072.jpg,top
img/Best_Friend_Muscle_Tee/img_00000016.jpg,18,val,data/raw/deepfashion/img/Best_Friend_Muscle_Tee/img_00000016.jpg,top
img/Tribal-Inspired_Print_Tank/img_00000033.jpg,17,val,data/raw/deepfashion/img/Tribal-Inspired_Print_Tank/img_00000033.jpg,top
img/Boxy_Crepe_Top/img_00000032.jpg,19,val,data/raw/deepfashion/img/Boxy_Crepe_Top/img_00000032.jpg,top
img/Led_Zeppelin_Muscle_Tee/img_00000030.jpg,18,val,data/raw/deepfashion/img/Led_Zeppelin_Muscle_Tee/img_00000030.jpg,top
img/Beaded_Chiffon_Top/img_00000001.jpg,19,val,data/raw/deepfashion/img/Beaded_Chiffon_Top/img_00000001.jpg,top
img/Faux_Leather_Moto_Jacket/img_00000035.jpg,11,val,data/raw/deepfashion/img/Faux_Leather_Moto_Jacket/img_00000035.jpg,top
img/Sleek_Draped_Blouse/img_00000115.jpg,3,val,data/raw/deepfashion/img/Sleek_Draped_Blouse/img_00000115.jpg,top
img/Classic_Cotton_Jersey_Tee/img_00000052.jpg,18,val,data/raw/deepfashion/img/Classic_Cotton_Jersey_Tee/img_00000052.jpg,top
img/Dusty_Rose_Blouse/img_00000048.jpg,3,val,data/raw/deepfashion/img/Dusty_Rose_Blouse/img_00000048.jpg,top
img/Leave_Me_Alone_Tee/img_00000029.jpg,18,val,data/raw/deepfashion/img/Leave_Me_Alone_Tee/img_00000029.jpg,top
img/Abstract_Paint_Splatter_Blouse/img_00000043.jpg,3,val,data/raw/deepfashion/img/Abstract_Paint_Splatter_Blouse/img_00000043.jpg,top
img/Ditsy_Floral_Print_Blouse/img_00000085.jpg,3,val,data/raw/deepfashion/img/Ditsy_Floral_Print_Blouse/img_00000085.jpg,top
img/NYC_Graphic_Tee/img_00000053.jpg,18,val,data/raw/deepfashion/img/NYC_Graphic_Tee/img_00000053.jpg,top
img/Waffle-Textured_Moto_Jacket/img_00000040.jpg,11,val,data/raw/deepfashion/img/Waffle-Textured_Moto_Jacket/img_00000040.jpg,top
img/Collarless_Popover_Blouse/img_00000022.jpg,3,val,data/raw/deepfashion/img/Collarless_Popover_Blouse/img_00000022.jpg,top
img/Pleated_Dolman_Tee/img_00000003.jpg,18,val,data/raw/deepfashion/img/Pleated_Dolman_Tee/img_00000003.jpg,top
img/Raw-Edged_Muscle_Tee/img_00000005.jpg,18,val,data/raw/deepfashion/img/Raw-Edged_Muscle_Tee/img_00000005.jpg,top
img/Remixed_Regent_Crochet_Lace_Tank/img_00000004.jpg,17,val,data/raw/deepfashion/img/Remixed_Regent_Crochet_Lace_Tank/img_00000004.jpg,top
img/Sheer_Pleated-Front_Blouse/img_00000122.jpg,3,val,data/raw/deepfashion/img/Sheer_Pleated-Front_Blouse/img_00000122.jpg,top
img/Wander_With_Love_Tank/img_00000039.jpg,17,val,data/raw/deepfashion/img/Wander_With_Love_Tank/img_00000039.jpg,top
img/Structured_Quilted_Jacket/img_00000035.jpg,11,val,data/raw/deepfashion/img/Structured_Quilted_Jacket/img_00000035.jpg,top
img/Colorblocked_Bomber_Jacket/img_00000021.jpg,11,val,data/raw/deepfashion/img/Colorblocked_Bomber_Jacket/img_00000021.jpg,top
img/Pintucked_Chiffon_Blouse/img_00000048.jpg,3,val,data/raw/deepfashion/img/Pintucked_Chiffon_Blouse/img_00000048.jpg,top
img/Guns_N_Roses_Muscle_Tee/img_00000006.jpg,18,val,data/raw/deepfashion/img/Guns_N_Roses_Muscle_Tee/img_00000006.jpg,top
img/Tiered_Tie-Front_Cardigan/img_00000045.jpg,6,val,data/raw/deepfashion/img/Tiered_Tie-Front_Cardigan/img_00000045.jpg,top
img/Faux_Fur_Bomber_Jacket/img_00000082.jpg,11,val,data/raw/deepfashion/img/Faux_Fur_Bomber_Jacket/img_00000082.jpg,top
img/Semi-Sheer_Racerback_Tank/img_00000033.jpg,17,val,data/raw/deepfashion/img/Semi-Sheer_Racerback_Tank/img_00000033.jpg,top
img/Macram&eacute;-Back_LA_Tank/img_00000017.jpg,17,val,data/raw/deepfashion/img/Macram&eacute;-Back_LA_Tank/img_00000017.jpg,top
img/Cable_Knit_Cardigan/img_00000017.jpg,6,val,data/raw/deepfashion/img/Cable_Knit_Cardigan/img_00000017.jpg,top
img/Side-Slit_Collared_Blouse/img_00000103.jpg,3,val,data/raw/deepfashion/img/Side-Slit_Collared_Blouse/img_00000103.jpg,top
img/Striped_V-Neck_Jersey_Tee/img_00000077.jpg,18,val,data/raw/deepfashion/img/Striped_V-Neck_Jersey_Tee/img_00000077.jpg,top
img/Flat_Collar_Woven_Blouse/img_00000084.jpg,3,val,data/raw/deepfashion/img/Flat_Collar_Woven_Blouse/img_00000084.jpg,top
img/Woven_Chelsea_Collar_Blouse/img_00000053.jpg,3,val,data/raw/deepfashion/img/Woven_Chelsea_Collar_Blouse/img_00000053.jpg,top
img/Metallic_Polka_Dot_Blouse/img_00000017.jpg,3,val,data/raw/deepfashion/img/Metallic_Polka_Dot_Blouse/img_00000017.jpg,top
img/Floral_Flutter_Sleeve_Blouse/img_00000055.jpg,3,val,data/raw/deepfashion/img/Floral_Flutter_Sleeve_Blouse/img_00000055.jpg,top
img/Things_I_Love_Tee/img_00000009.jpg,18,val,data/raw/deepfashion/img/Things_I_Love_Tee/img_00000009.jpg,top
img/Dotted_Chiffon_Blouse/img_00000136.jpg,3,val,data/raw/deepfashion/img/Dotted_Chiffon_Blouse/img_00000136.jpg,top
img/Sky_Culture_Kid_Cloud_Stars_Tee/img_00000013.jpg,18,val,data/raw/deepfashion/img/Sky_Culture_Kid_Cloud_Stars_Tee/img_00000013.jpg,top
img/Basic_Heathered_Tee/img_00000036.jpg,18,val,data/raw/deepfashion/img/Basic_Heathered_Tee/img_00000036.jpg,top
img/Classic_Georgette_Top/img_00000035.jpg,19,val,data/raw/deepfashion/img/Classic_Georgette_Top/img_00000035.jpg,top
img/Serious_Graphic_Muscle_Tee/img_00000015.jpg,18,val,data/raw/deepfashion/img/Serious_Graphic_Muscle_Tee/img_00000015.jpg,top
img/Quilted_&_Hooded_Utility_Jacket/img_00000020.jpg,11,val,data/raw/deepfashion/img/Quilted_&_Hooded_Utility_Jacket/img_00000020.jpg,top
img/Manhattan_Graphic_Tee/img_00000013.jpg,18,val,data/raw/deepfashion/img/Manhattan_Graphic_Tee/img_00000013.jpg,top
img/Hooded_Puffer_Jacket/img_00000064.jpg,11,val,data/raw/deepfashion/img/Hooded_Puffer_Jacket/img_00000064.jpg,top
img/Angular_Colorblock_Blouse/img_00000006.jpg,3,val,data/raw/deepfashion/img/Angular_Colorblock_Blouse/img_00000006.jpg,top
img/Longline_Tulip-Back_Tee/img_00000002.jpg,18,val,data/raw/deepfashion/img/Longline_Tulip-Back_Tee/img_00000002.jpg,top
img/Batwing_Open-Front_Cardigan/img_00000041.jpg,6,val,data/raw/deepfashion/img/Batwing_Open-Front_Cardigan/img_00000041.jpg,top
img/Abstract_Daisy_Print_Blouse/img_00000064.jpg,3,val,data/raw/deepfashion/img/Abstract_Daisy_Print_Blouse/img_00000064.jpg,top
img/Ciao_Bella_Graphic_Tank/img_00000037.jpg,17,val,data/raw/deepfashion/img/Ciao_Bella_Graphic_Tank/img_00000037.jpg,top
img/Bandana_Print-Paneled_Tee/img_00000026.jpg,18,val,data/raw/deepfashion/img/Bandana_Print-Paneled_Tee/img_00000026.jpg,top
img/Windowpane_Print_Blouse/img_00000018.jpg,3,val,data/raw/deepfashion/img/Windowpane_Print_Blouse/img_00000018.jpg,top
img/Cap-Sleeved_Lace_Blouse/img_00000099.jpg,3,val,data/raw/deepfashion/img/Cap-Sleeved_Lace_Blouse/img_00000099.jpg,top
img/Pleated_Crepe_Woven_Blouse/img_00000040.jpg,3,val,data/raw/deepfashion/img/Pleated_Crepe_Woven_Blouse/img_00000040.jpg,top
img/Heathered_Ribbed-Knit_Cardigan/img_00000011.jpg,6,val,data/raw/deepfashion/img/Heathered_Ribbed-Knit_Cardigan/img_00000011.jpg,top
img/Bow-Front_Pintucked_Blouse/img_00000035.jpg,3,val,data/raw/deepfashion/img/Bow-Front_Pintucked_Blouse/img_00000035.jpg,top
img/V-Neck_Crop_Tee/img_00000087.jpg,18,val,data/raw/deepfashion/img/V-Neck_Crop_Tee/img_00000087.jpg,top
img/Asymmetric_Zip-Front_Cardigan/img_00000024.jpg,6,val,data/raw/deepfashion/img/Asymmetric_Zip-Front_Cardigan/img_00000024.jpg,top
img/Boxy_Cutout_Top/img_00000021.jpg,19,val,data/raw/deepfashion/img/Boxy_Cutout_Top/img_00000021.jpg,top
img/Floral_Printed_Side-Tie_Blouse/img_00000026.jpg,3,val,data/raw/deepfashion/img/Floral_Printed_Side-Tie_Blouse/img_00000026.jpg,top
img/Tasseled_Abstract_Floral_Cardigan/img_00000021.jpg,6,val,data/raw/deepfashion/img/Tasseled_Abstract_Floral_Cardigan/img_00000021.jpg,top
img/Faux_Suede_Fringe_Jacket/img_00000027.jpg,11,val,data/raw/deepfashion/img/Faux_Suede_Fringe_Jacket/img_00000027.jpg,top
img/So_Tired_Graphic_Tee/img_00000030.jpg,18,val,data/raw/deepfashion/img/So_Tired_Graphic_Tee/img_00000030.jpg,top
img/Tiered_Tie-Front_Cardigan/img_00000061.jpg,6,val,data/raw/deepfashion/img/Tiered_Tie-Front_Cardigan/img_00000061.jpg,top
img/Desert_Trim_Bomber_Jacket/img_00000024.jpg,11,val,data/raw/deepfashion/img/Desert_Trim_Bomber_Jacket/img_00000024.jpg,top
img/So_Tired_Graphic_Tee/img_00000005.jpg,18,val,data/raw/deepfashion/img/So_Tired_Graphic_Tee/img_00000005.jpg,top
img/Embroidered_Southwestern_Pattern_Jacket/img_00000009.jpg,11,val,data/raw/deepfashion/img/Embroidered_Southwestern_Pattern_Jacket/img_00000009.jpg,top
img/NY_Muscle_Tee/img_00000029.jpg,18,val,data/raw/deepfashion/img/NY_Muscle_Tee/img_00000029.jpg,top
img/Side-Slit_Striped_Blouse/img_00000100.jpg,3,val,data/raw/deepfashion/img/Side-Slit_Striped_Blouse/img_00000100.jpg,top
img/Boxy_Open_Mesh_Top/img_00000055.jpg,19,val,data/raw/deepfashion/img/Boxy_Open_Mesh_Top/img_00000055.jpg,top
img/Classic_Crepe_Blouse/img_00000037.jpg,3,val,data/raw/deepfashion/img/Classic_Crepe_Blouse/img_00000037.jpg,top
img/Paneled_Faux_Leather_Bomber_Jacket/img_00000007.jpg,11,val,data/raw/deepfashion/img/Paneled_Faux_Leather_Bomber_Jacket/img_00000007.jpg,top
img/Striped_Bow-Back_Tank/img_00000051.jpg,17,val,data/raw/deepfashion/img/Striped_Bow-Back_Tank/img_00000051.jpg,top
img/Micro-Striped_Tank/img_00000026.jpg,17,val,data/raw/deepfashion/img/Micro-Striped_Tank/img_00000026.jpg,top
img/Destroyed_Linen_Tee/img_00000041.jpg,18,val,data/raw/deepfashion/img/Destroyed_Linen_Tee/img_00000041.jpg,top
img/Split-Back_Pleated_Blouse/img_00000122.jpg,3,val,data/raw/deepfashion/img/Split-Back_Pleated_Blouse/img_00000122.jpg,top
img/Semi-Sheer_Linen_Tee/img_00000025.jpg,18,val,data/raw/deepfashion/img/Semi-Sheer_Linen_Tee/img_00000025.jpg,top
img/Boyfriend_Graphic_Tee/img_00000077.jpg,18,val,data/raw/deepfashion/img/Boyfriend_Graphic_Tee/img_00000077.jpg,top
img/Floral_Chiffon_Blouse/img_00000105.jpg,3,val,data/raw/deepfashion/img/Floral_Chiffon_Blouse/img_00000105.jpg,top
img/Boxy_Pocket_Tee/img_00000060.jpg,18,val,data/raw/deepfashion/img/Boxy_Pocket_Tee/img_00000060.jpg,top
img/Be_Happy_Knit_&_Woven_Tee/img_00000004.jpg,18,val,data/raw/deepfashion/img/Be_Happy_Knit_&_Woven_Tee/img_00000004.jpg,top
img/Hidden_Zippered_Placket_Blouse/img_00000031.jpg,3,val,data/raw/deepfashion/img/Hidden_Zippered_Placket_Blouse/img_00000031.jpg,top
img/Elephant_Print_Tee/img_00000039.jpg,18,val,data/raw/deepfashion/img/Elephant_Print_Tee/img_00000039.jpg,top
img/Cropped_Baseball_Raglan_Tee/img_00000024.jpg,18,val,data/raw/deepfashion/img/Cropped_Baseball_Raglan_Tee/img_00000024.jpg,top
img/Boxy_Tank_Top/img_00000037.jpg,19,val,data/raw/deepfashion/img/Boxy_Tank_Top/img_00000037.jpg,top
img/Safari_Animal_Print_Tank/img_00000042.jpg,17,val,data/raw/deepfashion/img/Safari_Animal_Print_Tank/img_00000042.jpg,top
img/Boxy_Rose_Print_Tee/img_00000035.jpg,18,val,data/raw/deepfashion/img/Boxy_Rose_Print_Tee/img_00000035.jpg,top
img/Boat_Neck_Heathered_Top/img_00000057.jpg,19,val,data/raw/deepfashion/img/Boat_Neck_Heathered_Top/img_00000057.jpg,top
img/Faded_Denim_Jacket/img_00000057.jpg,11,val,data/raw/deepfashion/img/Faded_Denim_Jacket/img_00000057.jpg,top
img/Rose-Embroidered_Gauze_Tank/img_00000003.jpg,17,val,data/raw/deepfashion/img/Rose-Embroidered_Gauze_Tank/img_00000003.jpg,top
img/LEEF_PARIS_Holographic_Faux_Leather-Paneled_Tee/img_00000014.jpg,18,val,data/raw/deepfashion/img/LEEF_PARIS_Holographic_Faux_Leather-Paneled_Tee/img_00000014.jpg,top
img/Abstract_Paint_Splatter_Blouse/img_00000046.jpg,3,val,data/raw/deepfashion/img/Abstract_Paint_Splatter_Blouse/img_00000046.jpg,top
img/Los_Angeles_Muscle_Tee/img_00000005.jpg,18,val,data/raw/deepfashion/img/Los_Angeles_Muscle_Tee/img_00000005.jpg,top
img/Draped_Chiffon_Jacket/img_00000014.jpg,11,val,data/raw/deepfashion/img/Draped_Chiffon_Jacket/img_00000014.jpg,top
img/Textured_Crosshatch_Dolman_Tee/img_00000002.jpg,18,val,data/raw/deepfashion/img/Textured_Crosshatch_Dolman_Tee/img_00000002.jpg,top
img/Yes_Please_Paneled_Tee/img_00000015.jpg,18,val,data/raw/deepfashion/img/Yes_Please_Paneled_Tee/img_00000015.jpg,top
img/Vertical_Stripe_Tee/img_00000022.jpg,18,val,data/raw/deepfashion/img/Vertical_Stripe_Tee/img_00000022.jpg,top
img/Floral_Print_Tee/img_00000045.jpg,18,val,data/raw/deepfashion/img/Floral_Print_Tee/img_00000045.jpg,top
img/The_Doors_Muscle_Tee/img_00000041.jpg,18,val,data/raw/deepfashion/img/The_Doors_Muscle_Tee/img_00000041.jpg,top
img/Pleated_Front_Blouse/img_00000067.jpg,3,val,data/raw/deepfashion/img/Pleated_Front_Blouse/img_00000067.jpg,top
img/Tupac_Muscle_Tee/img_00000031.jpg,18,val,data/raw/deepfashion/img/Tupac_Muscle_Tee/img_00000031.jpg,top
img/Cage-Back_Crop_Top/img_00000055.jpg,19,val,data/raw/deepfashion/img/Cage-Back_Crop_Top/img_00000055.jpg,top
img/High-Neck_Sheer_Blouse/img_00000054.jpg,3,val,data/raw/deepfashion/img/High-Neck_Sheer_Blouse/img_00000054.jpg,top
img/Collarless_Moto_Jacket/img_00000008.jpg,11,val,data/raw/deepfashion/img/Collarless_Moto_Jacket/img_00000008.jpg,top
img/Geo_Striped_Cardigan/img_00000023.jpg,6,val,data/raw/deepfashion/img/Geo_Striped_Cardigan/img_00000023.jpg,top
img/Polka_Dot_Chambray_Button-Down/img_00000036.jpg,5,val,data/raw/deepfashion/img/Polka_Dot_Chambray_Button-Down/img_00000036.jpg,top
img/Dreamcatcher_Muscle_Tee/img_00000055.jpg,18,val,data/raw/deepfashion/img/Dreamcatcher_Muscle_Tee/img_00000055.jpg,top
img/LEEF_PARIS_Abstract_Geo_Print_Tee/img_00000028.jpg,18,val,data/raw/deepfashion/img/LEEF_PARIS_Abstract_Geo_Print_Tee/img_00000028.jpg,top
img/Floral_Print_Tie-Front_Blouse/img_00000044.jpg,3,val,data/raw/deepfashion/img/Floral_Print_Tie-Front_Blouse/img_00000044.jpg,top
img/Pintuck_Pleated_Blouse/img_00000027.jpg,3,val,data/raw/deepfashion/img/Pintuck_Pleated_Blouse/img_00000027.jpg,top
img/Baseball_Muscle_Tee/img_00000045.jpg,18,val,data/raw/deepfashion/img/Baseball_Muscle_Tee/img_00000045.jpg,top
img/Surfer_Girls_Tee/img_00000020.jpg,18,val,data/raw/deepfashion/img/Surfer_Girls_Tee/img_00000020.jpg,top
img/Embroidered_Mesh_Cardigan/img_00000046.jpg,6,val,data/raw/deepfashion/img/Embroidered_Mesh_Cardigan/img_00000046.jpg,top
img/Pintucked_Button-Down_Blouse/img_00000010.jpg,3,val,data/raw/deepfashion/img/Pintucked_Button-Down_Blouse/img_00000010.jpg,top
img/Heathered_Chiffon-Paneled_Tee/img_00000001.jpg,18,val,data/raw/deepfashion/img/Heathered_Chiffon-Paneled_Tee/img_00000001.jpg,top
img/Braided_T-Back_Tank/img_00000008.jpg,17,val,data/raw/deepfashion/img/Braided_T-Back_Tank/img_00000008.jpg,top
img/Hashtags_Graphic_Muscle_Tee/img_00000004.jpg,18,val,data/raw/deepfashion/img/Hashtags_Graphic_Muscle_Tee/img_00000004.jpg,top
img/Diamond_Pattern_Cardigan/img_00000054.jpg,6,val,data/raw/deepfashion/img/Diamond_Pattern_Cardigan/img_00000054.jpg,top
img/Heathered_Crew_Neck_Tee/img_00000037.jpg,18,val,data/raw/deepfashion/img/Heathered_Crew_Neck_Tee/img_00000037.jpg,top
img/Heathered_Colorblock_Tee/img_00000007.jpg,18,val,data/raw/deepfashion/img/Heathered_Colorblock_Tee/img_00000007.jpg,top
img/Mesh-Trimmed_Bib_Blouse/img_00000083.jpg,3,val,data/raw/deepfashion/img/Mesh-Trimmed_Bib_Blouse/img_00000083.jpg,top
img/Brooklyn_Nets_Baseball_Tee/img_00000046.jpg,18,val,data/raw/deepfashion/img/Brooklyn_Nets_Baseball_Tee/img_00000046.jpg,top
img/Open-Front_Cardigan/img_00000037.jpg,6,val,data/raw/deepfashion/img/Open-Front_Cardigan/img_00000037.jpg,top
img/R2-D2_Graphic_Tank/img_00000010.jpg,17,val,data/raw/deepfashion/img/R2-D2_Graphic_Tank/img_00000010.jpg,top
img/Wake_Me_Up_Graphic_Tank/img_00000011.jpg,17,val,data/raw/deepfashion/img/Wake_Me_Up_Graphic_Tank/img_00000011.jpg,top
img/Batwing_Open-Front_Cardigan/img_00000023.jpg,6,val,data/raw/deepfashion/img/Batwing_Open-Front_Cardigan/img_00000023.jpg,top
img/Lace_Open-Knit_Cardigan/img_00000042.jpg,6,val,data/raw/deepfashion/img/Lace_Open-Knit_Cardigan/img_00000042.jpg,top
img/Layered-Panel_Chiffon_Blouse/img_00000003.jpg,3,val,data/raw/deepfashion/img/Layered-Panel_Chiffon_Blouse/img_00000003.jpg,top
img/Waffle_Knit_Cardigan/img_00000062.jpg,6,val,data/raw/deepfashion/img/Waffle_Knit_Cardigan/img_00000062.jpg,top
img/Ruffled_Tie-Neck_Blouse/img_00000026.jpg,3,val,data/raw/deepfashion/img/Ruffled_Tie-Neck_Blouse/img_00000026.jpg,top
img/Twisted_Open-Back_Tee/img_00000019.jpg,18,val,data/raw/deepfashion/img/Twisted_Open-Back_Tee/img_00000019.jpg,top
img/Boxy_Side-Slit_Stripe_Tee/img_00000040.jpg,18,val,data/raw/deepfashion/img/Boxy_Side-Slit_Stripe_Tee/img_00000040.jpg,top
img/Bow_Back_Striped_Top/img_00000049.jpg,19,val,data/raw/deepfashion/img/Bow_Back_Striped_Top/img_00000049.jpg,top
img/Colorblocked_Crew_Neck_Tee/img_00000064.jpg,18,val,data/raw/deepfashion/img/Colorblocked_Crew_Neck_Tee/img_00000064.jpg,top
img/Buttoned_Cami_Crop_Top/img_00000032.jpg,19,val,data/raw/deepfashion/img/Buttoned_Cami_Crop_Top/img_00000032.jpg,top
img/Life_in_Progress_Boxy_Denim_Jacket/img_00000039.jpg,11,val,data/raw/deepfashion/img/Life_in_Progress_Boxy_Denim_Jacket/img_00000039.jpg,top
img/Draped_Knit_Cardigan/img_00000045.jpg,6,val,data/raw/deepfashion/img/Draped_Knit_Cardigan/img_00000045.jpg,top
img/Heathered_Side-Zipper_Tee/img_00000015.jpg,18,val,data/raw/deepfashion/img/Heathered_Side-Zipper_Tee/img_00000015.jpg,top
img/Open-Back_Knit_Blouse/img_00000013.jpg,3,val,data/raw/deepfashion/img/Open-Back_Knit_Blouse/img_00000013.jpg,top
img/The_Doors_Muscle_Tee/img_00000012.jpg,18,val,data/raw/deepfashion/img/The_Doors_Muscle_Tee/img_00000012.jpg,top
img/Micro-Stripe_V-Neck_Tee/img_00000030.jpg,18,val,data/raw/deepfashion/img/Micro-Stripe_V-Neck_Tee/img_00000030.jpg,top
img/New_Clothes_Tee/img_00000034.jpg,18,val,data/raw/deepfashion/img/New_Clothes_Tee/img_00000034.jpg,top
img/Classic_Cotton_Knit_Tee/img_00000017.jpg,18,val,data/raw/deepfashion/img/Classic_Cotton_Knit_Tee/img_00000017.jpg,top
img/Brocade_Floral_Peplum_Top/img_00000018.jpg,19,val,data/raw/deepfashion/img/Brocade_Floral_Peplum_Top/img_00000018.jpg,top
img/Scoop_Neck_Tee/img_00000040.jpg,18,val,data/raw/deepfashion/img/Scoop_Neck_Tee/img_00000040.jpg,top
img/Boxy_Split-Neck_Blouse/img_00000075.jpg,3,val,data/raw/deepfashion/img/Boxy_Split-Neck_Blouse/img_00000075.jpg,top
img/Striped_Burger_Tee/img_00000022.jpg,18,val,data/raw/deepfashion/img/Striped_Burger_Tee/img_00000022.jpg,top
img/Brooklyn_Nets_Jersey_Top/img_00000051.jpg,19,val,data/raw/deepfashion/img/Brooklyn_Nets_Jersey_Top/img_00000051.jpg,top
img/Bell_Sleeve_Georgette_Blouse/img_00000063.jpg,3,val,data/raw/deepfashion/img/Bell_Sleeve_Georgette_Blouse/img_00000063.jpg,top
img/Pizza_Party_Tee/img_00000039.jpg,18,val,data/raw/deepfashion/img/Pizza_Party_Tee/img_00000039.jpg,top
img/Hooded_Puffer_Jacket/img_00000004.jpg,11,val,data/raw/deepfashion/img/Hooded_Puffer_Jacket/img_00000004.jpg,top
img/Layered_Chiffon_Blouse/img_00000076.jpg,3,val,data/raw/deepfashion/img/Layered_Chiffon_Blouse/img_00000076.jpg,top
img/Wild_MTV_Tee/img_00000021.jpg,18,val,data/raw/deepfashion/img/Wild_MTV_Tee/img_00000021.jpg,top
img/Floral_Print_Racerback_Tank/img_00000008.jpg,17,val,data/raw/deepfashion/img/Floral_Print_Racerback_Tank/img_00000008.jpg,top
img/Hooded_Moto_Jacket/img_00000028.jpg,11,val,data/raw/deepfashion/img/Hooded_Moto_Jacket/img_00000028.jpg,top
img/Hooded_Varsity_Jacket/img_00000071.jpg,11,val,data/raw/deepfashion/img/Hooded_Varsity_Jacket/img_00000071.jpg,top
img/Abstract_Print_Off-the-Shoulder_Top/img_00000041.jpg,19,val,data/raw/deepfashion/img/Abstract_Print_Off-the-Shoulder_Top/img_00000041.jpg,top
img/Drawstring_Cargo_Capris/img_00000018.jpg,21,val,data/raw/deepfashion/img/Drawstring_Cargo_Capris/img_00000018.jpg,top
img/Leopard_Print-Pocket_Tank/img_00000046.jpg,17,val,data/raw/deepfashion/img/Leopard_Print-Pocket_Tank/img_00000046.jpg,top
img/Pleated_Chiffon_Blouse/img_00000095.jpg,3,val,data/raw/deepfashion/img/Pleated_Chiffon_Blouse/img_00000095.jpg,top
img/Corn_Crop_Ringer_Tee/img_00000009.jpg,18,val,data/raw/deepfashion/img/Corn_Crop_Ringer_Tee/img_00000009.jpg,top
img/Asymmetrical_Hem_Tee/img_00000040.jpg,18,val,data/raw/deepfashion/img/Asymmetrical_Hem_Tee/img_00000040.jpg,top
img/Ditsy_Floral_Print_Blouse/img_00000018.jpg,3,val,data/raw/deepfashion/img/Ditsy_Floral_Print_Blouse/img_00000018.jpg,top
img/Married_To_The_Mob_Feminist_Tank/img_00000010.jpg,17,val,data/raw/deepfashion/img/Married_To_The_Mob_Feminist_Tank/img_00000010.jpg,top
img/Layered_Crepe_Blouse/img_00000051.jpg,3,val,data/raw/deepfashion/img/Layered_Crepe_Blouse/img_00000051.jpg,top
img/Hooded_Chenille_Cardigan/img_00000003.jpg,6,val,data/raw/deepfashion/img/Hooded_Chenille_Cardigan/img_00000003.jpg,top
img/Ornate_Floral_Print_Jacket/img_00000018.jpg,11,val,data/raw/deepfashion/img/Ornate_Floral_Print_Jacket/img_00000018.jpg,top
img/Boxy_Abstract_Print_Tee/img_00000014.jpg,18,val,data/raw/deepfashion/img/Boxy_Abstract_Print_Tee/img_00000014.jpg,top
img/Baroque-Patterned_Lace_Top/img_00000030.jpg,19,val,data/raw/deepfashion/img/Baroque-Patterned_Lace_Top/img_00000030.jpg,top
img/Linen_Pocket_Tee/img_00000022.jpg,18,val,data/raw/deepfashion/img/Linen_Pocket_Tee/img_00000022.jpg,top
img/I_Glow_Graphic_Tank/img_00000013.jpg,17,val,data/raw/deepfashion/img/I_Glow_Graphic_Tank/img_00000013.jpg,top
img/Abstract_Geo_Crop_Top/img_00000007.jpg,19,val,data/raw/deepfashion/img/Abstract_Geo_Crop_Top/img_00000007.jpg,top
img/Polka_Dot_Print_Blouse/img_00000111.jpg,3,val,data/raw/deepfashion/img/Polka_Dot_Print_Blouse/img_00000111.jpg,top
img/Married_To_The_Mob_Next_Tee/img_00000052.jpg,18,val,data/raw/deepfashion/img/Married_To_The_Mob_Next_Tee/img_00000052.jpg,top
img/Aerosmith_Raglan_Top/img_00000022.jpg,19,val,data/raw/deepfashion/img/Aerosmith_Raglan_Top/img_00000022.jpg,top
img/Embroidered_Ornate_Stripe_Tee/img_00000008.jpg,18,val,data/raw/deepfashion/img/Embroidered_Ornate_Stripe_Tee/img_00000008.jpg,top
img/Upside-Down_Eiffel_Tower_Tee/img_00000018.jpg,18,val,data/raw/deepfashion/img/Upside-Down_Eiffel_Tower_Tee/img_00000018.jpg,top
img/Braided_Racerback_Athletic_Tank/img_00000026.jpg,17,val,data/raw/deepfashion/img/Braided_Racerback_Athletic_Tank/img_00000026.jpg,top
img/Polka_Dot_Print_Blouse/img_00000042.jpg,3,val,data/raw/deepfashion/img/Polka_Dot_Print_Blouse/img_00000042.jpg,top
img/Slim-Striped_Tee/img_00000021.jpg,18,val,data/raw/deepfashion/img/Slim-Striped_Tee/img_00000021.jpg,top
img/Chambray_Tank_Top/img_00000076.jpg,19,val,data/raw/deepfashion/img/Chambray_Tank_Top/img_00000076.jpg,top
img/Southwestern-Patterned_Fringe_Cardigan/img_00000022.jpg,6,val,data/raw/deepfashion/img/Southwestern-Patterned_Fringe_Cardigan/img_00000022.jpg,top
img/Island_Pineapple_Knit_Tee/img_00000032.jpg,18,val,data/raw/deepfashion/img/Island_Pineapple_Knit_Tee/img_00000032.jpg,top
img/Marled_Back-Pleated_Tank/img_00000009.jpg,17,val,data/raw/deepfashion/img/Marled_Back-Pleated_Tank/img_00000009.jpg,top
img/Hidden_Zippered_Placket_Blouse/img_00000030.jpg,3,val,data/raw/deepfashion/img/Hidden_Zippered_Placket_Blouse/img_00000030.jpg,top
img/Mixed_Media_Knit_Tee/img_00000021.jpg,18,val,data/raw/deepfashion/img/Mixed_Media_Knit_Tee/img_00000021.jpg,top
img/Faux_Leather_Varsity_Jacket/img_00000073.jpg,11,val,data/raw/deepfashion/img/Faux_Leather_Varsity_Jacket/img_00000073.jpg,top
img/Distressed_Scoop_Neck_Tee/img_00000034.jpg,18,val,data/raw/deepfashion/img/Distressed_Scoop_Neck_Tee/img_00000034.jpg,top
img/Open-Front_Pointelle_Cardigan/img_00000025.jpg,6,val,data/raw/deepfashion/img/Open-Front_Pointelle_Cardigan/img_00000025.jpg,top
img/Buttoned_Collarless_Blouse/img_00000083.jpg,3,val,data/raw/deepfashion/img/Buttoned_Collarless_Blouse/img_00000083.jpg,top
img/Collarless_Faux_Suede_Jacket/img_00000009.jpg,11,val,data/raw/deepfashion/img/Collarless_Faux_Suede_Jacket/img_00000009.jpg,top
img/Marled_Knit_Cardigan/img_00000012.jpg,6,val,data/raw/deepfashion/img/Marled_Knit_Cardigan/img_00000012.jpg,top
img/Reason_Statue_of_Liberty_Mesh_Tank/img_00000024.jpg,17,val,data/raw/deepfashion/img/Reason_Statue_of_Liberty_Mesh_Tank/img_00000024.jpg,top
img/Harry_Potter_Muscle_Tee/img_00000006.jpg,18,val,data/raw/deepfashion/img/Harry_Potter_Muscle_Tee/img_00000006.jpg,top
img/Baroque_Print_Blouse/img_00000114.jpg,3,val,data/raw/deepfashion/img/Baroque_Print_Blouse/img_00000114.jpg,top
img/Homies_Graphic_Tee/img_00000073.jpg,18,val,data/raw/deepfashion/img/Homies_Graphic_Tee/img_00000073.jpg,top
img/Windowpane_Floral_Crochet_Blouse/img_00000050.jpg,3,val,data/raw/deepfashion/img/Windowpane_Floral_Crochet_Blouse/img_00000050.jpg,top
img/Designer_Bags_Graphic_Tee/img_00000028.jpg,18,val,data/raw/deepfashion/img/Designer_Bags_Graphic_Tee/img_00000028.jpg,top
img/Marled_Open-Front_Cardigan/img_00000026.jpg,6,val,data/raw/deepfashion/img/Marled_Open-Front_Cardigan/img_00000026.jpg,top
img/Tie-Dye_Longline_Cardigan/img_00000040.jpg,6,val,data/raw/deepfashion/img/Tie-Dye_Longline_Cardigan/img_00000040.jpg,top
img/Faux_Fur_Collar_Cardigan/img_00000067.jpg,6,val,data/raw/deepfashion/img/Faux_Fur_Collar_Cardigan/img_00000067.jpg,top
img/BAE_Graphic_Tee/img_00000058.jpg,18,val,data/raw/deepfashion/img/BAE_Graphic_Tee/img_00000058.jpg,top
img/Beach_Scene_Tank/img_00000017.jpg,17,val,data/raw/deepfashion/img/Beach_Scene_Tank/img_00000017.jpg,top
img/Frond_Print_Mesh_Tee/img_00000013.jpg,18,val,data/raw/deepfashion/img/Frond_Print_Mesh_Tee/img_00000013.jpg,top
img/Flutter_Sleeve_Woven_Tee/img_00000027.jpg,18,val,data/raw/deepfashion/img/Flutter_Sleeve_Woven_Tee/img_00000027.jpg,top
img/Layered_Chiffon_Blouse/img_00000021.jpg,3,val,data/raw/deepfashion/img/Layered_Chiffon_Blouse/img_00000021.jpg,top
img/Everyday_Open-Knit_Cardigan/img_00000002.jpg,6,val,data/raw/deepfashion/img/Everyday_Open-Knit_Cardigan/img_00000002.jpg,top
img/Shirred_Floral-Embroidered_Blouse/img_00000037.jpg,3,val,data/raw/deepfashion/img/Shirred_Floral-Embroidered_Blouse/img_00000037.jpg,top
img/Paisley_Print_Strappy_Halter/img_00000001.jpg,8,val,data/raw/deepfashion/img/Paisley_Print_Strappy_Halter/img_00000001.jpg,top
img/Colorblocked_Bomber_Jacket/img_00000028.jpg,11,val,data/raw/deepfashion/img/Colorblocked_Bomber_Jacket/img_00000028.jpg,top
img/Tribal-Inspired_Fringed_Cardigan/img_00000049.jpg,6,val,data/raw/deepfashion/img/Tribal-Inspired_Fringed_Cardigan/img_00000049.jpg,top
img/Galaxy_Print_Tee/img_00000078.jpg,18,val,data/raw/deepfashion/img/Galaxy_Print_Tee/img_00000078.jpg,top
img/Speckled_and_Striped_Drop-Sleeve_Tee/img_00000032.jpg,18,val,data/raw/deepfashion/img/Speckled_and_Striped_Drop-Sleeve_Tee/img_00000032.jpg,top
img/Hashtags_Graphic_Muscle_Tee/img_00000015.jpg,18,val,data/raw/deepfashion/img/Hashtags_Graphic_Muscle_Tee/img_00000015.jpg,top
img/Cotton_Modal_Crew_Neck_Tee/img_00000062.jpg,18,val,data/raw/deepfashion/img/Cotton_Modal_Crew_Neck_Tee/img_00000062.jpg,top
img/Ribbed_Racer_Tank/img_00000017.jpg,17,val,data/raw/deepfashion/img/Ribbed_Racer_Tank/img_00000017.jpg,top
img/Collared_Drawstring_Jacket/img_00000050.jpg,11,val,data/raw/deepfashion/img/Collared_Drawstring_Jacket/img_00000050.jpg,top
img/Taco_Bout_It_Graphic_Tee/img_00000014.jpg,18,val,data/raw/deepfashion/img/Taco_Bout_It_Graphic_Tee/img_00000014.jpg,top
img/Weekend_Lover_Muscle_Tee/img_00000021.jpg,18,val,data/raw/deepfashion/img/Weekend_Lover_Muscle_Tee/img_00000021.jpg,top
img/Ruffle-Trimmed_Blouse/img_00000102.jpg,3,val,data/raw/deepfashion/img/Ruffle-Trimmed_Blouse/img_00000102.jpg,top
img/Beaded_Laser-Cut_Blouse/img_00000024.jpg,3,val,data/raw/deepfashion/img/Beaded_Laser-Cut_Blouse/img_00000024.jpg,top
img/Contrast-Paneled_Dolman_Blouse/img_00000082.jpg,3,val,data/raw/deepfashion/img/Contrast-Paneled_Dolman_Blouse/img_00000082.jpg,top
img/Asymmetric_Batwing_Top/img_00000017.jpg,19,val,data/raw/deepfashion/img/Asymmetric_Batwing_Top/img_00000017.jpg,top
img/Striped_Cap-Sleeve_Tee/img_00000063.jpg,18,val,data/raw/deepfashion/img/Striped_Cap-Sleeve_Tee/img_00000063.jpg,top
img/Oversized_Boucl&eacute;_Moto_Jacket/img_00000046.jpg,11,val,data/raw/deepfashion/img/Oversized_Boucl&eacute;_Moto_Jacket/img_00000046.jpg,top
img/Open-Back_Knit_Blouse/img_00000103.jpg,3,val,data/raw/deepfashion/img/Open-Back_Knit_Blouse/img_00000103.jpg,top
img/Oversized_Striped_Cardigan/img_00000041.jpg,6,val,data/raw/deepfashion/img/Oversized_Striped_Cardigan/img_00000041.jpg,top
img/Embroidered_Pintucked_Blouse/img_00000041.jpg,3,val,data/raw/deepfashion/img/Embroidered_Pintucked_Blouse/img_00000041.jpg,top
img/Fitted_Cat_Print_Tee/img_00000028.jpg,18,val,data/raw/deepfashion/img/Fitted_Cat_Print_Tee/img_00000028.jpg,top
img/Faux_Leather_Convertible_Jacket/img_00000013.jpg,11,val,data/raw/deepfashion/img/Faux_Leather_Convertible_Jacket/img_00000013.jpg,top
img/In_Love_Tank/img_00000010.jpg,17,val,data/raw/deepfashion/img/In_Love_Tank/img_00000010.jpg,top
img/Love_Knit_Tee/img_00000010.jpg,18,val,data/raw/deepfashion/img/Love_Knit_Tee/img_00000010.jpg,top
img/Slub_Knit_V-Neck_Tee/img_00000020.jpg,18,val,data/raw/deepfashion/img/Slub_Knit_V-Neck_Tee/img_00000020.jpg,top
img/Faux_Fur_Collar_Cardigan/img_00000016.jpg,6,val,data/raw/deepfashion/img/Faux_Fur_Collar_Cardigan/img_00000016.jpg,top
img/Wearing_Today_Tee/img_00000054.jpg,18,val,data/raw/deepfashion/img/Wearing_Today_Tee/img_00000054.jpg,top
img/Abstract_Print_French_Terry_Top/img_00000040.jpg,19,val,data/raw/deepfashion/img/Abstract_Print_French_Terry_Top/img_00000040.jpg,top
img/Abstract_Dotted_Blouse/img_00000021.jpg,3,val,data/raw/deepfashion/img/Abstract_Dotted_Blouse/img_00000021.jpg,top
img/Zippered_Mesh-Paneled_Tee/img_00000007.jpg,18,val,data/raw/deepfashion/img/Zippered_Mesh-Paneled_Tee/img_00000007.jpg,top
img/Classic_V-Neck_Cardigan/img_00000006.jpg,6,val,data/raw/deepfashion/img/Classic_V-Neck_Cardigan/img_00000006.jpg,top
img/Marled_Knit_Cropped_Tank/img_00000013.jpg,17,val,data/raw/deepfashion/img/Marled_Knit_Cropped_Tank/img_00000013.jpg,top
img/Rose_Print_Cardigan/img_00000014.jpg,6,val,data/raw/deepfashion/img/Rose_Print_Cardigan/img_00000014.jpg,top
img/Don't_Be_Jealous_Muscle_Tee/img_00000034.jpg,18,val,data/raw/deepfashion/img/Don't_Be_Jealous_Muscle_Tee/img_00000034.jpg,top
img/Collarless_V-Neck_Blouse/img_00000104.jpg,3,val,data/raw/deepfashion/img/Collarless_V-Neck_Blouse/img_00000104.jpg,top
img/Collarless_Moto_Jacket/img_00000051.jpg,11,val,data/raw/deepfashion/img/Collarless_Moto_Jacket/img_00000051.jpg,top
img/Boxy_Heathered_Tee/img_00000010.jpg,18,val,data/raw/deepfashion/img/Boxy_Heathered_Tee/img_00000010.jpg,top
img/Longline_Denim_Jacket/img_00000026.jpg,11,val,data/raw/deepfashion/img/Longline_Denim_Jacket/img_00000026.jpg,top
img/Tonal_Stripe_V-Neck_Tee/img_00000023.jpg,18,val,data/raw/deepfashion/img/Tonal_Stripe_V-Neck_Tee/img_00000023.jpg,top
img/Bow-Back_Cutout_Top/img_00000033.jpg,19,val,data/raw/deepfashion/img/Bow-Back_Cutout_Top/img_00000033.jpg,top
img/Classic_Woven_Blouse/img_00000052.jpg,3,val,data/raw/deepfashion/img/Classic_Woven_Blouse/img_00000052.jpg,top
img/Striped_Shawl_Collar_Cardigan/img_00000047.jpg,6,val,data/raw/deepfashion/img/Striped_Shawl_Collar_Cardigan/img_00000047.jpg,top
img/Lace_Trimmed_Blouse/img_00000084.jpg,3,val,data/raw/deepfashion/img/Lace_Trimmed_Blouse/img_00000084.jpg,top
img/New_You_Muscle_Tee/img_00000002.jpg,18,val,data/raw/deepfashion/img/New_You_Muscle_Tee/img_00000002.jpg,top
img/Cap-Sleeved_Lace_Blouse/img_00000053.jpg,3,val,data/raw/deepfashion/img/Cap-Sleeved_Lace_Blouse/img_00000053.jpg,top
img/Beach_Breeze_Tank/img_00000033.jpg,17,val,data/raw/deepfashion/img/Beach_Breeze_Tank/img_00000033.jpg,top
img/Until_the_End_Graphic_Tee/img_00000014.jpg,18,val,data/raw/deepfashion/img/Until_the_End_Graphic_Tee/img_00000014.jpg,top
img/Tie-Front_Chiffon_Blouse/img_00000052.jpg,3,val,data/raw/deepfashion/img/Tie-Front_Chiffon_Blouse/img_00000052.jpg,top
img/Tribal_Patterned_Jacket/img_00000029.jpg,11,val,data/raw/deepfashion/img/Tribal_Patterned_Jacket/img_00000029.jpg,top
img/Barbie_Muscle_Tee/img_00000012.jpg,18,val,data/raw/deepfashion/img/Barbie_Muscle_Tee/img_00000012.jpg,top
img/Tribal_Pattern_Cardigan/img_00000053.jpg,6,val,data/raw/deepfashion/img/Tribal_Pattern_Cardigan/img_00000053.jpg,top
img/Pintucked_Rose_Print_Blouse/img_00000065.jpg,3,val,data/raw/deepfashion/img/Pintucked_Rose_Print_Blouse/img_00000065.jpg,top
img/Netted_Mesh_Tee/img_00000029.jpg,18,val,data/raw/deepfashion/img/Netted_Mesh_Tee/img_00000029.jpg,top
img/Waffle_Knit_Cardigan/img_00000016.jpg,6,val,data/raw/deepfashion/img/Waffle_Knit_Cardigan/img_00000016.jpg,top
img/Dip-Dye_Tank/img_00000044.jpg,17,val,data/raw/deepfashion/img/Dip-Dye_Tank/img_00000044.jpg,top
img/Classic_Woven_Blouse/img_00000006.jpg,3,val,data/raw/deepfashion/img/Classic_Woven_Blouse/img_00000006.jpg,top
img/Boxy_Striped_Knit_Top/img_00000003.jpg,19,val,data/raw/deepfashion/img/Boxy_Striped_Knit_Top/img_00000003.jpg,top
img/Teenage_Mutant_Ninja_Turtles_Tee/img_00000049.jpg,18,val,data/raw/deepfashion/img/Teenage_Mutant_Ninja_Turtles_Tee/img_00000049.jpg,top
img/Desert_Trim_Bomber_Jacket/img_00000006.jpg,11,val,data/raw/deepfashion/img/Desert_Trim_Bomber_Jacket/img_00000006.jpg,top
img/Colorblock_Tee/img_00000021.jpg,18,val,data/raw/deepfashion/img/Colorblock_Tee/img_00000021.jpg,top
img/Contrast_Mesh-Paneled_Tee/img_00000033.jpg,18,val,data/raw/deepfashion/img/Contrast_Mesh-Paneled_Tee/img_00000033.jpg,top
img/Polka_Dot_Chambray_Button-Down/img_00000082.jpg,5,val,data/raw/deepfashion/img/Polka_Dot_Chambray_Button-Down/img_00000082.jpg,top
img/Ribbed_Racer_Tank/img_00000008.jpg,17,val,data/raw/deepfashion/img/Ribbed_Racer_Tank/img_00000008.jpg,top
img/Classic_Striped_Top/img_00000064.jpg,19,val,data/raw/deepfashion/img/Classic_Striped_Top/img_00000064.jpg,top
img/Pin_Dot_Suit_Jacket/img_00000025.jpg,11,val,data/raw/deepfashion/img/Pin_Dot_Suit_Jacket/img_00000025.jpg,top
img/Civil_Regime_Mesh_Bomber_Jacket/img_00000008.jpg,11,val,data/raw/deepfashion/img/Civil_Regime_Mesh_Bomber_Jacket/img_00000008.jpg,top
img/Ruffled_Floral_Chiffon_Blouse/img_00000075.jpg,3,val,data/raw/deepfashion/img/Ruffled_Floral_Chiffon_Blouse/img_00000075.jpg,top
img/Structured_Quilted_Jacket/img_00000022.jpg,11,val,data/raw/deepfashion/img/Structured_Quilted_Jacket/img_00000022.jpg,top
img/Cable-Knit_Shrug_Cardigan/img_00000030.jpg,6,val,data/raw/deepfashion/img/Cable-Knit_Shrug_Cardigan/img_00000030.jpg,top
img/Denim_Hoodie_Jacket/img_00000074.jpg,11,val,data/raw/deepfashion/img/Denim_Hoodie_Jacket/img_00000074.jpg,top
img/Boxy_Textured_Top/img_00000035.jpg,19,val,data/raw/deepfashion/img/Boxy_Textured_Top/img_00000035.jpg,top
img/Polka_Dot_Chambray_Button-Down/img_00000058.jpg,5,val,data/raw/deepfashion/img/Polka_Dot_Chambray_Button-Down/img_00000058.jpg,top
img/Smart_Graphic_Muscle_Tee/img_00000019.jpg,18,val,data/raw/deepfashion/img/Smart_Graphic_Muscle_Tee/img_00000019.jpg,top
img/LA_Palm_Graphic_Tee/img_00000019.jpg,18,val,data/raw/deepfashion/img/LA_Palm_Graphic_Tee/img_00000019.jpg,top
img/Draped_Cutout-Back_Tee/img_00000022.jpg,18,val,data/raw/deepfashion/img/Draped_Cutout-Back_Tee/img_00000022.jpg,top
img/Distressed_Pocket_Tee/img_00000023.jpg,18,val,data/raw/deepfashion/img/Distressed_Pocket_Tee/img_00000023.jpg,top
img/Scalloped_Lace_Cardigan/img_00000032.jpg,6,val,data/raw/deepfashion/img/Scalloped_Lace_Cardigan/img_00000032.jpg,top
img/Elephant_Print_Pocket_Tank/img_00000026.jpg,17,val,data/raw/deepfashion/img/Elephant_Print_Pocket_Tank/img_00000026.jpg,top
img/Basic_Heathered_Tee/img_00000011.jpg,18,val,data/raw/deepfashion/img/Basic_Heathered_Tee/img_00000011.jpg,top
img/Chiffon_Plaid_Blouse/img_00000064.jpg,3,val,data/raw/deepfashion/img/Chiffon_Plaid_Blouse/img_00000064.jpg,top
img/Rugrats_Graphic_Tee/img_00000014.jpg,18,val,data/raw/deepfashion/img/Rugrats_Graphic_Tee/img_00000014.jpg,top
img/Hooded_Longline_Cardigan/img_00000008.jpg,6,val,data/raw/deepfashion/img/Hooded_Longline_Cardigan/img_00000008.jpg,top
img/Pleated_Front_Blouse/img_00000009.jpg,3,val,data/raw/deepfashion/img/Pleated_Front_Blouse/img_00000009.jpg,top
img/Boxy_V-Neck_Top/img_00000060.jpg,19,val,data/raw/deepfashion/img/Boxy_V-Neck_Top/img_00000060.jpg,top
img/Chiffon-Sleeve_Mesh_Bomber_Jacket/img_00000039.jpg,11,val,data/raw/deepfashion/img/Chiffon-Sleeve_Mesh_Bomber_Jacket/img_00000039.jpg,top
img/Geo_Tribal_Print_Muscle_Tee/img_00000018.jpg,18,val,data/raw/deepfashion/img/Geo_Tribal_Print_Muscle_Tee/img_00000018.jpg,top
img/Sweet_Crochet_Blouse/img_00000045.jpg,3,val,data/raw/deepfashion/img/Sweet_Crochet_Blouse/img_00000045.jpg,top
img/Crepe_Henley_Blouse/img_00000078.jpg,3,val,data/raw/deepfashion/img/Crepe_Henley_Blouse/img_00000078.jpg,top
img/Layered_Chiffon_Blouse/img_00000044.jpg,3,val,data/raw/deepfashion/img/Layered_Chiffon_Blouse/img_00000044.jpg,top
img/Flutter_Self-Tie_Blouse/img_00000074.jpg,3,val,data/raw/deepfashion/img/Flutter_Self-Tie_Blouse/img_00000074.jpg,top
img/Island_Pineapple_Knit_Tee/img_00000001.jpg,18,val,data/raw/deepfashion/img/Island_Pineapple_Knit_Tee/img_00000001.jpg,top
img/Clashist_Aluminum_Foil_Print_Tee/img_00000006.jpg,18,val,data/raw/deepfashion/img/Clashist_Aluminum_Foil_Print_Tee/img_00000006.jpg,top
img/Chiffon_Twist-Front_Top/img_00000014.jpg,19,val,data/raw/deepfashion/img/Chiffon_Twist-Front_Top/img_00000014.jpg,top
img/Tulip-Back_Muscle_Tee/img_00000015.jpg,18,val,data/raw/deepfashion/img/Tulip-Back_Muscle_Tee/img_00000015.jpg,top
img/Married_To_The_Mob_MTTB_Tank/img_00000005.jpg,17,val,data/raw/deepfashion/img/Married_To_The_Mob_MTTB_Tank/img_00000005.jpg,top
img/High-Neck_Sheer_Blouse/img_00000082.jpg,3,val,data/raw/deepfashion/img/High-Neck_Sheer_Blouse/img_00000082.jpg,top
img/Smart_Graphic_Muscle_Tee/img_00000024.jpg,18,val,data/raw/deepfashion/img/Smart_Graphic_Muscle_Tee/img_00000024.jpg,top
img/Waffle-Textured_Moto_Jacket/img_00000032.jpg,11,val,data/raw/deepfashion/img/Waffle-Textured_Moto_Jacket/img_00000032.jpg,top
img/Eagles_Graphic_Muscle_Tee/img_00000040.jpg,18,val,data/raw/deepfashion/img/Eagles_Graphic_Muscle_Tee/img_00000040.jpg,top
img/Sheer_Abstract_Print_Blouse/img_00000015.jpg,3,val,data/raw/deepfashion/img/Sheer_Abstract_Print_Blouse/img_00000015.jpg,top
img/Wild_MTV_Tee/img_00000022.jpg,18,val,data/raw/deepfashion/img/Wild_MTV_Tee/img_00000022.jpg,top
img/Led_Zeppelin_Graphic_Tee/img_00000043.jpg,18,val,data/raw/deepfashion/img/Led_Zeppelin_Graphic_Tee/img_00000043.jpg,top
img/French_Terry_Open-Front_Cardigan/img_00000051.jpg,6,val,data/raw/deepfashion/img/French_Terry_Open-Front_Cardigan/img_00000051.jpg,top
img/Speckled_and_Striped_Drop-Sleeve_Tee/img_00000018.jpg,18,val,data/raw/deepfashion/img/Speckled_and_Striped_Drop-Sleeve_Tee/img_00000018.jpg,top
img/Heathered_Tank/img_00000014.jpg,17,val,data/raw/deepfashion/img/Heathered_Tank/img_00000014.jpg,top
img/Cage-Back_Crop_Top/img_00000034.jpg,19,val,data/raw/deepfashion/img/Cage-Back_Crop_Top/img_00000034.jpg,top
img/Boxy_Illusion_Neckline_Top/img_00000026.jpg,19,val,data/raw/deepfashion/img/Boxy_Illusion_Neckline_Top/img_00000026.jpg,top
img/Cap-Sleeved_Lace_Blouse/img_00000065.jpg,3,val,data/raw/deepfashion/img/Cap-Sleeved_Lace_Blouse/img_00000065.jpg,top
img/Heathered_Crew_Neck_Tee/img_00000038.jpg,18,val,data/raw/deepfashion/img/Heathered_Crew_Neck_Tee/img_00000038.jpg,top
img/Ruffled_Rose_Blouse/img_00000081.jpg,3,val,data/raw/deepfashion/img/Ruffled_Rose_Blouse/img_00000081.jpg,top
img/Cat_Print_Crop_Top/img_00000043.jpg,19,val,data/raw/deepfashion/img/Cat_Print_Crop_Top/img_00000043.jpg,top
img/Marble_Print_Scuba_Knit_Tee/img_00000023.jpg,18,val,data/raw/deepfashion/img/Marble_Print_Scuba_Knit_Tee/img_00000023.jpg,top
img/Heathered_Colorblock_Raglan_Tee/img_00000036.jpg,18,val,data/raw/deepfashion/img/Heathered_Colorblock_Raglan_Tee/img_00000036.jpg,top
img/Baad_Sheep_Muscle_Tank/img_00000018.jpg,17,val,data/raw/deepfashion/img/Baad_Sheep_Muscle_Tank/img_00000018.jpg,top
img/Mesh-Paneled_Colorblock_Tee/img_00000009.jpg,18,val,data/raw/deepfashion/img/Mesh-Paneled_Colorblock_Tee/img_00000009.jpg,top
img/Faded_Denim_Jacket/img_00000035.jpg,11,val,data/raw/deepfashion/img/Faded_Denim_Jacket/img_00000035.jpg,top
img/Boho_Babe_Crochet_Top/img_00000018.jpg,19,val,data/raw/deepfashion/img/Boho_Babe_Crochet_Top/img_00000018.jpg,top
img/Longline_Rose_Print_Cardigan/img_00000033.jpg,6,val,data/raw/deepfashion/img/Longline_Rose_Print_Cardigan/img_00000033.jpg,top
img/Fluttered_Polka_Dot_Blouse/img_00000055.jpg,3,val,data/raw/deepfashion/img/Fluttered_Polka_Dot_Blouse/img_00000055.jpg,top
img/Ruffled_Lace-Up_Blouse/img_00000046.jpg,3,val,data/raw/deepfashion/img/Ruffled_Lace-Up_Blouse/img_00000046.jpg,top
img/Mandarin_Collar_Blouse/img_00000120.jpg,3,val,data/raw/deepfashion/img/Mandarin_Collar_Blouse/img_00000120.jpg,top
img/Sleeveless_Classic_Woven_Blouse/img_00000090.jpg,3,val,data/raw/deepfashion/img/Sleeveless_Classic_Woven_Blouse/img_00000090.jpg,top
img/Abstract_Print_Woven_Cardigan/img_00000019.jpg,6,val,data/raw/deepfashion/img/Abstract_Print_Woven_Cardigan/img_00000019.jpg,top
img/Hooded_Twill_Field_Jacket/img_00000036.jpg,11,val,data/raw/deepfashion/img/Hooded_Twill_Field_Jacket/img_00000036.jpg,top
img/V-Neck_Crop_Tee/img_00000001.jpg,18,val,data/raw/deepfashion/img/V-Neck_Crop_Tee/img_00000001.jpg,top
img/Micro-Stripe_V-Neck_Tee/img_00000033.jpg,18,val,data/raw/deepfashion/img/Micro-Stripe_V-Neck_Tee/img_00000033.jpg,top
img/New_Clothes_Tee/img_00000061.jpg,18,val,data/raw/deepfashion/img/New_Clothes_Tee/img_00000061.jpg,top
img/Striped_Trapeze_Tank/img_00000008.jpg,17,val,data/raw/deepfashion/img/Striped_Trapeze_Tank/img_00000008.jpg,top
img/Venice_Cityscape_Muscle_Tee/img_00000013.jpg,18,val,data/raw/deepfashion/img/Venice_Cityscape_Muscle_Tee/img_00000013.jpg,top
img/High-Neck_Sheer_Blouse/img_00000064.jpg,3,val,data/raw/deepfashion/img/High-Neck_Sheer_Blouse/img_00000064.jpg,top
img/Daisy_Crochet_Cardigan/img_00000036.jpg,6,val,data/raw/deepfashion/img/Daisy_Crochet_Cardigan/img_00000036.jpg,top
img/Chiffon-Paneled_Tank/img_00000001.jpg,17,val,data/raw/deepfashion/img/Chiffon-Paneled_Tank/img_00000001.jpg,top
img/Classic_Slub_Knit_Top/img_00000020.jpg,19,val,data/raw/deepfashion/img/Classic_Slub_Knit_Top/img_00000020.jpg,top
img/Embroidered_Mesh_Cardigan/img_00000020.jpg,6,val,data/raw/deepfashion/img/Embroidered_Mesh_Cardigan/img_00000020.jpg,top
img/Side_Vent_Heathered_Tank/img_00000046.jpg,17,val,data/raw/deepfashion/img/Side_Vent_Heathered_Tank/img_00000046.jpg,top
img/Tell_Me_I'm_Pretty_Graphic_Tee/img_00000005.jpg,18,val,data/raw/deepfashion/img/Tell_Me_I'm_Pretty_Graphic_Tee/img_00000005.jpg,top
img/Fringed_Tie-Dye_Racerback_Tank/img_00000007.jpg,17,val,data/raw/deepfashion/img/Fringed_Tie-Dye_Racerback_Tank/img_00000007.jpg,top
img/I_Need_Coffee_Tee/img_00000035.jpg,18,val,data/raw/deepfashion/img/I_Need_Coffee_Tee/img_00000035.jpg,top
img/Colorblocked_Floral_Print_Tee/img_00000045.jpg,18,val,data/raw/deepfashion/img/Colorblocked_Floral_Print_Tee/img_00000045.jpg,top
img/Slub_Knit_Buttoned-Back_Blouse/img_00000009.jpg,3,val,data/raw/deepfashion/img/Slub_Knit_Buttoned-Back_Blouse/img_00000009.jpg,top
img/Heathered_Knit_Cocoon_Jacket/img_00000003.jpg,11,val,data/raw/deepfashion/img/Heathered_Knit_Cocoon_Jacket/img_00000003.jpg,top
img/Rad_Graphic_Tee/img_00000002.jpg,18,val,data/raw/deepfashion/img/Rad_Graphic_Tee/img_00000002.jpg,top
img/Textured_High-Neck_Blouse/img_00000057.jpg,3,val,data/raw/deepfashion/img/Textured_High-Neck_Blouse/img_00000057.jpg,top
img/Faux_Fur_Jacket/img_00000012.jpg,11,val,data/raw/deepfashion/img/Faux_Fur_Jacket/img_00000012.jpg,top
img/Bow_Back_Striped_Top/img_00000028.jpg,19,val,data/raw/deepfashion/img/Bow_Back_Striped_Top/img_00000028.jpg,top
img/Abstract_Grid-Patterned_Top/img_00000018.jpg,19,val,data/raw/deepfashion/img/Abstract_Grid-Patterned_Top/img_00000018.jpg,top
img/French_Graphic_Tee/img_00000009.jpg,18,val,data/raw/deepfashion/img/French_Graphic_Tee/img_00000009.jpg,top
img/L.A._Graphic_Tee/img_00000044.jpg,18,val,data/raw/deepfashion/img/L.A._Graphic_Tee/img_00000044.jpg,top
img/Faux_Leather_Hooded_Jacket/img_00000073.jpg,11,val,data/raw/deepfashion/img/Faux_Leather_Hooded_Jacket/img_00000073.jpg,top
img/Cropped_Double-Racer_Tank/img_00000046.jpg,17,val,data/raw/deepfashion/img/Cropped_Double-Racer_Tank/img_00000046.jpg,top
img/Fox_Print_Tee/img_00000030.jpg,18,val,data/raw/deepfashion/img/Fox_Print_Tee/img_00000030.jpg,top
img/Surfer_Girl_Tank/img_00000030.jpg,17,val,data/raw/deepfashion/img/Surfer_Girl_Tank/img_00000030.jpg,top
img/Quilted_Floral_Bomber_Jacket/img_00000046.jpg,11,val,data/raw/deepfashion/img/Quilted_Floral_Bomber_Jacket/img_00000046.jpg,top
img/Snap_Collar_Moto_Jacket/img_00000033.jpg,11,val,data/raw/deepfashion/img/Snap_Collar_Moto_Jacket/img_00000033.jpg,top
img/Hooded_Leaf_Print_Utility_Jacket/img_00000051.jpg,11,val,data/raw/deepfashion/img/Hooded_Leaf_Print_Utility_Jacket/img_00000051.jpg,top
img/Classic_Distressed_Denim_Jacket/img_00000043.jpg,11,val,data/raw/deepfashion/img/Classic_Distressed_Denim_Jacket/img_00000043.jpg,top
img/Boxy_Illusion_Neckline_Top/img_00000032.jpg,19,val,data/raw/deepfashion/img/Boxy_Illusion_Neckline_Top/img_00000032.jpg,top
img/Distressed_Splatter_Print_Tee/img_00000007.jpg,18,val,data/raw/deepfashion/img/Distressed_Splatter_Print_Tee/img_00000007.jpg,top
img/Boxy_Chiffon_Pocket_Blouse/img_00000013.jpg,3,val,data/raw/deepfashion/img/Boxy_Chiffon_Pocket_Blouse/img_00000013.jpg,top
img/Kimono-Sleeved_Paisley_Blouse/img_00000125.jpg,3,val,data/raw/deepfashion/img/Kimono-Sleeved_Paisley_Blouse/img_00000125.jpg,top
img/Chiffon_Paneled_Top/img_00000010.jpg,19,val,data/raw/deepfashion/img/Chiffon_Paneled_Top/img_00000010.jpg,top
img/Distressed_Pocket_Tee/img_00000021.jpg,18,val,data/raw/deepfashion/img/Distressed_Pocket_Tee/img_00000021.jpg,top
img/Boxy_Knit_Top/img_00000021.jpg,19,val,data/raw/deepfashion/img/Boxy_Knit_Top/img_00000021.jpg,top
img/Ombr&eacute;_Contrast_Workout_Tank/img_00000008.jpg,17,val,data/raw/deepfashion/img/Ombr&eacute;_Contrast_Workout_Tank/img_00000008.jpg,top
img/Relaxed_Draped_Cardigan/img_00000034.jpg,6,val,data/raw/deepfashion/img/Relaxed_Draped_Cardigan/img_00000034.jpg,top
img/Tasseled_Open-Knit_Cardigan/img_00000041.jpg,6,val,data/raw/deepfashion/img/Tasseled_Open-Knit_Cardigan/img_00000041.jpg,top
img/Classic_Crocheted_Lace_Blouse/img_00000115.jpg,3,val,data/raw/deepfashion/img/Classic_Crocheted_Lace_Blouse/img_00000115.jpg,top
img/Varsity-Striped_Baseball_Jacket/img_00000006.jpg,11,val,data/raw/deepfashion/img/Varsity-Striped_Baseball_Jacket/img_00000006.jpg,top
img/Scoop_Neck_Slub_Knit_Tee/img_00000005.jpg,18,val,data/raw/deepfashion/img/Scoop_Neck_Slub_Knit_Tee/img_00000005.jpg,top
img/Striped_Ringer_Pocket_Tee/img_00000007.jpg,18,val,data/raw/deepfashion/img/Striped_Ringer_Pocket_Tee/img_00000007.jpg,top
img/Allergic_2_Mornings_Tank/img_00000016.jpg,17,val,data/raw/deepfashion/img/Allergic_2_Mornings_Tank/img_00000016.jpg,top
img/Marled_Maxi_Cardigan/img_00000002.jpg,6,val,data/raw/deepfashion/img/Marled_Maxi_Cardigan/img_00000002.jpg,top
img/Faded_Pocket_Tee/img_00000062.jpg,18,val,data/raw/deepfashion/img/Faded_Pocket_Tee/img_00000062.jpg,top
img/Striped_Mandarin_Collar_Blouse/img_00000118.jpg,3,val,data/raw/deepfashion/img/Striped_Mandarin_Collar_Blouse/img_00000118.jpg,top
img/Boxy_Floral_Print_Top/img_00000043.jpg,19,val,data/raw/deepfashion/img/Boxy_Floral_Print_Top/img_00000043.jpg,top
img/Flutter-Hem_Tee/img_00000012.jpg,18,val,data/raw/deepfashion/img/Flutter-Hem_Tee/img_00000012.jpg,top
img/High-Neck_Drawstring_Dolman_Jacket/img_00000006.jpg,11,val,data/raw/deepfashion/img/High-Neck_Drawstring_Dolman_Jacket/img_00000006.jpg,top
img/Classic_Crepe_Blouse/img_00000067.jpg,3,val,data/raw/deepfashion/img/Classic_Crepe_Blouse/img_00000067.jpg,top
img/Clashist_Roses_Print_Tee/img_00000024.jpg,18,val,data/raw/deepfashion/img/Clashist_Roses_Print_Tee/img_00000024.jpg,top
img/Heathered_Ribbed-Knit_Cardigan/img_00000016.jpg,6,val,data/raw/deepfashion/img/Heathered_Ribbed-Knit_Cardigan/img_00000016.jpg,top
img/Side-Slit_Tee/img_00000027.jpg,18,val,data/raw/deepfashion/img/Side-Slit_Tee/img_00000027.jpg,top
img/Los_Angeles_Graphic_Muscle_Tee/img_00000018.jpg,18,val,data/raw/deepfashion/img/Los_Angeles_Graphic_Muscle_Tee/img_00000018.jpg,top
img/Sequined_Knit_Dolman_Cardigan/img_00000003.jpg,6,val,data/raw/deepfashion/img/Sequined_Knit_Dolman_Cardigan/img_00000003.jpg,top
img/Dip-Dye_Tank/img_00000036.jpg,17,val,data/raw/deepfashion/img/Dip-Dye_Tank/img_00000036.jpg,top
img/Boxy_Rose_Print_Tee/img_00000001.jpg,18,val,data/raw/deepfashion/img/Boxy_Rose_Print_Tee/img_00000001.jpg,top
img/Striped-Sleeve_Tee/img_00000077.jpg,18,val,data/raw/deepfashion/img/Striped-Sleeve_Tee/img_00000077.jpg,top
img/Cropped_Faux_Fur_Jacket/img_00000041.jpg,11,val,data/raw/deepfashion/img/Cropped_Faux_Fur_Jacket/img_00000041.jpg,top
img/Slub_Knit_Tank/img_00000028.jpg,17,val,data/raw/deepfashion/img/Slub_Knit_Tank/img_00000028.jpg,top
img/Vented_Back_Tank/img_00000024.jpg,17,val,data/raw/deepfashion/img/Vented_Back_Tank/img_00000024.jpg,top
img/Striped_Southwestern_Print_Tank/img_00000012.jpg,17,val,data/raw/deepfashion/img/Striped_Southwestern_Print_Tank/img_00000012.jpg,top
img/Big_City_Tee/img_00000048.jpg,18,val,data/raw/deepfashion/img/Big_City_Tee/img_00000048.jpg,top
img/Classic_Stripe-Patterned_Top/img_00000001.jpg,19,val,data/raw/deepfashion/img/Classic_Stripe-Patterned_Top/img_00000001.jpg,top
img/Floral_Robin_Print_Tee/img_00000018.jpg,18,val,data/raw/deepfashion/img/Floral_Robin_Print_Tee/img_00000018.jpg,top
img/Crepe_Popover_Blouse/img_00000021.jpg,3,val,data/raw/deepfashion/img/Crepe_Popover_Blouse/img_00000021.jpg,top
img/Monsieur_Graphic_Longline_Tee/img_00000022.jpg,18,val,data/raw/deepfashion/img/Monsieur_Graphic_Longline_Tee/img_00000022.jpg,top
img/Collarless_V-Neck_Blouse/img_00000006.jpg,3,val,data/raw/deepfashion/img/Collarless_V-Neck_Blouse/img_00000006.jpg,top
img/Draped_Knit_Cardigan/img_00000054.jpg,6,val,data/raw/deepfashion/img/Draped_Knit_Cardigan/img_00000054.jpg,top
img/Longline_Chiffon_Cardigan/img_00000006.jpg,6,val,data/raw/deepfashion/img/Longline_Chiffon_Cardigan/img_00000006.jpg,top
img/Iguana_Print_Tee/img_00000001.jpg,18,val,data/raw/deepfashion/img/Iguana_Print_Tee/img_00000001.jpg,top
img/Collared_Plaid_Blouse/img_00000050.jpg,3,val,data/raw/deepfashion/img/Collared_Plaid_Blouse/img_00000050.jpg,top
img/But_Not_Really_Muscle_Tee/img_00000026.jpg,18,val,data/raw/deepfashion/img/But_Not_Really_Muscle_Tee/img_00000026.jpg,top
img/Fitted_Cat_Print_Tee/img_00000003.jpg,18,val,data/raw/deepfashion/img/Fitted_Cat_Print_Tee/img_00000003.jpg,top
img/Brushed_Knit_Fringe_Top/img_00000042.jpg,19,val,data/raw/deepfashion/img/Brushed_Knit_Fringe_Top/img_00000042.jpg,top
img/Fitted_V-Neck_Tee/img_00000013.jpg,18,val,data/raw/deepfashion/img/Fitted_V-Neck_Tee/img_00000013.jpg,top
img/2-in-1_Space_Dye_Athletic_Tank/img_00000001.jpg,17,val,data/raw/deepfashion/img/2-in-1_Space_Dye_Athletic_Tank/img_00000001.jpg,top
img/Embroidered_Mesh_Bomber_Jacket/img_00000049.jpg,11,val,data/raw/deepfashion/img/Embroidered_Mesh_Bomber_Jacket/img_00000049.jpg,top
img/Abstract_Print_Colorblock_Top/img_00000008.jpg,19,val,data/raw/deepfashion/img/Abstract_Print_Colorblock_Top/img_00000008.jpg,top
img/Boho_Suite_Peasant_Top/img_00000035.jpg,19,val,data/raw/deepfashion/img/Boho_Suite_Peasant_Top/img_00000035.jpg,top
img/Floral_and_Bird_Print_Tee/img_00000005.jpg,18,val,data/raw/deepfashion/img/Floral_and_Bird_Print_Tee/img_00000005.jpg,top
img/Get_Cray_Muscle_Tee/img_00000054.jpg,18,val,data/raw/deepfashion/img/Get_Cray_Muscle_Tee/img_00000054.jpg,top
img/Crochet_Lace_Tank/img_00000059.jpg,17,val,data/raw/deepfashion/img/Crochet_Lace_Tank/img_00000059.jpg,top
img/Safari_Animal_Print_Tank/img_00000048.jpg,17,val,data/raw/deepfashion/img/Safari_Animal_Print_Tank/img_00000048.jpg,top
img/Civil_Regime_Mesh_Bomber_Jacket/img_00000024.jpg,11,val,data/raw/deepfashion/img/Civil_Regime_Mesh_Bomber_Jacket/img_00000024.jpg,top
img/Crepe_Zippered_Blouse/img_00000049.jpg,3,val,data/raw/deepfashion/img/Crepe_Zippered_Blouse/img_00000049.jpg,top
img/Ruffled_Tie-Neck_Blouse/img_00000052.jpg,3,val,data/raw/deepfashion/img/Ruffled_Tie-Neck_Blouse/img_00000052.jpg,top
img/Ruffled-Sleeve_Layered_Blouse/img_00000014.jpg,3,val,data/raw/deepfashion/img/Ruffled-Sleeve_Layered_Blouse/img_00000014.jpg,top
img/Poetic_Dream_Crochet_Blouse/img_00000053.jpg,3,val,data/raw/deepfashion/img/Poetic_Dream_Crochet_Blouse/img_00000053.jpg,top
img/Boxy_Basket_Woven_Top/img_00000027.jpg,19,val,data/raw/deepfashion/img/Boxy_Basket_Woven_Top/img_00000027.jpg,top
img/Longline_Denim_Jacket/img_00000058.jpg,11,val,data/raw/deepfashion/img/Longline_Denim_Jacket/img_00000058.jpg,top
img/Southwestern_Print_Batwing_Cardigan/img_00000005.jpg,6,val,data/raw/deepfashion/img/Southwestern_Print_Batwing_Cardigan/img_00000005.jpg,top
img/Off-The-Shoulder_Blouse/img_00000102.jpg,3,val,data/raw/deepfashion/img/Off-The-Shoulder_Blouse/img_00000102.jpg,top
img/Heathered_Mickey_Mouse_Tee/img_00000017.jpg,18,val,data/raw/deepfashion/img/Heathered_Mickey_Mouse_Tee/img_00000017.jpg,top
img/Drapey_Mandala_Print_Cardigan/img_00000029.jpg,6,val,data/raw/deepfashion/img/Drapey_Mandala_Print_Cardigan/img_00000029.jpg,top
img/Nueva_York_Graphic_Tee/img_00000041.jpg,18,val,data/raw/deepfashion/img/Nueva_York_Graphic_Tee/img_00000041.jpg,top
img/L.A.T.H.C._Abstract_Print_Tee/img_00000008.jpg,18,val,data/raw/deepfashion/img/L.A.T.H.C._Abstract_Print_Tee/img_00000008.jpg,top
img/Floral_Chiffon_Blouse/img_00000033.jpg,3,val,data/raw/deepfashion/img/Floral_Chiffon_Blouse/img_00000033.jpg,top
img/Longline_Crochet_Cardigan/img_00000009.jpg,6,val,data/raw/deepfashion/img/Longline_Crochet_Cardigan/img_00000009.jpg,top
img/Different_Tee/img_00000037.jpg,18,val,data/raw/deepfashion/img/Different_Tee/img_00000037.jpg,top
img/Slub_Knit_Racerback_Tank/img_00000029.jpg,17,val,data/raw/deepfashion/img/Slub_Knit_Racerback_Tank/img_00000029.jpg,top
img/Faux_Shearling_Collar_Marled_Jacket/img_00000036.jpg,11,val,data/raw/deepfashion/img/Faux_Shearling_Collar_Marled_Jacket/img_00000036.jpg,top
img/Crepe_Henley_Blouse/img_00000007.jpg,3,val,data/raw/deepfashion/img/Crepe_Henley_Blouse/img_00000007.jpg,top
img/Floral_Lace_Blouse/img_00000094.jpg,3,val,data/raw/deepfashion/img/Floral_Lace_Blouse/img_00000094.jpg,top
img/High-Neck_Sheer_Blouse/img_00000027.jpg,3,val,data/raw/deepfashion/img/High-Neck_Sheer_Blouse/img_00000027.jpg,top
img/Dropped_Hem_Muscle_Tee/img_00000045.jpg,18,val,data/raw/deepfashion/img/Dropped_Hem_Muscle_Tee/img_00000045.jpg,top
img/Dallas_Denim_Jacket/img_00000017.jpg,11,val,data/raw/deepfashion/img/Dallas_Denim_Jacket/img_00000017.jpg,top
img/Bow_Back_Striped_Top/img_00000058.jpg,19,val,data/raw/deepfashion/img/Bow_Back_Striped_Top/img_00000058.jpg,top
img/Longline_Crinkled_Blouse/img_00000065.jpg,3,val,data/raw/deepfashion/img/Longline_Crinkled_Blouse/img_00000065.jpg,top
img/Dotted_Stripes_Tank/img_00000035.jpg,17,val,data/raw/deepfashion/img/Dotted_Stripes_Tank/img_00000035.jpg,top
img/Things_I_Love_Tee/img_00000003.jpg,18,val,data/raw/deepfashion/img/Things_I_Love_Tee/img_00000003.jpg,top
img/Fitted_V-Neck_Tee/img_00000023.jpg,18,val,data/raw/deepfashion/img/Fitted_V-Neck_Tee/img_00000023.jpg,top
img/Striped_Knit_Tee/img_00000012.jpg,18,val,data/raw/deepfashion/img/Striped_Knit_Tee/img_00000012.jpg,top
img/Curved_Hem_Racerback_Tank/img_00000043.jpg,17,val,data/raw/deepfashion/img/Curved_Hem_Racerback_Tank/img_00000043.jpg,top
img/Destroyed_Acid_Wash_Denim_Jacket/img_00000022.jpg,11,val,data/raw/deepfashion/img/Destroyed_Acid_Wash_Denim_Jacket/img_00000022.jpg,top
img/Arrow-Printed_Tee/img_00000052.jpg,18,val,data/raw/deepfashion/img/Arrow-Printed_Tee/img_00000052.jpg,top
img/Southwestern-Patterned_Maxi_Cardigan/img_00000012.jpg,6,val,data/raw/deepfashion/img/Southwestern-Patterned_Maxi_Cardigan/img_00000012.jpg,top
img/Essential_Knit_Tank/img_00000008.jpg,17,val,data/raw/deepfashion/img/Essential_Knit_Tank/img_00000008.jpg,top
img/Chevron_Pattern_Cardigan/img_00000048.jpg,6,val,data/raw/deepfashion/img/Chevron_Pattern_Cardigan/img_00000048.jpg,top
img/Scoop_Neck_Tank/img_00000030.jpg,17,val,data/raw/deepfashion/img/Scoop_Neck_Tank/img_00000030.jpg,top
img/Buttoned_Baseball_Tee/img_00000045.jpg,18,val,data/raw/deepfashion/img/Buttoned_Baseball_Tee/img_00000045.jpg,top
img/Heart_Printed_Tie-Neck_Blouse/img_00000108.jpg,3,val,data/raw/deepfashion/img/Heart_Printed_Tie-Neck_Blouse/img_00000108.jpg,top
img/Raglan_Pocket_Tee/img_00000051.jpg,18,val,data/raw/deepfashion/img/Raglan_Pocket_Tee/img_00000051.jpg,top
img/Buttoned_Collarless_Blouse/img_00000081.jpg,3,val,data/raw/deepfashion/img/Buttoned_Collarless_Blouse/img_00000081.jpg,top
img/I_Am_The_Boss_Tee/img_00000038.jpg,18,val,data/raw/deepfashion/img/I_Am_The_Boss_Tee/img_00000038.jpg,top
img/Surfer_Girls_Tee/img_00000031.jpg,18,val,data/raw/deepfashion/img/Surfer_Girls_Tee/img_00000031.jpg,top
img/Metallic_California_Burnout_Tank/img_00000013.jpg,17,val,data/raw/deepfashion/img/Metallic_California_Burnout_Tank/img_00000013.jpg,top
img/Elephant_Print_Pocket_Tank/img_00000018.jpg,17,val,data/raw/deepfashion/img/Elephant_Print_Pocket_Tank/img_00000018.jpg,top
img/Boxy_Floral_Pocket_Tee/img_00000017.jpg,18,val,data/raw/deepfashion/img/Boxy_Floral_Pocket_Tee/img_00000017.jpg,top
img/Abstract_Striped_Muscle_Tee/img_00000018.jpg,18,val,data/raw/deepfashion/img/Abstract_Striped_Muscle_Tee/img_00000018.jpg,top
img/Dotted_Ruffle_Blouse/img_00000012.jpg,3,val,data/raw/deepfashion/img/Dotted_Ruffle_Blouse/img_00000012.jpg,top
img/Control_Sector_Shard_Print_Tee/img_00000018.jpg,18,val,data/raw/deepfashion/img/Control_Sector_Shard_Print_Tee/img_00000018.jpg,top
img/Ribbed_Trapeze_Tee/img_00000014.jpg,18,val,data/raw/deepfashion/img/Ribbed_Trapeze_Tee/img_00000014.jpg,top
img/Heathered_Chiffon-Paneled_Tee/img_00000009.jpg,18,val,data/raw/deepfashion/img/Heathered_Chiffon-Paneled_Tee/img_00000009.jpg,top
img/Longline_Faux_Fur_Jacket/img_00000067.jpg,11,val,data/raw/deepfashion/img/Longline_Faux_Fur_Jacket/img_00000067.jpg,top
img/Pleated_Peasant_Blouse/img_00000045.jpg,3,val,data/raw/deepfashion/img/Pleated_Peasant_Blouse/img_00000045.jpg,top
